$date
	Sun May 24 10:59:33 2026
$end
$version
	Icarus Verilog
$end
$timescale
	1ps
$end
$scope module dma_tb $end
$var wire 1 ! PREADY $end
$var wire 1 " irq $end
$var wire 1 # check $end
$var wire 32 $ PRDATA [31:0] $end
$var wire 1 % HWRITE $end
$var wire 32 & HWDATA [31:0] $end
$var wire 2 ' HTRANS [1:0] $end
$var wire 1 ( HBUSREQ $end
$var wire 32 ) HADDR [31:0] $end
$var reg 1 * HCLK $end
$var reg 1 + HGRANT $end
$var reg 32 , HRDATA [31:0] $end
$var reg 1 - HREADY $end
$var reg 1 . HRESETN $end
$var reg 32 / PADDR [31:0] $end
$var reg 1 0 PCLK $end
$var reg 1 1 PENABLE $end
$var reg 1 2 PRESETN $end
$var reg 1 3 PSEL $end
$var reg 32 4 PWDATA [31:0] $end
$var reg 1 5 PWRITE $end
$var reg 3 6 prev_state [2:0] $end
$var reg 32 7 rd_val [31:0] $end
$var integer 32 8 busreq_cnt [31:0] $end
$var integer 32 9 fail [31:0] $end
$var integer 32 : i [31:0] $end
$var integer 32 ; pass [31:0] $end
$var integer 32 < timeout [31:0] $end
$scope module dut $end
$var wire 1 * HCLK $end
$var wire 1 + HGRANT $end
$var wire 32 = HRDATA [31:0] $end
$var wire 1 - HREADY $end
$var wire 1 . HRESETN $end
$var wire 32 > PADDR [31:0] $end
$var wire 1 0 PCLK $end
$var wire 1 1 PENABLE $end
$var wire 1 ! PREADY $end
$var wire 1 2 PRESETN $end
$var wire 1 3 PSEL $end
$var wire 32 ? PWDATA [31:0] $end
$var wire 1 5 PWRITE $end
$var reg 32 @ HADDR [31:0] $end
$var reg 1 ( HBUSREQ $end
$var reg 2 A HTRANS [1:0] $end
$var reg 32 B HWDATA [31:0] $end
$var reg 1 % HWRITE $end
$var reg 32 C PRDATA [31:0] $end
$var reg 1 # check $end
$var reg 32 D ctrl_reg [31:0] $end
$var reg 3 E current_state [2:0] $end
$var reg 32 F data_buf [31:0] $end
$var reg 32 G dst_addr_reg [31:0] $end
$var reg 32 H dst_ptr [31:0] $end
$var reg 1 " irq $end
$var reg 32 I jump [31:0] $end
$var reg 32 J len_cnt [31:0] $end
$var reg 32 K len_reg [31:0] $end
$var reg 3 L next_state [2:0] $end
$var reg 32 M src_addr_reg [31:0] $end
$var reg 32 N src_ptr [31:0] $end
$upscope $end
$scope begin waiter $end
$upscope $end
$scope task apb_read $end
$var reg 32 O addr [31:0] $end
$var reg 32 P rdata [31:0] $end
$upscope $end
$scope task apb_write $end
$var reg 32 Q addr [31:0] $end
$var reg 32 R data [31:0] $end
$upscope $end
$scope task check_transfer $end
$var reg 32 S dst_base_word [31:0] $end
$var reg 32 T n_words [31:0] $end
$var reg 32 U src_base_word [31:0] $end
$var integer 32 V j [31:0] $end
$upscope $end
$upscope $end
$enddefinitions $end
#0
$dumpvars
bx V
bx U
bx T
bx S
bx R
bx Q
bx P
bx O
b0 N
b0 M
b0 L
b0 K
b0 J
b1 I
b0 H
b0 G
bx F
b0 E
b0 D
bx C
b0 B
b0 A
b0 @
b0 ?
b0 >
b0 =
b0 <
bx ;
b100000000 :
bx 9
b0 8
bx 7
b111 6
05
b0 4
03
02
01
00
b0 /
0.
1-
b0 ,
0+
0*
b0 )
0(
b0 '
b0 &
0%
bx $
x#
0"
1!
$end
#5000
b0 6
b1 <
1*
10
#10000
0*
00
#15000
b10 <
1*
10
#20000
0*
00
#25000
b11 <
1*
10
#30000
0*
00
#35000
1.
12
b100 <
1*
10
#40000
0*
00
#45000
b101 <
1*
10
#50000
0*
00
#55000
b0 R
b0 Q
b110 <
1*
10
#60000
0*
00
#65000
b111 <
1*
10
#66000
15
13
#70000
0*
00
#75000
b1000 <
1*
10
#76000
11
#80000
0*
00
#85000
b1001 <
1*
10
#86000
b1000000000 R
b100 Q
05
01
03
#90000
0*
00
#95000
b1010 <
1*
10
#96000
b1000000000 4
b1000000000 ?
b100 /
b100 >
15
13
#100000
0*
00
#105000
b1011 <
1*
10
#106000
11
#110000
0*
00
#115000
b1000000000 G
b1100 <
1*
10
#116000
b100 R
b1000 Q
05
01
03
#120000
0*
00
#125000
b1101 <
1*
10
#126000
b100 4
b100 ?
b1000 /
b1000 >
15
13
#130000
0*
00
#135000
b1110 <
1*
10
#136000
11
#140000
0*
00
#145000
b100 K
b1111 <
1*
10
#146000
b1 R
b1100 Q
05
01
03
#150000
0*
00
#155000
b10000 <
1*
10
#156000
b1 4
b1 ?
b1100 /
b1100 >
15
13
#160000
0*
00
#165000
b10001 <
1*
10
#166000
11
#170000
0*
00
#175000
b1 L
b1 D
b10010 <
1*
10
#176000
05
01
03
#180000
0*
00
#185000
1(
b100 J
b1000000000 H
b1 E
b10011 <
1*
10
#190000
0*
00
#195000
b1 6
b1 8
b10100 <
1*
10
#200000
0*
00
#205000
b10 L
1+
b10 8
b10101 <
1*
10
#210000
0*
00
#215000
b10 '
b10 A
b100 L
b10 E
b11 8
b10110 <
1*
10
#220000
0*
00
#225000
1%
b1000000000 )
b1000000000 @
b101 L
b100 E
b10100000000000000000000000000000 ,
b10100000000000000000000000000000 =
b100 8
b10 6
b10111 <
1*
10
#230000
0*
00
#235000
b10 L
b0 '
b0 A
0(
b101 E
b1 N
b10100000000000000000000000000000 F
b100 6
b101 8
b11000 <
1*
10
#240000
0*
00
#245000
1(
b100 L
b11 J
b1000000001 H
b10100000000000000000000000000000 &
b10100000000000000000000000000000 B
1#
b10 E
b0 ,
b0 =
b0 8
0+
b101 6
b11001 <
1*
10
#250000
0*
00
#255000
b10 '
b10 A
b1000000001 )
b1000000001 @
b101 L
b100 E
b10 6
b1 8
b11010 <
1*
10
#260000
0*
00
#265000
b0 '
b0 A
0(
b10 L
b10 N
b0 F
b101 E
1+
b10 8
b100 6
b11011 <
1*
10
#270000
0*
00
#275000
1(
b100 L
b10 E
b10 J
b1000000010 H
b0 &
b0 B
b101 6
b0 8
0+
b11100 <
1*
10
#280000
0*
00
#285000
b10 '
b10 A
b1000000010 )
b1000000010 @
b101 L
b100 E
b1 8
b10 6
b11101 <
1*
10
#290000
0*
00
#295000
b0 '
b0 A
0(
b10 L
b101 E
b11 N
b100 6
1+
b10 8
b11110 <
1*
10
#300000
0*
00
#305000
1(
b100 L
b1 J
b1000000011 H
b10 E
b0 8
0+
b101 6
b11111 <
1*
10
#310000
0*
00
#315000
b10 '
b10 A
b1000000011 )
b1000000011 @
b101 L
b100 E
b10 6
b1 8
b100000 <
1*
10
#320000
0*
00
#325000
b0 '
b0 A
0(
b110 L
b100 N
b101 E
1+
b10 8
b100 6
b100001 <
1*
10
#330000
0*
00
#335000
b0 L
b110 E
b0 J
b1000000100 H
b101 6
b0 8
0+
b100010 <
1*
10
#340000
0*
00
#345000
b1 L
1"
b0 E
b110 6
b100011 <
1*
10
#350000
0*
00
#355000
1(
b1 E
b100 J
b1000000000 H
b0 N
b0 6
b100100 <
1*
10
#360000
0*
00
#365000
b1 8
b1 6
b10000 O
b100101 <
1*
10
#370000
0*
00
#375000
b10 L
1+
b10 8
b100110 <
1*
10
#376000
b10000 /
b10000 >
13
#380000
0*
00
#385000
0%
b10 '
b10 A
b0 )
b0 @
b100 L
b10 E
b11 8
b100111 <
1*
10
#386000
11
#390000
0*
00
#395000
1%
b1000000000 )
b1000000000 @
b101 L
b100 E
b10 6
b100 8
b10100000000000000000000000000000 ,
b10100000000000000000000000000000 =
b101000 <
1*
10
#396000
b10100 Q
b100 V
b100 9
b0 ;
b10000000 S
b0 U
b100 T
01
03
#400000
0*
00
#405000
b0 '
b0 A
0(
b10 L
b1 N
b10100000000000000000000000000000 F
b101 E
b101 8
b100 6
b101001 <
1*
10
#406000
b10100 /
b10100 >
15
13
#410000
0*
00
#415000
1(
b100 L
b10 E
b11 J
b1000000001 H
b10100000000000000000000000000000 &
b10100000000000000000000000000000 B
b101 6
b0 8
0+
b0 ,
b0 =
b101010 <
1*
10
#416000
11
#420000
0*
00
#425000
b10 '
b10 A
b1000000001 )
b1000000001 @
b101 L
b100 E
b1 8
b10 6
b101011 <
1*
10
#426000
05
01
03
#430000
0*
00
#435000
b0 '
b0 A
0(
b10 L
b101 E
b10 N
b0 F
b100 6
1+
b10 8
b101100 <
1*
10
#440000
0*
00
#445000
1(
b100 L
b10 J
b1000000010 H
b0 &
b0 B
b10 E
b0 8
0+
b101 6
b10000 R
b0 Q
b101101 <
1*
10
#450000
0*
00
#455000
b10 '
b10 A
b1000000010 )
b1000000010 @
b101 L
b100 E
b10 6
b1 8
b101110 <
1*
10
#456000
b10000 4
b10000 ?
b0 /
b0 >
15
13
#460000
0*
00
#465000
b0 '
b0 A
0(
b10 L
b11 N
b101 E
1+
b10 8
b100 6
b101111 <
1*
10
#466000
11
#470000
0*
00
#475000
1(
b100 L
b10 E
b1 J
b1000000011 H
b101 6
b0 8
0+
b10000 M
b110000 <
1*
10
#476000
b1000010000 R
b100 Q
05
01
03
#480000
0*
00
#485000
b10 '
b10 A
b1000000011 )
b1000000011 @
b101 L
b100 E
b1 8
b10 6
b110001 <
1*
10
#486000
b1000010000 4
b1000010000 ?
b100 /
b100 >
15
13
#490000
0*
00
#495000
b0 '
b0 A
0(
b110 L
b101 E
b100 N
b100 6
1+
b10 8
b110010 <
1*
10
#496000
11
#500000
0*
00
#505000
b0 L
b0 J
b1000000100 H
b110 E
b0 8
0+
b101 6
b1000010000 G
b110011 <
1*
10
#506000
b1 R
b1000 Q
05
01
03
#510000
0*
00
#515000
b1 L
b0 E
b110 6
b110100 <
1*
10
#516000
b1 4
b1 ?
b1000 /
b1000 >
15
13
#520000
0*
00
#525000
1(
b100 J
b1000010000 H
b10000 N
b1 E
b0 6
b110101 <
1*
10
#526000
11
#530000
0*
00
#535000
b1 6
b1 8
b1 K
b110110 <
1*
10
#536000
b1100 Q
05
01
03
#540000
0*
00
#545000
b10 L
1+
b10 8
b110111 <
1*
10
#546000
b1100 /
b1100 >
15
13
#550000
0*
00
#555000
0%
b10 '
b10 A
b10000 )
b10000 @
b100 L
b10 E
b11 8
b111000 <
1*
10
#556000
11
#560000
0*
00
#565000
1%
b1000010000 )
b1000010000 @
b101 L
b100 E
b10100000000000000000000000000100 ,
b10100000000000000000000000000100 =
b100 8
b10 6
b111001 <
1*
10
#566000
05
01
03
#570000
0*
00
#575000
b10 L
b0 '
b0 A
0(
b101 E
b10001 N
b10100000000000000000000000000100 F
b100 6
b101 8
b111010 <
1*
10
#580000
0*
00
#585000
1(
b100 L
b11 J
b1000010001 H
b10100000000000000000000000000100 &
b10100000000000000000000000000100 B
b10 E
b0 ,
b0 =
b0 8
0+
b101 6
b111011 <
1*
10
#590000
0*
00
#595000
b10 '
b10 A
b1000010001 )
b1000010001 @
b101 L
b100 E
b10 6
b1 8
b111100 <
1*
10
#600000
0*
00
#605000
b0 '
b0 A
0(
b10 L
b10010 N
b0 F
b101 E
1+
b10 8
b100 6
b111101 <
1*
10
#610000
0*
00
#615000
1(
b100 L
b10 E
b10 J
b1000010010 H
b0 &
b0 B
b101 6
b0 8
0+
b111110 <
1*
10
#620000
0*
00
#625000
b10 '
b10 A
b1000010010 )
b1000010010 @
b101 L
b100 E
b1 8
b10 6
b111111 <
1*
10
#630000
0*
00
#635000
b0 '
b0 A
0(
b10 L
b101 E
b10011 N
b100 6
1+
b10 8
b1000000 <
1*
10
#640000
0*
00
#645000
1(
b100 L
b1 J
b1000010011 H
b10 E
b0 8
0+
b101 6
b1000001 <
1*
10
#650000
0*
00
#655000
b10 '
b10 A
b1000010011 )
b1000010011 @
b101 L
b100 E
b10 6
b1 8
b1000010 <
1*
10
#660000
0*
00
#665000
b0 '
b0 A
0(
b110 L
b10100 N
b101 E
1+
b10 8
b100 6
b1000011 <
1*
10
#670000
0*
00
#675000
b0 L
b110 E
b0 J
b1000010100 H
b101 6
b0 8
0+
b1000100 <
1*
10
#680000
0*
00
#685000
b1 L
b0 E
b110 6
b1000101 <
1*
10
#690000
0*
00
#695000
1(
b1 E
b1 J
b1000010000 H
b10000 N
b0 6
b1000110 <
1*
10
#700000
0*
00
#705000
b1 8
b1 6
b1000111 <
1*
10
#710000
0*
00
#715000
b10 L
1+
b10 8
b1001000 <
1*
10
#720000
0*
00
#725000
0%
b10 '
b10 A
b10000 )
b10000 @
b100 L
b10 E
b11 8
b1001001 <
1*
10
#730000
0*
00
#735000
1%
b1000010000 )
b1000010000 @
b101 L
b100 E
b10 6
b100 8
b10100000000000000000000000000100 ,
b10100000000000000000000000000100 =
b1001010 <
1*
10
#740000
0*
00
#745000
b0 '
b0 A
0(
b110 L
b10001 N
b10100000000000000000000000000100 F
b101 E
b101 8
b100 6
b1001011 <
1*
10
#750000
0*
00
#755000
b0 L
b110 E
b0 J
b1000010001 H
b10100000000000000000000000000100 &
b10100000000000000000000000000100 B
b101 6
b0 8
0+
b0 ,
b0 =
b1001100 <
1*
10
#760000
0*
00
#765000
b1 L
b0 E
b110 6
b1001101 <
1*
10
#770000
0*
00
#775000
1(
b1 E
b1 J
b1000010000 H
b10000 N
b0 6
b1001110 <
1*
10
#780000
0*
00
#785000
b1 8
b1 6
b1001111 <
1*
10
#790000
0*
00
#795000
b10 L
1+
b10 8
b1010000 <
1*
10
#800000
0*
00
#805000
0%
b10 '
b10 A
b10000 )
b10000 @
b100 L
b10 E
b11 8
b1010001 <
1*
10
#810000
0*
00
#815000
1%
b1000010000 )
b1000010000 @
b101 L
b100 E
b10 6
b100 8
b10100000000000000000000000000100 ,
b10100000000000000000000000000100 =
b1010010 <
1*
10
#820000
0*
00
#825000
b0 '
b0 A
0(
b110 L
b10001 N
b101 E
b101 8
b100 6
b1010011 <
1*
10
#830000
0*
00
#835000
b0 L
b110 E
b0 J
b1000010001 H
b101 6
b0 8
0+
b0 ,
b0 =
b1010100 <
1*
10
#840000
0*
00
#845000
b1 L
b0 E
b110 6
b1010101 <
1*
10
#850000
0*
00
#855000
1(
b1 E
b1 J
b1000010000 H
b10000 N
b0 6
b1010110 <
1*
10
#860000
0*
00
#865000
b1 8
b1 6
b1010111 <
1*
10
#870000
0*
00
#875000
b10 L
1+
b10 8
b1011000 <
1*
10
#880000
0*
00
#885000
0%
b10 '
b10 A
b10000 )
b10000 @
b100 L
b10 E
b11 8
b1011001 <
1*
10
#890000
0*
00
#895000
1%
b1000010000 )
b1000010000 @
b101 L
b100 E
b10 6
b100 8
b10100000000000000000000000000100 ,
b10100000000000000000000000000100 =
b1011010 <
1*
10
#900000
0*
00
#905000
b0 '
b0 A
0(
b110 L
b10001 N
b101 E
b101 8
b100 6
b1011011 <
1*
10
#910000
0*
00
#915000
b0 L
b110 E
b0 J
b1000010001 H
b101 6
b0 8
0+
b0 ,
b0 =
b1011100 <
1*
10
#920000
0*
00
#925000
b1 L
b0 E
b110 6
b1011101 <
1*
10
#930000
0*
00
#935000
1(
b1 E
b1 J
b1000010000 H
b10000 N
b0 6
b1011110 <
1*
10
#940000
0*
00
#945000
b1 8
b1 6
b1011111 <
1*
10
#950000
0*
00
#955000
b10 L
1+
b10 8
b1100000 <
1*
10
#960000
0*
00
#965000
0%
b10 '
b10 A
b10000 )
b10000 @
b100 L
b10 E
b11 8
b1100001 <
1*
10
#970000
0*
00
#975000
1%
b1000010000 )
b1000010000 @
b101 L
b100 E
b10 6
b100 8
b10100000000000000000000000000100 ,
b10100000000000000000000000000100 =
b1100010 <
1*
10
#980000
0*
00
#985000
b0 '
b0 A
0(
b110 L
b10001 N
b101 E
b101 8
b100 6
b1100011 <
1*
10
#990000
0*
00
#995000
b0 L
b110 E
b0 J
b1000010001 H
b101 6
b0 8
0+
b0 ,
b0 =
b1100100 <
1*
10
#1000000
0*
00
#1005000
b1 L
b0 E
b110 6
b1100101 <
1*
10
#1010000
0*
00
#1015000
1(
b1 E
b1 J
b1000010000 H
b10000 N
b0 6
b1100110 <
1*
10
#1020000
0*
00
#1025000
b1 8
b1 6
b1100111 <
1*
10
#1030000
0*
00
#1035000
b10 L
1+
b10 8
b1101000 <
1*
10
#1040000
0*
00
#1045000
0%
b10 '
b10 A
b10000 )
b10000 @
b100 L
b10 E
b11 8
b1101001 <
1*
10
#1050000
0*
00
#1055000
1%
b1000010000 )
b1000010000 @
b101 L
b100 E
b10 6
b100 8
b10100000000000000000000000000100 ,
b10100000000000000000000000000100 =
b1101010 <
1*
10
#1060000
0*
00
#1065000
b0 '
b0 A
0(
b110 L
b10001 N
b101 E
b101 8
b100 6
b1101011 <
1*
10
#1070000
0*
00
#1075000
b0 L
b110 E
b0 J
b1000010001 H
b101 6
b0 8
0+
b0 ,
b0 =
b1101100 <
1*
10
#1080000
0*
00
#1085000
b1 L
b0 E
b110 6
b1101101 <
1*
10
#1090000
0*
00
#1095000
1(
b1 E
b1 J
b1000010000 H
b10000 N
b0 6
b1101110 <
1*
10
#1100000
0*
00
#1105000
b1 8
b1 6
b1101111 <
1*
10
#1110000
0*
00
#1115000
b10 L
1+
b10 8
b1110000 <
1*
10
#1120000
0*
00
#1125000
0%
b10 '
b10 A
b10000 )
b10000 @
b100 L
b10 E
b11 8
b1110001 <
1*
10
#1130000
0*
00
#1135000
1%
b1000010000 )
b1000010000 @
b101 L
b100 E
b10 6
b100 8
b10100000000000000000000000000100 ,
b10100000000000000000000000000100 =
b1110010 <
1*
10
#1140000
0*
00
#1145000
b0 '
b0 A
0(
b110 L
b10001 N
b101 E
b101 8
b100 6
b1110011 <
1*
10
#1150000
0*
00
#1155000
b0 L
b110 E
b0 J
b1000010001 H
b101 6
b0 8
0+
b0 ,
b0 =
b1110100 <
1*
10
#1160000
0*
00
#1165000
b1 L
b0 E
b110 6
b1110101 <
1*
10
#1170000
0*
00
#1175000
1(
b1 E
b1 J
b1000010000 H
b10000 N
b0 6
b1110110 <
1*
10
#1180000
0*
00
#1185000
b1 8
b1 6
b1110111 <
1*
10
#1190000
0*
00
#1195000
b10 L
1+
b10 8
b1111000 <
1*
10
#1200000
0*
00
#1205000
0%
b10 '
b10 A
b10000 )
b10000 @
b100 L
b10 E
b11 8
b1111001 <
1*
10
#1210000
0*
00
#1215000
1%
b1000010000 )
b1000010000 @
b101 L
b100 E
b10 6
b100 8
b10100000000000000000000000000100 ,
b10100000000000000000000000000100 =
b1111010 <
1*
10
#1220000
0*
00
#1225000
b0 '
b0 A
0(
b110 L
b10001 N
b101 E
b101 8
b100 6
b1111011 <
1*
10
#1230000
0*
00
#1235000
b0 L
b110 E
b0 J
b1000010001 H
b101 6
b0 8
0+
b0 ,
b0 =
b1111100 <
1*
10
#1240000
0*
00
#1245000
b1 L
b0 E
b110 6
b1111101 <
1*
10
#1250000
0*
00
#1255000
1(
b1 E
b1 J
b1000010000 H
b10000 N
b0 6
b1111110 <
1*
10
#1260000
0*
00
#1265000
b1 8
b1 6
b1111111 <
1*
10
#1270000
0*
00
#1275000
b10 L
1+
b10 8
b10000000 <
1*
10
#1280000
0*
00
#1285000
0%
b10 '
b10 A
b10000 )
b10000 @
b100 L
b10 E
b11 8
b10000001 <
1*
10
#1290000
0*
00
#1295000
1%
b1000010000 )
b1000010000 @
b101 L
b100 E
b10 6
b100 8
b10100000000000000000000000000100 ,
b10100000000000000000000000000100 =
b10000010 <
1*
10
#1300000
0*
00
#1305000
b0 '
b0 A
0(
b110 L
b10001 N
b101 E
b101 8
b100 6
b10000011 <
1*
10
#1310000
0*
00
#1315000
b0 L
b110 E
b0 J
b1000010001 H
b101 6
b0 8
0+
b0 ,
b0 =
b10000100 <
1*
10
#1320000
0*
00
#1325000
b1 L
b0 E
b110 6
b10000101 <
1*
10
#1330000
0*
00
#1335000
1(
b1 E
b1 J
b1000010000 H
b10000 N
b0 6
b10000110 <
1*
10
#1340000
0*
00
#1345000
b1 8
b1 6
b10000111 <
1*
10
#1350000
0*
00
#1355000
b10 L
1+
b10 8
b10001000 <
1*
10
#1360000
0*
00
#1365000
0%
b10 '
b10 A
b10000 )
b10000 @
b100 L
b10 E
b11 8
b10001001 <
1*
10
#1370000
0*
00
#1375000
1%
b1000010000 )
b1000010000 @
b101 L
b100 E
b10 6
b100 8
b10100000000000000000000000000100 ,
b10100000000000000000000000000100 =
b10001010 <
1*
10
#1380000
0*
00
#1385000
b0 '
b0 A
0(
b110 L
b10001 N
b101 E
b101 8
b100 6
b10001011 <
1*
10
#1390000
0*
00
#1395000
b0 L
b110 E
b0 J
b1000010001 H
b101 6
b0 8
0+
b0 ,
b0 =
b10001100 <
1*
10
#1400000
0*
00
#1405000
b1 L
b0 E
b110 6
b10001101 <
1*
10
#1410000
0*
00
#1415000
1(
b1 E
b1 J
b1000010000 H
b10000 N
b0 6
b10001110 <
1*
10
#1420000
0*
00
#1425000
b1 8
b1 6
b10001111 <
1*
10
#1430000
0*
00
#1435000
b10 L
1+
b10 8
b10010000 <
1*
10
#1440000
0*
00
#1445000
0%
b10 '
b10 A
b10000 )
b10000 @
b100 L
b10 E
b11 8
b10010001 <
1*
10
#1450000
0*
00
#1455000
1%
b1000010000 )
b1000010000 @
b101 L
b100 E
b10 6
b100 8
b10100000000000000000000000000100 ,
b10100000000000000000000000000100 =
b10010010 <
1*
10
#1460000
0*
00
#1465000
b0 '
b0 A
0(
b110 L
b10001 N
b101 E
b101 8
b100 6
b10010011 <
1*
10
#1470000
0*
00
#1475000
b0 L
b110 E
b0 J
b1000010001 H
b101 6
b0 8
0+
b0 ,
b0 =
b10010100 <
1*
10
#1480000
0*
00
#1485000
b1 L
b0 E
b110 6
b10010101 <
1*
10
#1490000
0*
00
#1495000
1(
b1 E
b1 J
b1000010000 H
b10000 N
b0 6
b10010110 <
1*
10
#1500000
0*
00
#1505000
b1 8
b1 6
b10010111 <
1*
10
#1510000
0*
00
#1515000
b10 L
1+
b10 8
b10011000 <
1*
10
#1520000
0*
00
#1525000
0%
b10 '
b10 A
b10000 )
b10000 @
b100 L
b10 E
b11 8
b10011001 <
1*
10
#1530000
0*
00
#1535000
1%
b1000010000 )
b1000010000 @
b101 L
b100 E
b10 6
b100 8
b10100000000000000000000000000100 ,
b10100000000000000000000000000100 =
b10011010 <
1*
10
#1540000
0*
00
#1545000
b0 '
b0 A
0(
b110 L
b10001 N
b101 E
b101 8
b100 6
b10011011 <
1*
10
#1550000
0*
00
#1555000
b0 L
b110 E
b0 J
b1000010001 H
b101 6
b0 8
0+
b0 ,
b0 =
b10011100 <
1*
10
#1560000
0*
00
#1565000
b1 L
b0 E
b110 6
b10011101 <
1*
10
#1570000
0*
00
#1575000
1(
b1 E
b1 J
b1000010000 H
b10000 N
b0 6
b10011110 <
1*
10
#1580000
0*
00
#1585000
b1 8
b1 6
b10011111 <
1*
10
#1590000
0*
00
#1595000
b10 L
1+
b10 8
b10100000 <
1*
10
#1600000
0*
00
#1605000
0%
b10 '
b10 A
b10000 )
b10000 @
b100 L
b10 E
b11 8
b10100001 <
1*
10
#1610000
0*
00
#1615000
1%
b1000010000 )
b1000010000 @
b101 L
b100 E
b10 6
b100 8
b10100000000000000000000000000100 ,
b10100000000000000000000000000100 =
b10100010 <
1*
10
#1620000
0*
00
#1625000
b0 '
b0 A
0(
b110 L
b10001 N
b101 E
b101 8
b100 6
b10100011 <
1*
10
#1630000
0*
00
#1635000
b0 L
b110 E
b0 J
b1000010001 H
b101 6
b0 8
0+
b0 ,
b0 =
b10100100 <
1*
10
#1640000
0*
00
#1645000
b1 L
b0 E
b110 6
b10100101 <
1*
10
#1650000
0*
00
#1655000
1(
b1 E
b1 J
b1000010000 H
b10000 N
b0 6
b10100110 <
1*
10
#1660000
0*
00
#1665000
b1 8
b1 6
b10100111 <
1*
10
#1670000
0*
00
#1675000
b10 L
1+
b10 8
b10101000 <
1*
10
#1680000
0*
00
#1685000
0%
b10 '
b10 A
b10000 )
b10000 @
b100 L
b10 E
b11 8
b10101001 <
1*
10
#1690000
0*
00
#1695000
1%
b1000010000 )
b1000010000 @
b101 L
b100 E
b10 6
b100 8
b10100000000000000000000000000100 ,
b10100000000000000000000000000100 =
b10101010 <
1*
10
#1700000
0*
00
#1705000
b0 '
b0 A
0(
b110 L
b10001 N
b101 E
b101 8
b100 6
b10101011 <
1*
10
#1710000
0*
00
#1715000
b0 L
b110 E
b0 J
b1000010001 H
b101 6
b0 8
0+
b0 ,
b0 =
b10101100 <
1*
10
#1720000
0*
00
#1725000
b1 L
b0 E
b110 6
b10101101 <
1*
10
#1730000
0*
00
#1735000
1(
b1 E
b1 J
b1000010000 H
b10000 N
b0 6
b10101110 <
1*
10
#1740000
0*
00
#1745000
b1 8
b1 6
b10101111 <
1*
10
#1750000
0*
00
#1755000
b10 L
1+
b10 8
b10110000 <
1*
10
#1760000
0*
00
#1765000
0%
b10 '
b10 A
b10000 )
b10000 @
b100 L
b10 E
b11 8
b10110001 <
1*
10
#1770000
0*
00
#1775000
1%
b1000010000 )
b1000010000 @
b101 L
b100 E
b10 6
b100 8
b10100000000000000000000000000100 ,
b10100000000000000000000000000100 =
b10110010 <
1*
10
#1780000
0*
00
#1785000
b0 '
b0 A
0(
b110 L
b10001 N
b101 E
b101 8
b100 6
b10110011 <
1*
10
#1790000
0*
00
#1795000
b0 L
b110 E
b0 J
b1000010001 H
b101 6
b0 8
0+
b0 ,
b0 =
b10110100 <
1*
10
#1800000
0*
00
#1805000
b1 L
b0 E
b110 6
b10110101 <
1*
10
#1810000
0*
00
#1815000
1(
b1 E
b1 J
b1000010000 H
b10000 N
b0 6
b10110110 <
1*
10
#1820000
0*
00
#1825000
b1 8
b1 6
b10110111 <
1*
10
#1830000
0*
00
#1835000
b10 L
1+
b10 8
b10111000 <
1*
10
#1840000
0*
00
#1845000
0%
b10 '
b10 A
b10000 )
b10000 @
b100 L
b10 E
b11 8
b10111001 <
1*
10
#1850000
0*
00
#1855000
1%
b1000010000 )
b1000010000 @
b101 L
b100 E
b10 6
b100 8
b10100000000000000000000000000100 ,
b10100000000000000000000000000100 =
b10111010 <
1*
10
#1860000
0*
00
#1865000
b0 '
b0 A
0(
b110 L
b10001 N
b101 E
b101 8
b100 6
b10111011 <
1*
10
#1870000
0*
00
#1875000
b0 L
b110 E
b0 J
b1000010001 H
b101 6
b0 8
0+
b0 ,
b0 =
b10111100 <
1*
10
#1880000
0*
00
#1885000
b1 L
b0 E
b110 6
b10111101 <
1*
10
#1890000
0*
00
#1895000
1(
b1 E
b1 J
b1000010000 H
b10000 N
b0 6
b10111110 <
1*
10
#1900000
0*
00
#1905000
b1 8
b1 6
b10111111 <
1*
10
#1910000
0*
00
#1915000
b10 L
1+
b10 8
b11000000 <
1*
10
#1920000
0*
00
#1925000
0%
b10 '
b10 A
b10000 )
b10000 @
b100 L
b10 E
b11 8
b11000001 <
1*
10
#1930000
0*
00
#1935000
1%
b1000010000 )
b1000010000 @
b101 L
b100 E
b10 6
b100 8
b10100000000000000000000000000100 ,
b10100000000000000000000000000100 =
b11000010 <
1*
10
#1940000
0*
00
#1945000
b0 '
b0 A
0(
b110 L
b10001 N
b101 E
b101 8
b100 6
b11000011 <
1*
10
#1950000
0*
00
#1955000
b0 L
b110 E
b0 J
b1000010001 H
b101 6
b0 8
0+
b0 ,
b0 =
b11000100 <
1*
10
#1960000
0*
00
#1965000
b1 L
b0 E
b110 6
b11000101 <
1*
10
#1970000
0*
00
#1975000
1(
b1 E
b1 J
b1000010000 H
b10000 N
b0 6
b11000110 <
1*
10
#1980000
0*
00
#1985000
b1 8
b1 6
b11000111 <
1*
10
#1990000
0*
00
#1995000
b10 L
1+
b10 8
b11001000 <
1*
10
#2000000
0*
00
#2005000
0%
b10 '
b10 A
b10000 )
b10000 @
b100 L
b10 E
b11 8
b11001001 <
1*
10
#2010000
0*
00
#2015000
1%
b1000010000 )
b1000010000 @
b101 L
b100 E
b10 6
b100 8
b10100000000000000000000000000100 ,
b10100000000000000000000000000100 =
b11001010 <
1*
10
#2020000
0*
00
#2025000
b0 '
b0 A
0(
b110 L
b10001 N
b101 E
b101 8
b100 6
b11001011 <
1*
10
#2030000
0*
00
#2035000
b0 L
b110 E
b0 J
b1000010001 H
b101 6
b0 8
0+
b0 ,
b0 =
b11001100 <
1*
10
#2040000
0*
00
#2045000
b1 L
b0 E
b110 6
b11001101 <
1*
10
#2050000
0*
00
#2055000
1(
b1 E
b1 J
b1000010000 H
b10000 N
b0 6
b11001110 <
1*
10
#2060000
0*
00
#2065000
b1 8
b1 6
b11001111 <
1*
10
#2070000
0*
00
#2075000
b10 L
1+
b10 8
b11010000 <
1*
10
#2080000
0*
00
#2085000
0%
b10 '
b10 A
b10000 )
b10000 @
b100 L
b10 E
b11 8
b11010001 <
1*
10
#2090000
0*
00
#2095000
1%
b1000010000 )
b1000010000 @
b101 L
b100 E
b10 6
b100 8
b10100000000000000000000000000100 ,
b10100000000000000000000000000100 =
b11010010 <
1*
10
#2100000
0*
00
#2105000
b0 '
b0 A
0(
b110 L
b10001 N
b101 E
b101 8
b100 6
b11010011 <
1*
10
#2110000
0*
00
#2115000
b0 L
b110 E
b0 J
b1000010001 H
b101 6
b0 8
0+
b0 ,
b0 =
b11010100 <
1*
10
#2120000
0*
00
#2125000
b1 L
b0 E
b110 6
b11010101 <
1*
10
#2130000
0*
00
#2135000
1(
b1 E
b1 J
b1000010000 H
b10000 N
b0 6
b11010110 <
1*
10
#2140000
0*
00
#2145000
b1 8
b1 6
b11010111 <
1*
10
#2150000
0*
00
#2155000
b10 L
1+
b10 8
b11011000 <
1*
10
#2160000
0*
00
#2165000
0%
b10 '
b10 A
b10000 )
b10000 @
b100 L
b10 E
b11 8
b11011001 <
1*
10
#2170000
0*
00
#2175000
1%
b1000010000 )
b1000010000 @
b101 L
b100 E
b10 6
b100 8
b10100000000000000000000000000100 ,
b10100000000000000000000000000100 =
b11011010 <
1*
10
#2180000
0*
00
#2185000
b0 '
b0 A
0(
b110 L
b10001 N
b101 E
b101 8
b100 6
b11011011 <
1*
10
#2190000
0*
00
#2195000
b0 L
b110 E
b0 J
b1000010001 H
b101 6
b0 8
0+
b0 ,
b0 =
b11011100 <
1*
10
#2200000
0*
00
#2205000
b1 L
b0 E
b110 6
b11011101 <
1*
10
#2210000
0*
00
#2215000
1(
b1 E
b1 J
b1000010000 H
b10000 N
b0 6
b11011110 <
1*
10
#2220000
0*
00
#2225000
b1 8
b1 6
b11011111 <
1*
10
#2230000
0*
00
#2235000
b10 L
1+
b10 8
b11100000 <
1*
10
#2240000
0*
00
#2245000
0%
b10 '
b10 A
b10000 )
b10000 @
b100 L
b10 E
b11 8
b11100001 <
1*
10
#2250000
0*
00
#2255000
1%
b1000010000 )
b1000010000 @
b101 L
b100 E
b10 6
b100 8
b10100000000000000000000000000100 ,
b10100000000000000000000000000100 =
b11100010 <
1*
10
#2260000
0*
00
#2265000
b0 '
b0 A
0(
b110 L
b10001 N
b101 E
b101 8
b100 6
b11100011 <
1*
10
#2270000
0*
00
#2275000
b0 L
b110 E
b0 J
b1000010001 H
b101 6
b0 8
0+
b0 ,
b0 =
b11100100 <
1*
10
#2280000
0*
00
#2285000
b1 L
b0 E
b110 6
b11100101 <
1*
10
#2290000
0*
00
#2295000
1(
b1 E
b1 J
b1000010000 H
b10000 N
b0 6
b11100110 <
1*
10
#2300000
0*
00
#2305000
b1 8
b1 6
b11100111 <
1*
10
#2310000
0*
00
#2315000
b10 L
1+
b10 8
b11101000 <
1*
10
#2320000
0*
00
#2325000
0%
b10 '
b10 A
b10000 )
b10000 @
b100 L
b10 E
b11 8
b11101001 <
1*
10
#2330000
0*
00
#2335000
1%
b1000010000 )
b1000010000 @
b101 L
b100 E
b10 6
b100 8
b10100000000000000000000000000100 ,
b10100000000000000000000000000100 =
b11101010 <
1*
10
#2340000
0*
00
#2345000
b0 '
b0 A
0(
b110 L
b10001 N
b101 E
b101 8
b100 6
b11101011 <
1*
10
#2350000
0*
00
#2355000
b0 L
b110 E
b0 J
b1000010001 H
b101 6
b0 8
0+
b0 ,
b0 =
b11101100 <
1*
10
#2360000
0*
00
#2365000
b1 L
b0 E
b110 6
b11101101 <
1*
10
#2370000
0*
00
#2375000
1(
b1 E
b1 J
b1000010000 H
b10000 N
b0 6
b11101110 <
1*
10
#2380000
0*
00
#2385000
b1 8
b1 6
b11101111 <
1*
10
#2390000
0*
00
#2395000
b10 L
1+
b10 8
b11110000 <
1*
10
#2400000
0*
00
#2405000
0%
b10 '
b10 A
b10000 )
b10000 @
b100 L
b10 E
b11 8
b11110001 <
1*
10
#2410000
0*
00
#2415000
1%
b1000010000 )
b1000010000 @
b101 L
b100 E
b10 6
b100 8
b10100000000000000000000000000100 ,
b10100000000000000000000000000100 =
b11110010 <
1*
10
#2420000
0*
00
#2425000
b0 '
b0 A
0(
b110 L
b10001 N
b101 E
b101 8
b100 6
b11110011 <
1*
10
#2430000
0*
00
#2435000
b0 L
b110 E
b0 J
b1000010001 H
b101 6
b0 8
0+
b0 ,
b0 =
b11110100 <
1*
10
#2440000
0*
00
#2445000
b1 L
b0 E
b110 6
b11110101 <
1*
10
#2450000
0*
00
#2455000
1(
b1 E
b1 J
b1000010000 H
b10000 N
b0 6
b11110110 <
1*
10
#2460000
0*
00
#2465000
b1 8
b1 6
b11110111 <
1*
10
#2470000
0*
00
#2475000
b10 L
1+
b10 8
b11111000 <
1*
10
#2480000
0*
00
#2485000
0%
b10 '
b10 A
b10000 )
b10000 @
b100 L
b10 E
b11 8
b11111001 <
1*
10
#2490000
0*
00
#2495000
1%
b1000010000 )
b1000010000 @
b101 L
b100 E
b10 6
b100 8
b10100000000000000000000000000100 ,
b10100000000000000000000000000100 =
b11111010 <
1*
10
#2500000
0*
00
#2505000
b0 '
b0 A
0(
b110 L
b10001 N
b101 E
b101 8
b100 6
b11111011 <
1*
10
#2510000
0*
00
#2515000
b0 L
b110 E
b0 J
b1000010001 H
b101 6
b0 8
0+
b0 ,
b0 =
b11111100 <
1*
10
#2520000
0*
00
#2525000
b1 L
b0 E
b110 6
b11111101 <
1*
10
#2530000
0*
00
#2535000
1(
b1 E
b1 J
b1000010000 H
b10000 N
b0 6
b11111110 <
1*
10
#2540000
0*
00
#2545000
b1 8
b1 6
b11111111 <
1*
10
#2550000
0*
00
#2555000
b10 L
1+
b10 8
b100000000 <
1*
10
#2560000
0*
00
#2565000
0%
b10 '
b10 A
b10000 )
b10000 @
b100 L
b10 E
b11 8
b100000001 <
1*
10
#2570000
0*
00
#2575000
1%
b1000010000 )
b1000010000 @
b101 L
b100 E
b10 6
b100 8
b10100000000000000000000000000100 ,
b10100000000000000000000000000100 =
b100000010 <
1*
10
#2580000
0*
00
#2585000
b0 '
b0 A
0(
b110 L
b10001 N
b101 E
b101 8
b100 6
b100000011 <
1*
10
#2590000
0*
00
#2595000
b0 L
b110 E
b0 J
b1000010001 H
b101 6
b0 8
0+
b0 ,
b0 =
b100000100 <
1*
10
#2600000
0*
00
#2605000
b1 L
b0 E
b110 6
b100000101 <
1*
10
#2610000
0*
00
#2615000
1(
b1 E
b1 J
b1000010000 H
b10000 N
b0 6
b100000110 <
1*
10
#2620000
0*
00
#2625000
b1 8
b1 6
b100000111 <
1*
10
#2630000
0*
00
#2635000
b10 L
1+
b10 8
b100001000 <
1*
10
#2640000
0*
00
#2645000
0%
b10 '
b10 A
b10000 )
b10000 @
b100 L
b10 E
b11 8
b100001001 <
1*
10
#2650000
0*
00
#2655000
1%
b1000010000 )
b1000010000 @
b101 L
b100 E
b10 6
b100 8
b10100000000000000000000000000100 ,
b10100000000000000000000000000100 =
b100001010 <
1*
10
#2660000
0*
00
#2665000
b0 '
b0 A
0(
b110 L
b10001 N
b101 E
b101 8
b100 6
b100001011 <
1*
10
#2670000
0*
00
#2675000
b0 L
b110 E
b0 J
b1000010001 H
b101 6
b0 8
0+
b0 ,
b0 =
b100001100 <
1*
10
#2680000
0*
00
#2685000
b1 L
b0 E
b110 6
b100001101 <
1*
10
#2690000
0*
00
#2695000
1(
b1 E
b1 J
b1000010000 H
b10000 N
b0 6
b100001110 <
1*
10
#2700000
0*
00
#2705000
b1 8
b1 6
b100001111 <
1*
10
#2710000
0*
00
#2715000
b10 L
1+
b10 8
b100010000 <
1*
10
#2720000
0*
00
#2725000
0%
b10 '
b10 A
b10000 )
b10000 @
b100 L
b10 E
b11 8
b100010001 <
1*
10
#2730000
0*
00
#2735000
1%
b1000010000 )
b1000010000 @
b101 L
b100 E
b10 6
b100 8
b10100000000000000000000000000100 ,
b10100000000000000000000000000100 =
b100010010 <
1*
10
#2740000
0*
00
#2745000
b0 '
b0 A
0(
b110 L
b10001 N
b101 E
b101 8
b100 6
b100010011 <
1*
10
#2750000
0*
00
#2755000
b0 L
b110 E
b0 J
b1000010001 H
b101 6
b0 8
0+
b0 ,
b0 =
b100010100 <
1*
10
#2760000
0*
00
#2765000
b1 L
b0 E
b110 6
b100010101 <
1*
10
#2770000
0*
00
#2775000
1(
b1 E
b1 J
b1000010000 H
b10000 N
b0 6
b100010110 <
1*
10
#2780000
0*
00
#2785000
b1 8
b1 6
b100010111 <
1*
10
#2790000
0*
00
#2795000
b10 L
1+
b10 8
b100011000 <
1*
10
#2800000
0*
00
#2805000
0%
b10 '
b10 A
b10000 )
b10000 @
b100 L
b10 E
b11 8
b100011001 <
1*
10
#2810000
0*
00
#2815000
1%
b1000010000 )
b1000010000 @
b101 L
b100 E
b10 6
b100 8
b10100000000000000000000000000100 ,
b10100000000000000000000000000100 =
b100011010 <
1*
10
#2820000
0*
00
#2825000
b0 '
b0 A
0(
b110 L
b10001 N
b101 E
b101 8
b100 6
b100011011 <
1*
10
#2830000
0*
00
#2835000
b0 L
b110 E
b0 J
b1000010001 H
b101 6
b0 8
0+
b0 ,
b0 =
b100011100 <
1*
10
#2840000
0*
00
#2845000
b1 L
b0 E
b110 6
b100011101 <
1*
10
#2850000
0*
00
#2855000
1(
b1 E
b1 J
b1000010000 H
b10000 N
b0 6
b100011110 <
1*
10
#2860000
0*
00
#2865000
b1 8
b1 6
b100011111 <
1*
10
#2870000
0*
00
#2875000
b10 L
1+
b10 8
b100100000 <
1*
10
#2880000
0*
00
#2885000
0%
b10 '
b10 A
b10000 )
b10000 @
b100 L
b10 E
b11 8
b100100001 <
1*
10
#2890000
0*
00
#2895000
1%
b1000010000 )
b1000010000 @
b101 L
b100 E
b10 6
b100 8
b10100000000000000000000000000100 ,
b10100000000000000000000000000100 =
b100100010 <
1*
10
#2900000
0*
00
#2905000
b0 '
b0 A
0(
b110 L
b10001 N
b101 E
b101 8
b100 6
b100100011 <
1*
10
#2910000
0*
00
#2915000
b0 L
b110 E
b0 J
b1000010001 H
b101 6
b0 8
0+
b0 ,
b0 =
b100100100 <
1*
10
#2920000
0*
00
#2925000
b1 L
b0 E
b110 6
b100100101 <
1*
10
#2930000
0*
00
#2935000
1(
b1 E
b1 J
b1000010000 H
b10000 N
b0 6
b100100110 <
1*
10
#2940000
0*
00
#2945000
b1 8
b1 6
b100100111 <
1*
10
#2950000
0*
00
#2955000
b10 L
1+
b10 8
b100101000 <
1*
10
#2960000
0*
00
#2965000
0%
b10 '
b10 A
b10000 )
b10000 @
b100 L
b10 E
b11 8
b100101001 <
1*
10
#2970000
0*
00
#2975000
1%
b1000010000 )
b1000010000 @
b101 L
b100 E
b10 6
b100 8
b10100000000000000000000000000100 ,
b10100000000000000000000000000100 =
b100101010 <
1*
10
#2980000
0*
00
#2985000
b0 '
b0 A
0(
b110 L
b10001 N
b101 E
b101 8
b100 6
b100101011 <
1*
10
#2990000
0*
00
#2995000
b0 L
b110 E
b0 J
b1000010001 H
b101 6
b0 8
0+
b0 ,
b0 =
b100101100 <
1*
10
#3000000
0*
00
#3005000
b1 L
b0 E
b110 6
b100101101 <
1*
10
#3010000
0*
00
#3015000
1(
b1 E
b1 J
b1000010000 H
b10000 N
b0 6
b100101110 <
1*
10
#3020000
0*
00
#3025000
b1 8
b1 6
b100101111 <
1*
10
#3030000
0*
00
#3035000
b10 L
1+
b10 8
b100110000 <
1*
10
#3040000
0*
00
#3045000
0%
b10 '
b10 A
b10000 )
b10000 @
b100 L
b10 E
b11 8
b100110001 <
1*
10
#3050000
0*
00
#3055000
1%
b1000010000 )
b1000010000 @
b101 L
b100 E
b10 6
b100 8
b10100000000000000000000000000100 ,
b10100000000000000000000000000100 =
b100110010 <
1*
10
#3060000
0*
00
#3065000
b0 '
b0 A
0(
b110 L
b10001 N
b101 E
b101 8
b100 6
b100110011 <
1*
10
#3070000
0*
00
#3075000
b0 L
b110 E
b0 J
b1000010001 H
b101 6
b0 8
0+
b0 ,
b0 =
b100110100 <
1*
10
#3080000
0*
00
#3085000
b1 L
b0 E
b110 6
b100110101 <
1*
10
#3090000
0*
00
#3095000
1(
b1 E
b1 J
b1000010000 H
b10000 N
b0 6
b100110110 <
1*
10
#3100000
0*
00
#3105000
b1 8
b1 6
b100110111 <
1*
10
#3110000
0*
00
#3115000
b10 L
1+
b10 8
b100111000 <
1*
10
#3120000
0*
00
#3125000
0%
b10 '
b10 A
b10000 )
b10000 @
b100 L
b10 E
b11 8
b100111001 <
1*
10
#3130000
0*
00
#3135000
1%
b1000010000 )
b1000010000 @
b101 L
b100 E
b10 6
b100 8
b10100000000000000000000000000100 ,
b10100000000000000000000000000100 =
b100111010 <
1*
10
#3140000
0*
00
#3145000
b0 '
b0 A
0(
b110 L
b10001 N
b101 E
b101 8
b100 6
b100111011 <
1*
10
#3150000
0*
00
#3155000
b0 L
b110 E
b0 J
b1000010001 H
b101 6
b0 8
0+
b0 ,
b0 =
b100111100 <
1*
10
#3160000
0*
00
#3165000
b1 L
b0 E
b110 6
b100111101 <
1*
10
#3170000
0*
00
#3175000
1(
b1 E
b1 J
b1000010000 H
b10000 N
b0 6
b100111110 <
1*
10
#3180000
0*
00
#3185000
b1 8
b1 6
b100111111 <
1*
10
#3190000
0*
00
#3195000
b10 L
1+
b10 8
b101000000 <
1*
10
#3200000
0*
00
#3205000
0%
b10 '
b10 A
b10000 )
b10000 @
b100 L
b10 E
b11 8
b101000001 <
1*
10
#3210000
0*
00
#3215000
1%
b1000010000 )
b1000010000 @
b101 L
b100 E
b10 6
b100 8
b10100000000000000000000000000100 ,
b10100000000000000000000000000100 =
b101000010 <
1*
10
#3220000
0*
00
#3225000
b0 '
b0 A
0(
b110 L
b10001 N
b101 E
b101 8
b100 6
b101000011 <
1*
10
#3230000
0*
00
#3235000
b0 L
b110 E
b0 J
b1000010001 H
b101 6
b0 8
0+
b0 ,
b0 =
b101000100 <
1*
10
#3240000
0*
00
#3245000
b1 L
b0 E
b110 6
b101000101 <
1*
10
#3250000
0*
00
#3255000
1(
b1 E
b1 J
b1000010000 H
b10000 N
b0 6
b101000110 <
1*
10
#3260000
0*
00
#3265000
b1 8
b1 6
b101000111 <
1*
10
#3270000
0*
00
#3275000
b10 L
1+
b10 8
b101001000 <
1*
10
#3280000
0*
00
#3285000
0%
b10 '
b10 A
b10000 )
b10000 @
b100 L
b10 E
b11 8
b101001001 <
1*
10
#3290000
0*
00
#3295000
1%
b1000010000 )
b1000010000 @
b101 L
b100 E
b10 6
b100 8
b10100000000000000000000000000100 ,
b10100000000000000000000000000100 =
b101001010 <
1*
10
#3300000
0*
00
#3305000
b0 '
b0 A
0(
b110 L
b10001 N
b101 E
b101 8
b100 6
b101001011 <
1*
10
#3310000
0*
00
#3315000
b0 L
b110 E
b0 J
b1000010001 H
b101 6
b0 8
0+
b0 ,
b0 =
b101001100 <
1*
10
#3320000
0*
00
#3325000
b1 L
b0 E
b110 6
b101001101 <
1*
10
#3330000
0*
00
#3335000
1(
b1 E
b1 J
b1000010000 H
b10000 N
b0 6
b101001110 <
1*
10
#3340000
0*
00
#3345000
b1 8
b1 6
b101001111 <
1*
10
#3350000
0*
00
#3355000
b10 L
1+
b10 8
b101010000 <
1*
10
#3360000
0*
00
#3365000
0%
b10 '
b10 A
b10000 )
b10000 @
b100 L
b10 E
b11 8
b101010001 <
1*
10
#3370000
0*
00
#3375000
1%
b1000010000 )
b1000010000 @
b101 L
b100 E
b10 6
b100 8
b10100000000000000000000000000100 ,
b10100000000000000000000000000100 =
b101010010 <
1*
10
#3380000
0*
00
#3385000
b0 '
b0 A
0(
b110 L
b10001 N
b101 E
b101 8
b100 6
b101010011 <
1*
10
#3390000
0*
00
#3395000
b0 L
b110 E
b0 J
b1000010001 H
b101 6
b0 8
0+
b0 ,
b0 =
b101010100 <
1*
10
#3400000
0*
00
#3405000
b1 L
b0 E
b110 6
b101010101 <
1*
10
#3410000
0*
00
#3415000
1(
b1 E
b1 J
b1000010000 H
b10000 N
b0 6
b101010110 <
1*
10
#3420000
0*
00
#3425000
b1 8
b1 6
b101010111 <
1*
10
#3430000
0*
00
#3435000
b10 L
1+
b10 8
b101011000 <
1*
10
#3440000
0*
00
#3445000
0%
b10 '
b10 A
b10000 )
b10000 @
b100 L
b10 E
b11 8
b101011001 <
1*
10
#3450000
0*
00
#3455000
1%
b1000010000 )
b1000010000 @
b101 L
b100 E
b10 6
b100 8
b10100000000000000000000000000100 ,
b10100000000000000000000000000100 =
b101011010 <
1*
10
#3460000
0*
00
#3465000
b0 '
b0 A
0(
b110 L
b10001 N
b101 E
b101 8
b100 6
b101011011 <
1*
10
#3470000
0*
00
#3475000
b0 L
b110 E
b0 J
b1000010001 H
b101 6
b0 8
0+
b0 ,
b0 =
b101011100 <
1*
10
#3480000
0*
00
#3485000
b1 L
b0 E
b110 6
b101011101 <
1*
10
#3490000
0*
00
#3495000
1(
b1 E
b1 J
b1000010000 H
b10000 N
b0 6
b101011110 <
1*
10
#3500000
0*
00
#3505000
b1 8
b1 6
b101011111 <
1*
10
#3510000
0*
00
#3515000
b10 L
1+
b10 8
b101100000 <
1*
10
#3520000
0*
00
#3525000
0%
b10 '
b10 A
b10000 )
b10000 @
b100 L
b10 E
b11 8
b101100001 <
1*
10
#3530000
0*
00
#3535000
1%
b1000010000 )
b1000010000 @
b101 L
b100 E
b10 6
b100 8
b10100000000000000000000000000100 ,
b10100000000000000000000000000100 =
b101100010 <
1*
10
#3540000
0*
00
#3545000
b0 '
b0 A
0(
b110 L
b10001 N
b101 E
b101 8
b100 6
b101100011 <
1*
10
#3550000
0*
00
#3555000
b0 L
b110 E
b0 J
b1000010001 H
b101 6
b0 8
0+
b0 ,
b0 =
b101100100 <
1*
10
#3560000
0*
00
#3565000
b1 L
b0 E
b110 6
b101100101 <
1*
10
#3570000
0*
00
#3575000
1(
b1 E
b1 J
b1000010000 H
b10000 N
b0 6
b101100110 <
1*
10
#3580000
0*
00
#3585000
b1 8
b1 6
b101100111 <
1*
10
#3590000
0*
00
#3595000
b10 L
1+
b10 8
b101101000 <
1*
10
#3600000
0*
00
#3605000
0%
b10 '
b10 A
b10000 )
b10000 @
b100 L
b10 E
b11 8
b101101001 <
1*
10
#3610000
0*
00
#3615000
1%
b1000010000 )
b1000010000 @
b101 L
b100 E
b10 6
b100 8
b10100000000000000000000000000100 ,
b10100000000000000000000000000100 =
b101101010 <
1*
10
#3620000
0*
00
#3625000
b0 '
b0 A
0(
b110 L
b10001 N
b101 E
b101 8
b100 6
b101101011 <
1*
10
#3630000
0*
00
#3635000
b0 L
b110 E
b0 J
b1000010001 H
b101 6
b0 8
0+
b0 ,
b0 =
b101101100 <
1*
10
#3640000
0*
00
#3645000
b1 L
b0 E
b110 6
b101101101 <
1*
10
#3650000
0*
00
#3655000
1(
b1 E
b1 J
b1000010000 H
b10000 N
b0 6
b101101110 <
1*
10
#3660000
0*
00
#3665000
b1 8
b1 6
b101101111 <
1*
10
#3670000
0*
00
#3675000
b10 L
1+
b10 8
b101110000 <
1*
10
#3680000
0*
00
#3685000
0%
b10 '
b10 A
b10000 )
b10000 @
b100 L
b10 E
b11 8
b101110001 <
1*
10
#3690000
0*
00
#3695000
1%
b1000010000 )
b1000010000 @
b101 L
b100 E
b10 6
b100 8
b10100000000000000000000000000100 ,
b10100000000000000000000000000100 =
b101110010 <
1*
10
#3700000
0*
00
#3705000
b0 '
b0 A
0(
b110 L
b10001 N
b101 E
b101 8
b100 6
b101110011 <
1*
10
#3710000
0*
00
#3715000
b0 L
b110 E
b0 J
b1000010001 H
b101 6
b0 8
0+
b0 ,
b0 =
b101110100 <
1*
10
#3720000
0*
00
#3725000
b1 L
b0 E
b110 6
b101110101 <
1*
10
#3730000
0*
00
#3735000
1(
b1 E
b1 J
b1000010000 H
b10000 N
b0 6
b101110110 <
1*
10
#3740000
0*
00
#3745000
b1 8
b1 6
b101110111 <
1*
10
#3750000
0*
00
#3755000
b10 L
1+
b10 8
b101111000 <
1*
10
#3760000
0*
00
#3765000
0%
b10 '
b10 A
b10000 )
b10000 @
b100 L
b10 E
b11 8
b101111001 <
1*
10
#3770000
0*
00
#3775000
1%
b1000010000 )
b1000010000 @
b101 L
b100 E
b10 6
b100 8
b10100000000000000000000000000100 ,
b10100000000000000000000000000100 =
b101111010 <
1*
10
#3780000
0*
00
#3785000
b0 '
b0 A
0(
b110 L
b10001 N
b101 E
b101 8
b100 6
b101111011 <
1*
10
#3790000
0*
00
#3795000
b0 L
b110 E
b0 J
b1000010001 H
b101 6
b0 8
0+
b0 ,
b0 =
b101111100 <
1*
10
#3800000
0*
00
#3805000
b1 L
b0 E
b110 6
b101111101 <
1*
10
#3810000
0*
00
#3815000
1(
b1 E
b1 J
b1000010000 H
b10000 N
b0 6
b101111110 <
1*
10
#3820000
0*
00
#3825000
b1 8
b1 6
b101111111 <
1*
10
#3830000
0*
00
#3835000
b10 L
1+
b10 8
b110000000 <
1*
10
#3840000
0*
00
#3845000
0%
b10 '
b10 A
b10000 )
b10000 @
b100 L
b10 E
b11 8
b110000001 <
1*
10
#3850000
0*
00
#3855000
1%
b1000010000 )
b1000010000 @
b101 L
b100 E
b10 6
b100 8
b10100000000000000000000000000100 ,
b10100000000000000000000000000100 =
b110000010 <
1*
10
#3860000
0*
00
#3865000
b0 '
b0 A
0(
b110 L
b10001 N
b101 E
b101 8
b100 6
b110000011 <
1*
10
#3870000
0*
00
#3875000
b0 L
b110 E
b0 J
b1000010001 H
b101 6
b0 8
0+
b0 ,
b0 =
b110000100 <
1*
10
#3880000
0*
00
#3885000
b1 L
b0 E
b110 6
b110000101 <
1*
10
#3890000
0*
00
#3895000
1(
b1 E
b1 J
b1000010000 H
b10000 N
b0 6
b110000110 <
1*
10
#3900000
0*
00
#3905000
b1 8
b1 6
b110000111 <
1*
10
#3910000
0*
00
#3915000
b10 L
1+
b10 8
b110001000 <
1*
10
#3920000
0*
00
#3925000
0%
b10 '
b10 A
b10000 )
b10000 @
b100 L
b10 E
b11 8
b110001001 <
1*
10
#3930000
0*
00
#3935000
1%
b1000010000 )
b1000010000 @
b101 L
b100 E
b10 6
b100 8
b10100000000000000000000000000100 ,
b10100000000000000000000000000100 =
b110001010 <
1*
10
#3940000
0*
00
#3945000
b0 '
b0 A
0(
b110 L
b10001 N
b101 E
b101 8
b100 6
b110001011 <
1*
10
#3950000
0*
00
#3955000
b0 L
b110 E
b0 J
b1000010001 H
b101 6
b0 8
0+
b0 ,
b0 =
b110001100 <
1*
10
#3960000
0*
00
#3965000
b1 L
b0 E
b110 6
b110001101 <
1*
10
#3970000
0*
00
#3975000
1(
b1 E
b1 J
b1000010000 H
b10000 N
b0 6
b110001110 <
1*
10
#3980000
0*
00
#3985000
b1 8
b1 6
b110001111 <
1*
10
#3990000
0*
00
#3995000
b10 L
1+
b10 8
b110010000 <
1*
10
#4000000
0*
00
#4005000
0%
b10 '
b10 A
b10000 )
b10000 @
b100 L
b10 E
b11 8
b110010001 <
1*
10
#4010000
0*
00
#4015000
1%
b1000010000 )
b1000010000 @
b101 L
b100 E
b10 6
b100 8
b10100000000000000000000000000100 ,
b10100000000000000000000000000100 =
b110010010 <
1*
10
#4020000
0*
00
#4025000
b0 '
b0 A
0(
b110 L
b10001 N
b101 E
b101 8
b100 6
b110010011 <
1*
10
#4030000
0*
00
#4035000
b0 L
b110 E
b0 J
b1000010001 H
b101 6
b0 8
0+
b0 ,
b0 =
b110010100 <
1*
10
#4040000
0*
00
#4045000
b1 L
b0 E
b110 6
b110010101 <
1*
10
#4050000
0*
00
#4055000
1(
b1 E
b1 J
b1000010000 H
b10000 N
b0 6
b110010110 <
1*
10
#4060000
0*
00
#4065000
b1 8
b1 6
b110010111 <
1*
10
#4070000
0*
00
#4075000
b10 L
1+
b10 8
b110011000 <
1*
10
#4080000
0*
00
#4085000
0%
b10 '
b10 A
b10000 )
b10000 @
b100 L
b10 E
b11 8
b110011001 <
1*
10
#4090000
0*
00
#4095000
1%
b1000010000 )
b1000010000 @
b101 L
b100 E
b10 6
b100 8
b10100000000000000000000000000100 ,
b10100000000000000000000000000100 =
b110011010 <
1*
10
#4100000
0*
00
#4105000
b0 '
b0 A
0(
b110 L
b10001 N
b101 E
b101 8
b100 6
b110011011 <
1*
10
#4110000
0*
00
#4115000
b0 L
b110 E
b0 J
b1000010001 H
b101 6
b0 8
0+
b0 ,
b0 =
b110011100 <
1*
10
#4120000
0*
00
#4125000
b1 L
b0 E
b110 6
b110011101 <
1*
10
#4130000
0*
00
#4135000
1(
b1 E
b1 J
b1000010000 H
b10000 N
b0 6
b110011110 <
1*
10
#4140000
0*
00
#4145000
b1 8
b1 6
b110011111 <
1*
10
#4150000
0*
00
#4155000
b10 L
1+
b10 8
b110100000 <
1*
10
#4160000
0*
00
#4165000
0%
b10 '
b10 A
b10000 )
b10000 @
b100 L
b10 E
b11 8
b110100001 <
1*
10
#4170000
0*
00
#4175000
1%
b1000010000 )
b1000010000 @
b101 L
b100 E
b10 6
b100 8
b10100000000000000000000000000100 ,
b10100000000000000000000000000100 =
b110100010 <
1*
10
#4180000
0*
00
#4185000
b0 '
b0 A
0(
b110 L
b10001 N
b101 E
b101 8
b100 6
b110100011 <
1*
10
#4190000
0*
00
#4195000
b0 L
b110 E
b0 J
b1000010001 H
b101 6
b0 8
0+
b0 ,
b0 =
b110100100 <
1*
10
#4200000
0*
00
#4205000
b1 L
b0 E
b110 6
b110100101 <
1*
10
#4210000
0*
00
#4215000
1(
b1 E
b1 J
b1000010000 H
b10000 N
b0 6
b110100110 <
1*
10
#4220000
0*
00
#4225000
b1 8
b1 6
b110100111 <
1*
10
#4230000
0*
00
#4235000
b10 L
1+
b10 8
b110101000 <
1*
10
#4240000
0*
00
#4245000
0%
b10 '
b10 A
b10000 )
b10000 @
b100 L
b10 E
b11 8
b110101001 <
1*
10
#4250000
0*
00
#4255000
1%
b1000010000 )
b1000010000 @
b101 L
b100 E
b10 6
b100 8
b10100000000000000000000000000100 ,
b10100000000000000000000000000100 =
b110101010 <
1*
10
#4260000
0*
00
#4265000
b0 '
b0 A
0(
b110 L
b10001 N
b101 E
b101 8
b100 6
b110101011 <
1*
10
#4270000
0*
00
#4275000
b0 L
b110 E
b0 J
b1000010001 H
b101 6
b0 8
0+
b0 ,
b0 =
b110101100 <
1*
10
#4280000
0*
00
#4285000
b1 L
b0 E
b110 6
b110101101 <
1*
10
#4290000
0*
00
#4295000
1(
b1 E
b1 J
b1000010000 H
b10000 N
b0 6
b110101110 <
1*
10
#4300000
0*
00
#4305000
b1 8
b1 6
b110101111 <
1*
10
#4310000
0*
00
#4315000
b10 L
1+
b10 8
b110110000 <
1*
10
#4320000
0*
00
#4325000
0%
b10 '
b10 A
b10000 )
b10000 @
b100 L
b10 E
b11 8
b110110001 <
1*
10
#4330000
0*
00
#4335000
1%
b1000010000 )
b1000010000 @
b101 L
b100 E
b10 6
b100 8
b10100000000000000000000000000100 ,
b10100000000000000000000000000100 =
b110110010 <
1*
10
#4340000
0*
00
#4345000
b0 '
b0 A
0(
b110 L
b10001 N
b101 E
b101 8
b100 6
b110110011 <
1*
10
#4350000
0*
00
#4355000
b0 L
b110 E
b0 J
b1000010001 H
b101 6
b0 8
0+
b0 ,
b0 =
b110110100 <
1*
10
#4360000
0*
00
#4365000
b1 L
b0 E
b110 6
b110110101 <
1*
10
#4370000
0*
00
#4375000
1(
b1 E
b1 J
b1000010000 H
b10000 N
b0 6
b110110110 <
1*
10
#4380000
0*
00
#4385000
b1 8
b1 6
b110110111 <
1*
10
#4390000
0*
00
#4395000
b10 L
1+
b10 8
b110111000 <
1*
10
#4400000
0*
00
#4405000
0%
b10 '
b10 A
b10000 )
b10000 @
b100 L
b10 E
b11 8
b110111001 <
1*
10
#4410000
0*
00
#4415000
1%
b1000010000 )
b1000010000 @
b101 L
b100 E
b10 6
b100 8
b10100000000000000000000000000100 ,
b10100000000000000000000000000100 =
b110111010 <
1*
10
#4420000
0*
00
#4425000
b0 '
b0 A
0(
b110 L
b10001 N
b101 E
b101 8
b100 6
b110111011 <
1*
10
#4430000
0*
00
#4435000
b0 L
b110 E
b0 J
b1000010001 H
b101 6
b0 8
0+
b0 ,
b0 =
b110111100 <
1*
10
#4440000
0*
00
#4445000
b1 L
b0 E
b110 6
b110111101 <
1*
10
#4450000
0*
00
#4455000
1(
b1 E
b1 J
b1000010000 H
b10000 N
b0 6
b110111110 <
1*
10
#4460000
0*
00
#4465000
b1 8
b1 6
b110111111 <
1*
10
#4470000
0*
00
#4475000
b10 L
1+
b10 8
b111000000 <
1*
10
#4480000
0*
00
#4485000
0%
b10 '
b10 A
b10000 )
b10000 @
b100 L
b10 E
b11 8
b111000001 <
1*
10
#4490000
0*
00
#4495000
1%
b1000010000 )
b1000010000 @
b101 L
b100 E
b10 6
b100 8
b10100000000000000000000000000100 ,
b10100000000000000000000000000100 =
b111000010 <
1*
10
#4500000
0*
00
#4505000
b0 '
b0 A
0(
b110 L
b10001 N
b101 E
b101 8
b100 6
b111000011 <
1*
10
#4510000
0*
00
#4515000
b0 L
b110 E
b0 J
b1000010001 H
b101 6
b0 8
0+
b0 ,
b0 =
b111000100 <
1*
10
#4520000
0*
00
#4525000
b1 L
b0 E
b110 6
b111000101 <
1*
10
#4530000
0*
00
#4535000
1(
b1 E
b1 J
b1000010000 H
b10000 N
b0 6
b111000110 <
1*
10
#4540000
0*
00
#4545000
b1 8
b1 6
b111000111 <
1*
10
#4550000
0*
00
#4555000
b10 L
1+
b10 8
b111001000 <
1*
10
#4560000
0*
00
#4565000
0%
b10 '
b10 A
b10000 )
b10000 @
b100 L
b10 E
b11 8
b111001001 <
1*
10
#4570000
0*
00
#4575000
1%
b1000010000 )
b1000010000 @
b101 L
b100 E
b10 6
b100 8
b10100000000000000000000000000100 ,
b10100000000000000000000000000100 =
b111001010 <
1*
10
#4580000
0*
00
#4585000
b0 '
b0 A
0(
b110 L
b10001 N
b101 E
b101 8
b100 6
b111001011 <
1*
10
#4590000
0*
00
#4595000
b0 L
b110 E
b0 J
b1000010001 H
b101 6
b0 8
0+
b0 ,
b0 =
b111001100 <
1*
10
#4600000
0*
00
#4605000
b1 L
b0 E
b110 6
b111001101 <
1*
10
#4610000
0*
00
#4615000
1(
b1 E
b1 J
b1000010000 H
b10000 N
b0 6
b111001110 <
1*
10
#4620000
0*
00
#4625000
b1 8
b1 6
b111001111 <
1*
10
#4630000
0*
00
#4635000
b10 L
1+
b10 8
b111010000 <
1*
10
#4640000
0*
00
#4645000
0%
b10 '
b10 A
b10000 )
b10000 @
b100 L
b10 E
b11 8
b111010001 <
1*
10
#4650000
0*
00
#4655000
1%
b1000010000 )
b1000010000 @
b101 L
b100 E
b10 6
b100 8
b10100000000000000000000000000100 ,
b10100000000000000000000000000100 =
b111010010 <
1*
10
#4660000
0*
00
#4665000
b0 '
b0 A
0(
b110 L
b10001 N
b101 E
b101 8
b100 6
b111010011 <
1*
10
#4670000
0*
00
#4675000
b0 L
b110 E
b0 J
b1000010001 H
b101 6
b0 8
0+
b0 ,
b0 =
b111010100 <
1*
10
#4680000
0*
00
#4685000
b1 L
b0 E
b110 6
b111010101 <
1*
10
#4690000
0*
00
#4695000
1(
b1 E
b1 J
b1000010000 H
b10000 N
b0 6
b111010110 <
1*
10
#4700000
0*
00
#4705000
b1 8
b1 6
b111010111 <
1*
10
#4710000
0*
00
#4715000
b10 L
1+
b10 8
b111011000 <
1*
10
#4720000
0*
00
#4725000
0%
b10 '
b10 A
b10000 )
b10000 @
b100 L
b10 E
b11 8
b111011001 <
1*
10
#4730000
0*
00
#4735000
1%
b1000010000 )
b1000010000 @
b101 L
b100 E
b10 6
b100 8
b10100000000000000000000000000100 ,
b10100000000000000000000000000100 =
b111011010 <
1*
10
#4740000
0*
00
#4745000
b0 '
b0 A
0(
b110 L
b10001 N
b101 E
b101 8
b100 6
b111011011 <
1*
10
#4750000
0*
00
#4755000
b0 L
b110 E
b0 J
b1000010001 H
b101 6
b0 8
0+
b0 ,
b0 =
b111011100 <
1*
10
#4760000
0*
00
#4765000
b1 L
b0 E
b110 6
b111011101 <
1*
10
#4770000
0*
00
#4775000
1(
b1 E
b1 J
b1000010000 H
b10000 N
b0 6
b111011110 <
1*
10
#4780000
0*
00
#4785000
b1 8
b1 6
b111011111 <
1*
10
#4790000
0*
00
#4795000
b10 L
1+
b10 8
b111100000 <
1*
10
#4800000
0*
00
#4805000
0%
b10 '
b10 A
b10000 )
b10000 @
b100 L
b10 E
b11 8
b111100001 <
1*
10
#4810000
0*
00
#4815000
1%
b1000010000 )
b1000010000 @
b101 L
b100 E
b10 6
b100 8
b10100000000000000000000000000100 ,
b10100000000000000000000000000100 =
b111100010 <
1*
10
#4820000
0*
00
#4825000
b0 '
b0 A
0(
b110 L
b10001 N
b101 E
b101 8
b100 6
b111100011 <
1*
10
#4830000
0*
00
#4835000
b0 L
b110 E
b0 J
b1000010001 H
b101 6
b0 8
0+
b0 ,
b0 =
b111100100 <
1*
10
#4840000
0*
00
#4845000
b1 L
b0 E
b110 6
b111100101 <
1*
10
#4850000
0*
00
#4855000
1(
b1 E
b1 J
b1000010000 H
b10000 N
b0 6
b111100110 <
1*
10
#4860000
0*
00
#4865000
b1 8
b1 6
b111100111 <
1*
10
#4870000
0*
00
#4875000
b10 L
1+
b10 8
b111101000 <
1*
10
#4880000
0*
00
#4885000
0%
b10 '
b10 A
b10000 )
b10000 @
b100 L
b10 E
b11 8
b111101001 <
1*
10
#4890000
0*
00
#4895000
1%
b1000010000 )
b1000010000 @
b101 L
b100 E
b10 6
b100 8
b10100000000000000000000000000100 ,
b10100000000000000000000000000100 =
b111101010 <
1*
10
#4900000
0*
00
#4905000
b0 '
b0 A
0(
b110 L
b10001 N
b101 E
b101 8
b100 6
b111101011 <
1*
10
#4910000
0*
00
#4915000
b0 L
b110 E
b0 J
b1000010001 H
b101 6
b0 8
0+
b0 ,
b0 =
b111101100 <
1*
10
#4920000
0*
00
#4925000
b1 L
b0 E
b110 6
b111101101 <
1*
10
#4930000
0*
00
#4935000
1(
b1 E
b1 J
b1000010000 H
b10000 N
b0 6
b111101110 <
1*
10
#4940000
0*
00
#4945000
b1 8
b1 6
b111101111 <
1*
10
#4950000
0*
00
#4955000
b10 L
1+
b10 8
b111110000 <
1*
10
#4960000
0*
00
#4965000
0%
b10 '
b10 A
b10000 )
b10000 @
b100 L
b10 E
b11 8
b111110001 <
1*
10
#4970000
0*
00
#4975000
1%
b1000010000 )
b1000010000 @
b101 L
b100 E
b10 6
b100 8
b10100000000000000000000000000100 ,
b10100000000000000000000000000100 =
b111110010 <
1*
10
#4980000
0*
00
#4985000
b0 '
b0 A
0(
b110 L
b10001 N
b101 E
b101 8
b100 6
b111110011 <
1*
10
#4990000
0*
00
#4995000
b0 L
b110 E
b0 J
b1000010001 H
b101 6
b0 8
0+
b0 ,
b0 =
b111110100 <
1*
10
#5000000
0*
00
#5005000
b1 L
b0 E
b110 6
b111110101 <
1*
10
#5010000
0*
00
#5015000
1(
b1 E
b1 J
b1000010000 H
b10000 N
b0 6
b111110110 <
1*
10
#5020000
0*
00
#5025000
b1 8
b1 6
b111110111 <
1*
10
#5030000
0*
00
#5035000
b10 L
1+
b10 8
b111111000 <
1*
10
#5040000
0*
00
#5045000
0%
b10 '
b10 A
b10000 )
b10000 @
b100 L
b10 E
b11 8
b111111001 <
1*
10
#5050000
0*
00
#5055000
1%
b1000010000 )
b1000010000 @
b101 L
b100 E
b10 6
b100 8
b10100000000000000000000000000100 ,
b10100000000000000000000000000100 =
b111111010 <
1*
10
#5060000
0*
00
#5065000
b0 '
b0 A
0(
b110 L
b10001 N
b101 E
b101 8
b100 6
b111111011 <
1*
10
#5070000
0*
00
#5075000
b0 L
b110 E
b0 J
b1000010001 H
b101 6
b0 8
0+
b0 ,
b0 =
b111111100 <
1*
10
#5080000
0*
00
#5085000
b1 L
b0 E
b110 6
b111111101 <
1*
10
#5090000
0*
00
#5095000
1(
b1 E
b1 J
b1000010000 H
b10000 N
b0 6
b111111110 <
1*
10
#5100000
0*
00
#5105000
b1 8
b1 6
b111111111 <
1*
10
#5110000
0*
00
#5115000
b10 L
1+
b10 8
b1000000000 <
1*
10
#5120000
0*
00
#5125000
0%
b10 '
b10 A
b10000 )
b10000 @
b100 L
b10 E
b11 8
b1000000001 <
1*
10
#5130000
0*
00
#5135000
1%
b1000010000 )
b1000010000 @
b101 L
b100 E
b10 6
b100 8
b10100000000000000000000000000100 ,
b10100000000000000000000000000100 =
b1000000010 <
1*
10
#5140000
0*
00
#5145000
b0 '
b0 A
0(
b110 L
b10001 N
b101 E
b101 8
b100 6
b1000000011 <
1*
10
#5150000
0*
00
#5155000
b0 L
b110 E
b0 J
b1000010001 H
b101 6
b0 8
0+
b0 ,
b0 =
b1000000100 <
1*
10
#5160000
0*
00
#5165000
b1 L
b0 E
b110 6
b1000000101 <
1*
10
#5170000
0*
00
#5175000
1(
b1 E
b1 J
b1000010000 H
b10000 N
b0 6
b1000000110 <
1*
10
#5180000
0*
00
#5185000
b1 8
b1 6
b1000000111 <
1*
10
#5190000
0*
00
#5195000
b10 L
1+
b10 8
b1000001000 <
1*
10
#5200000
0*
00
#5205000
0%
b10 '
b10 A
b10000 )
b10000 @
b100 L
b10 E
b11 8
b1000001001 <
1*
10
#5210000
0*
00
#5215000
1%
b1000010000 )
b1000010000 @
b101 L
b100 E
b10 6
b100 8
b10100000000000000000000000000100 ,
b10100000000000000000000000000100 =
b1000001010 <
1*
10
#5220000
0*
00
#5225000
b0 '
b0 A
0(
b110 L
b10001 N
b101 E
b101 8
b100 6
b1000001011 <
1*
10
#5230000
0*
00
#5235000
b0 L
b110 E
b0 J
b1000010001 H
b101 6
b0 8
0+
b0 ,
b0 =
b1000001100 <
1*
10
#5240000
0*
00
#5245000
b1 L
b0 E
b110 6
b1000001101 <
1*
10
#5250000
0*
00
#5255000
1(
b1 E
b1 J
b1000010000 H
b10000 N
b0 6
b1000001110 <
1*
10
#5260000
0*
00
#5265000
b1 8
b1 6
b1000001111 <
1*
10
#5270000
0*
00
#5275000
b10 L
1+
b10 8
b1000010000 <
1*
10
#5280000
0*
00
#5285000
0%
b10 '
b10 A
b10000 )
b10000 @
b100 L
b10 E
b11 8
b1000010001 <
1*
10
#5290000
0*
00
#5295000
1%
b1000010000 )
b1000010000 @
b101 L
b100 E
b10 6
b100 8
b10100000000000000000000000000100 ,
b10100000000000000000000000000100 =
b1000010010 <
1*
10
#5300000
0*
00
#5305000
b0 '
b0 A
0(
b110 L
b10001 N
b101 E
b101 8
b100 6
b1000010011 <
1*
10
#5310000
0*
00
#5315000
b0 L
b110 E
b0 J
b1000010001 H
b101 6
b0 8
0+
b0 ,
b0 =
b1000010100 <
1*
10
#5320000
0*
00
#5325000
b1 L
b0 E
b110 6
b1000010101 <
1*
10
#5330000
0*
00
#5335000
1(
b1 E
b1 J
b1000010000 H
b10000 N
b0 6
b1000010110 <
1*
10
#5340000
0*
00
#5345000
b1 8
b1 6
b1000010111 <
1*
10
#5350000
0*
00
#5355000
b10 L
1+
b10 8
b1000011000 <
1*
10
#5360000
0*
00
#5365000
0%
b10 '
b10 A
b10000 )
b10000 @
b100 L
b10 E
b11 8
b1000011001 <
1*
10
#5370000
0*
00
#5375000
1%
b1000010000 )
b1000010000 @
b101 L
b100 E
b10 6
b100 8
b10100000000000000000000000000100 ,
b10100000000000000000000000000100 =
b1000011010 <
1*
10
#5380000
0*
00
#5385000
b0 '
b0 A
0(
b110 L
b10001 N
b101 E
b101 8
b100 6
b1000011011 <
1*
10
#5390000
0*
00
#5395000
b0 L
b110 E
b0 J
b1000010001 H
b101 6
b0 8
0+
b0 ,
b0 =
b1000011100 <
1*
10
#5400000
0*
00
#5405000
b1 L
b0 E
b110 6
b1000011101 <
1*
10
#5410000
0*
00
#5415000
1(
b1 E
b1 J
b1000010000 H
b10000 N
b0 6
b1000011110 <
1*
10
#5420000
0*
00
#5425000
b1 8
b1 6
b1000011111 <
1*
10
#5430000
0*
00
#5435000
b10 L
1+
b10 8
b1000100000 <
1*
10
#5440000
0*
00
#5445000
0%
b10 '
b10 A
b10000 )
b10000 @
b100 L
b10 E
b11 8
b1000100001 <
1*
10
#5450000
0*
00
#5455000
1%
b1000010000 )
b1000010000 @
b101 L
b100 E
b10 6
b100 8
b10100000000000000000000000000100 ,
b10100000000000000000000000000100 =
b1000100010 <
1*
10
#5460000
0*
00
#5465000
b0 '
b0 A
0(
b110 L
b10001 N
b101 E
b101 8
b100 6
b1000100011 <
1*
10
#5470000
0*
00
#5475000
b0 L
b110 E
b0 J
b1000010001 H
b101 6
b0 8
0+
b0 ,
b0 =
b1000100100 <
1*
10
#5480000
0*
00
#5485000
b1 L
b0 E
b110 6
b1000100101 <
1*
10
#5490000
0*
00
#5495000
1(
b1 E
b1 J
b1000010000 H
b10000 N
b0 6
b1000100110 <
1*
10
#5500000
0*
00
#5505000
b1 8
b1 6
b1000100111 <
1*
10
#5510000
0*
00
#5515000
b10 L
1+
b10 8
b1000101000 <
1*
10
#5520000
0*
00
#5525000
0%
b10 '
b10 A
b10000 )
b10000 @
b100 L
b10 E
b11 8
b1000101001 <
1*
10
#5530000
0*
00
#5535000
1%
b1000010000 )
b1000010000 @
b101 L
b100 E
b10 6
b100 8
b10100000000000000000000000000100 ,
b10100000000000000000000000000100 =
b1000101010 <
1*
10
#5540000
0*
00
#5545000
b0 '
b0 A
0(
b110 L
b10001 N
b101 E
b101 8
b100 6
b1000101011 <
1*
10
#5550000
0*
00
#5555000
b0 L
b110 E
b0 J
b1000010001 H
b101 6
b0 8
0+
b0 ,
b0 =
b1000101100 <
1*
10
#5560000
0*
00
#5565000
b1 L
b0 E
b110 6
b1000101101 <
1*
10
#5570000
0*
00
#5575000
1(
b1 E
b1 J
b1000010000 H
b10000 N
b0 6
b1000101110 <
1*
10
#5580000
0*
00
#5585000
b1 8
b1 6
b1000101111 <
1*
10
#5590000
0*
00
#5595000
b10 L
1+
b10 8
b1000110000 <
1*
10
#5600000
0*
00
#5605000
0%
b10 '
b10 A
b10000 )
b10000 @
b100 L
b10 E
b11 8
b1000110001 <
1*
10
#5610000
0*
00
#5615000
1%
b1000010000 )
b1000010000 @
b101 L
b100 E
b10 6
b100 8
b10100000000000000000000000000100 ,
b10100000000000000000000000000100 =
b1000110010 <
1*
10
#5620000
0*
00
#5625000
b0 '
b0 A
0(
b110 L
b10001 N
b101 E
b101 8
b100 6
b1000110011 <
1*
10
#5630000
0*
00
#5635000
b0 L
b110 E
b0 J
b1000010001 H
b101 6
b0 8
0+
b0 ,
b0 =
b1000110100 <
1*
10
#5640000
0*
00
#5645000
b1 L
b0 E
b110 6
b1000110101 <
1*
10
#5650000
0*
00
#5655000
1(
b1 E
b1 J
b1000010000 H
b10000 N
b0 6
b1000110110 <
1*
10
#5660000
0*
00
#5665000
b1 8
b1 6
b1000110111 <
1*
10
#5670000
0*
00
#5675000
b10 L
1+
b10 8
b1000111000 <
1*
10
#5680000
0*
00
#5685000
0%
b10 '
b10 A
b10000 )
b10000 @
b100 L
b10 E
b11 8
b1000111001 <
1*
10
#5690000
0*
00
#5695000
1%
b1000010000 )
b1000010000 @
b101 L
b100 E
b10 6
b100 8
b10100000000000000000000000000100 ,
b10100000000000000000000000000100 =
b1000111010 <
1*
10
#5700000
0*
00
#5705000
b0 '
b0 A
0(
b110 L
b10001 N
b101 E
b101 8
b100 6
b1000111011 <
1*
10
#5710000
0*
00
#5715000
b0 L
b110 E
b0 J
b1000010001 H
b101 6
b0 8
0+
b0 ,
b0 =
b1000111100 <
1*
10
#5720000
0*
00
#5725000
b1 L
b0 E
b110 6
b1000111101 <
1*
10
#5730000
0*
00
#5735000
1(
b1 E
b1 J
b1000010000 H
b10000 N
b0 6
b1000111110 <
1*
10
#5740000
0*
00
#5745000
b1 8
b1 6
b1000111111 <
1*
10
#5750000
0*
00
#5755000
b10 L
1+
b10 8
b1001000000 <
1*
10
#5760000
0*
00
#5765000
0%
b10 '
b10 A
b10000 )
b10000 @
b100 L
b10 E
b11 8
b1001000001 <
1*
10
#5770000
0*
00
#5775000
1%
b1000010000 )
b1000010000 @
b101 L
b100 E
b10 6
b100 8
b10100000000000000000000000000100 ,
b10100000000000000000000000000100 =
b1001000010 <
1*
10
#5780000
0*
00
#5785000
b0 '
b0 A
0(
b110 L
b10001 N
b101 E
b101 8
b100 6
b1001000011 <
1*
10
#5790000
0*
00
#5795000
b0 L
b110 E
b0 J
b1000010001 H
b101 6
b0 8
0+
b0 ,
b0 =
b1001000100 <
1*
10
#5800000
0*
00
#5805000
b1 L
b0 E
b110 6
b1001000101 <
1*
10
#5810000
0*
00
#5815000
1(
b1 E
b1 J
b1000010000 H
b10000 N
b0 6
b1001000110 <
1*
10
#5820000
0*
00
#5825000
b1 8
b1 6
b1001000111 <
1*
10
#5830000
0*
00
#5835000
b10 L
1+
b10 8
b1001001000 <
1*
10
#5840000
0*
00
#5845000
0%
b10 '
b10 A
b10000 )
b10000 @
b100 L
b10 E
b11 8
b1001001001 <
1*
10
#5850000
0*
00
#5855000
1%
b1000010000 )
b1000010000 @
b101 L
b100 E
b10 6
b100 8
b10100000000000000000000000000100 ,
b10100000000000000000000000000100 =
b1001001010 <
1*
10
#5860000
0*
00
#5865000
b0 '
b0 A
0(
b110 L
b10001 N
b101 E
b101 8
b100 6
b1001001011 <
1*
10
#5870000
0*
00
#5875000
b0 L
b110 E
b0 J
b1000010001 H
b101 6
b0 8
0+
b0 ,
b0 =
b1001001100 <
1*
10
#5880000
0*
00
#5885000
b1 L
b0 E
b110 6
b1001001101 <
1*
10
#5890000
0*
00
#5895000
1(
b1 E
b1 J
b1000010000 H
b10000 N
b0 6
b1001001110 <
1*
10
#5900000
0*
00
#5905000
b1 8
b1 6
b1001001111 <
1*
10
#5910000
0*
00
#5915000
b10 L
1+
b10 8
b1001010000 <
1*
10
#5920000
0*
00
#5925000
0%
b10 '
b10 A
b10000 )
b10000 @
b100 L
b10 E
b11 8
b1001010001 <
1*
10
#5930000
0*
00
#5935000
1%
b1000010000 )
b1000010000 @
b101 L
b100 E
b10 6
b100 8
b10100000000000000000000000000100 ,
b10100000000000000000000000000100 =
b1001010010 <
1*
10
#5940000
0*
00
#5945000
b0 '
b0 A
0(
b110 L
b10001 N
b101 E
b101 8
b100 6
b1001010011 <
1*
10
#5950000
0*
00
#5955000
b0 L
b110 E
b0 J
b1000010001 H
b101 6
b0 8
0+
b0 ,
b0 =
b1001010100 <
1*
10
#5960000
0*
00
#5965000
b1 L
b0 E
b110 6
b1001010101 <
1*
10
#5970000
0*
00
#5975000
1(
b1 E
b1 J
b1000010000 H
b10000 N
b0 6
b1001010110 <
1*
10
#5980000
0*
00
#5985000
b1 8
b1 6
b1001010111 <
1*
10
#5990000
0*
00
#5995000
b10 L
1+
b10 8
b1001011000 <
1*
10
#6000000
0*
00
#6005000
0%
b10 '
b10 A
b10000 )
b10000 @
b100 L
b10 E
b11 8
b1001011001 <
1*
10
#6010000
0*
00
#6015000
1%
b1000010000 )
b1000010000 @
b101 L
b100 E
b10 6
b100 8
b10100000000000000000000000000100 ,
b10100000000000000000000000000100 =
b1001011010 <
1*
10
#6020000
0*
00
#6025000
b0 '
b0 A
0(
b110 L
b10001 N
b101 E
b101 8
b100 6
b1001011011 <
1*
10
#6030000
0*
00
#6035000
b0 L
b110 E
b0 J
b1000010001 H
b101 6
b0 8
0+
b0 ,
b0 =
b1001011100 <
1*
10
#6040000
0*
00
#6045000
b1 L
b0 E
b110 6
b1001011101 <
1*
10
#6050000
0*
00
#6055000
1(
b1 E
b1 J
b1000010000 H
b10000 N
b0 6
b1001011110 <
1*
10
#6060000
0*
00
#6065000
b1 8
b1 6
b1001011111 <
1*
10
#6070000
0*
00
#6075000
b10 L
1+
b10 8
b1001100000 <
1*
10
#6080000
0*
00
#6085000
0%
b10 '
b10 A
b10000 )
b10000 @
b100 L
b10 E
b11 8
b1001100001 <
1*
10
#6090000
0*
00
#6095000
1%
b1000010000 )
b1000010000 @
b101 L
b100 E
b10 6
b100 8
b10100000000000000000000000000100 ,
b10100000000000000000000000000100 =
b1001100010 <
1*
10
#6100000
0*
00
#6105000
b0 '
b0 A
0(
b110 L
b10001 N
b101 E
b101 8
b100 6
b1001100011 <
1*
10
#6110000
0*
00
#6115000
b0 L
b110 E
b0 J
b1000010001 H
b101 6
b0 8
0+
b0 ,
b0 =
b1001100100 <
1*
10
#6120000
0*
00
#6125000
b1 L
b0 E
b110 6
b1001100101 <
1*
10
#6130000
0*
00
#6135000
1(
b1 E
b1 J
b1000010000 H
b10000 N
b0 6
b1001100110 <
1*
10
#6140000
0*
00
#6145000
b1 8
b1 6
b1001100111 <
1*
10
#6150000
0*
00
#6155000
b10 L
1+
b10 8
b1001101000 <
1*
10
#6160000
0*
00
#6165000
0%
b10 '
b10 A
b10000 )
b10000 @
b100 L
b10 E
b11 8
b1001101001 <
1*
10
#6170000
0*
00
#6175000
1%
b1000010000 )
b1000010000 @
b101 L
b100 E
b10 6
b100 8
b10100000000000000000000000000100 ,
b10100000000000000000000000000100 =
b1001101010 <
1*
10
#6180000
0*
00
#6185000
b0 '
b0 A
0(
b110 L
b10001 N
b101 E
b101 8
b100 6
b1001101011 <
1*
10
#6190000
0*
00
#6195000
b0 L
b110 E
b0 J
b1000010001 H
b101 6
b0 8
0+
b0 ,
b0 =
b1001101100 <
1*
10
#6200000
0*
00
#6205000
b1 L
b0 E
b110 6
b1001101101 <
1*
10
#6210000
0*
00
#6215000
1(
b1 E
b1 J
b1000010000 H
b10000 N
b0 6
b1001101110 <
1*
10
#6220000
0*
00
#6225000
b1 8
b1 6
b1001101111 <
1*
10
#6230000
0*
00
#6235000
b10 L
1+
b10 8
b1001110000 <
1*
10
#6240000
0*
00
#6245000
0%
b10 '
b10 A
b10000 )
b10000 @
b100 L
b10 E
b11 8
b1001110001 <
1*
10
#6250000
0*
00
#6255000
1%
b1000010000 )
b1000010000 @
b101 L
b100 E
b10 6
b100 8
b10100000000000000000000000000100 ,
b10100000000000000000000000000100 =
b1001110010 <
1*
10
#6260000
0*
00
#6265000
b0 '
b0 A
0(
b110 L
b10001 N
b101 E
b101 8
b100 6
b1001110011 <
1*
10
#6270000
0*
00
#6275000
b0 L
b110 E
b0 J
b1000010001 H
b101 6
b0 8
0+
b0 ,
b0 =
b1001110100 <
1*
10
#6280000
0*
00
#6285000
b1 L
b0 E
b110 6
b1001110101 <
1*
10
#6290000
0*
00
#6295000
1(
b1 E
b1 J
b1000010000 H
b10000 N
b0 6
b1001110110 <
1*
10
#6300000
0*
00
#6305000
b1 8
b1 6
b1001110111 <
1*
10
#6310000
0*
00
#6315000
b10 L
1+
b10 8
b1001111000 <
1*
10
#6320000
0*
00
#6325000
0%
b10 '
b10 A
b10000 )
b10000 @
b100 L
b10 E
b11 8
b1001111001 <
1*
10
#6330000
0*
00
#6335000
1%
b1000010000 )
b1000010000 @
b101 L
b100 E
b10 6
b100 8
b10100000000000000000000000000100 ,
b10100000000000000000000000000100 =
b1001111010 <
1*
10
#6340000
0*
00
#6345000
b0 '
b0 A
0(
b110 L
b10001 N
b101 E
b101 8
b100 6
b1001111011 <
1*
10
#6350000
0*
00
#6355000
b0 L
b110 E
b0 J
b1000010001 H
b101 6
b0 8
0+
b0 ,
b0 =
b1001111100 <
1*
10
#6360000
0*
00
#6365000
b1 L
b0 E
b110 6
b1001111101 <
1*
10
#6370000
0*
00
#6375000
1(
b1 E
b1 J
b1000010000 H
b10000 N
b0 6
b1001111110 <
1*
10
#6380000
0*
00
#6385000
b1 8
b1 6
b1001111111 <
1*
10
#6390000
0*
00
#6395000
b10 L
1+
b10 8
b1010000000 <
1*
10
#6400000
0*
00
#6405000
0%
b10 '
b10 A
b10000 )
b10000 @
b100 L
b10 E
b11 8
b1010000001 <
1*
10
#6410000
0*
00
#6415000
1%
b1000010000 )
b1000010000 @
b101 L
b100 E
b10 6
b100 8
b10100000000000000000000000000100 ,
b10100000000000000000000000000100 =
b1010000010 <
1*
10
#6420000
0*
00
#6425000
b0 '
b0 A
0(
b110 L
b10001 N
b101 E
b101 8
b100 6
b1010000011 <
1*
10
#6430000
0*
00
#6435000
b0 L
b110 E
b0 J
b1000010001 H
b101 6
b0 8
0+
b0 ,
b0 =
b1010000100 <
1*
10
#6440000
0*
00
#6445000
b1 L
b0 E
b110 6
b1010000101 <
1*
10
#6450000
0*
00
#6455000
1(
b1 E
b1 J
b1000010000 H
b10000 N
b0 6
b1010000110 <
1*
10
#6460000
0*
00
#6465000
b1 8
b1 6
b1010000111 <
1*
10
#6470000
0*
00
#6475000
b10 L
1+
b10 8
b1010001000 <
1*
10
#6480000
0*
00
#6485000
0%
b10 '
b10 A
b10000 )
b10000 @
b100 L
b10 E
b11 8
b1010001001 <
1*
10
#6490000
0*
00
#6495000
1%
b1000010000 )
b1000010000 @
b101 L
b100 E
b10 6
b100 8
b10100000000000000000000000000100 ,
b10100000000000000000000000000100 =
b1010001010 <
1*
10
#6500000
0*
00
#6505000
b0 '
b0 A
0(
b110 L
b10001 N
b101 E
b101 8
b100 6
b1010001011 <
1*
10
#6510000
0*
00
#6515000
b0 L
b110 E
b0 J
b1000010001 H
b101 6
b0 8
0+
b0 ,
b0 =
b1010001100 <
1*
10
#6520000
0*
00
#6525000
b1 L
b0 E
b110 6
b1010001101 <
1*
10
#6530000
0*
00
#6535000
1(
b1 E
b1 J
b1000010000 H
b10000 N
b0 6
b1010001110 <
1*
10
#6540000
0*
00
#6545000
b1 8
b1 6
b1010001111 <
1*
10
#6550000
0*
00
#6555000
b10 L
1+
b10 8
b1010010000 <
1*
10
#6560000
0*
00
#6565000
0%
b10 '
b10 A
b10000 )
b10000 @
b100 L
b10 E
b11 8
b1010010001 <
1*
10
#6570000
0*
00
#6575000
1%
b1000010000 )
b1000010000 @
b101 L
b100 E
b10 6
b100 8
b10100000000000000000000000000100 ,
b10100000000000000000000000000100 =
b1010010010 <
1*
10
#6580000
0*
00
#6585000
b0 '
b0 A
0(
b110 L
b10001 N
b101 E
b101 8
b100 6
b1010010011 <
1*
10
#6590000
0*
00
#6595000
b0 L
b110 E
b0 J
b1000010001 H
b101 6
b0 8
0+
b0 ,
b0 =
b1010010100 <
1*
10
#6600000
0*
00
#6605000
b1 L
b0 E
b110 6
b1010010101 <
1*
10
#6610000
0*
00
#6615000
1(
b1 E
b1 J
b1000010000 H
b10000 N
b0 6
b1010010110 <
1*
10
#6620000
0*
00
#6625000
b1 8
b1 6
b1010010111 <
1*
10
#6630000
0*
00
#6635000
b10 L
1+
b10 8
b1010011000 <
1*
10
#6640000
0*
00
#6645000
0%
b10 '
b10 A
b10000 )
b10000 @
b100 L
b10 E
b11 8
b1010011001 <
1*
10
#6650000
0*
00
#6655000
1%
b1000010000 )
b1000010000 @
b101 L
b100 E
b10 6
b100 8
b10100000000000000000000000000100 ,
b10100000000000000000000000000100 =
b1010011010 <
1*
10
#6660000
0*
00
#6665000
b0 '
b0 A
0(
b110 L
b10001 N
b101 E
b101 8
b100 6
b1010011011 <
1*
10
#6670000
0*
00
#6675000
b0 L
b110 E
b0 J
b1000010001 H
b101 6
b0 8
0+
b0 ,
b0 =
b1010011100 <
1*
10
#6680000
0*
00
#6685000
b1 L
b0 E
b110 6
b1010011101 <
1*
10
#6690000
0*
00
#6695000
1(
b1 E
b1 J
b1000010000 H
b10000 N
b0 6
b1010011110 <
1*
10
#6700000
0*
00
#6705000
b1 8
b1 6
b1010011111 <
1*
10
#6710000
0*
00
#6715000
b10 L
1+
b10 8
b1010100000 <
1*
10
#6720000
0*
00
#6725000
0%
b10 '
b10 A
b10000 )
b10000 @
b100 L
b10 E
b11 8
b1010100001 <
1*
10
#6730000
0*
00
#6735000
1%
b1000010000 )
b1000010000 @
b101 L
b100 E
b10 6
b100 8
b10100000000000000000000000000100 ,
b10100000000000000000000000000100 =
b1010100010 <
1*
10
#6740000
0*
00
#6745000
b0 '
b0 A
0(
b110 L
b10001 N
b101 E
b101 8
b100 6
b1010100011 <
1*
10
#6750000
0*
00
#6755000
b0 L
b110 E
b0 J
b1000010001 H
b101 6
b0 8
0+
b0 ,
b0 =
b1010100100 <
1*
10
#6760000
0*
00
#6765000
b1 L
b0 E
b110 6
b1010100101 <
1*
10
#6770000
0*
00
#6775000
1(
b1 E
b1 J
b1000010000 H
b10000 N
b0 6
b1010100110 <
1*
10
#6780000
0*
00
#6785000
b1 8
b1 6
b1010100111 <
1*
10
#6790000
0*
00
#6795000
b10 L
1+
b10 8
b1010101000 <
1*
10
#6800000
0*
00
#6805000
0%
b10 '
b10 A
b10000 )
b10000 @
b100 L
b10 E
b11 8
b1010101001 <
1*
10
#6810000
0*
00
#6815000
1%
b1000010000 )
b1000010000 @
b101 L
b100 E
b10 6
b100 8
b10100000000000000000000000000100 ,
b10100000000000000000000000000100 =
b1010101010 <
1*
10
#6820000
0*
00
#6825000
b0 '
b0 A
0(
b110 L
b10001 N
b101 E
b101 8
b100 6
b1010101011 <
1*
10
#6830000
0*
00
#6835000
b0 L
b110 E
b0 J
b1000010001 H
b101 6
b0 8
0+
b0 ,
b0 =
b1010101100 <
1*
10
#6840000
0*
00
#6845000
b1 L
b0 E
b110 6
b1010101101 <
1*
10
#6850000
0*
00
#6855000
1(
b1 E
b1 J
b1000010000 H
b10000 N
b0 6
b1010101110 <
1*
10
#6860000
0*
00
#6865000
b1 8
b1 6
b1010101111 <
1*
10
#6870000
0*
00
#6875000
b10 L
1+
b10 8
b1010110000 <
1*
10
#6880000
0*
00
#6885000
0%
b10 '
b10 A
b10000 )
b10000 @
b100 L
b10 E
b11 8
b1010110001 <
1*
10
#6890000
0*
00
#6895000
1%
b1000010000 )
b1000010000 @
b101 L
b100 E
b10 6
b100 8
b10100000000000000000000000000100 ,
b10100000000000000000000000000100 =
b1010110010 <
1*
10
#6900000
0*
00
#6905000
b0 '
b0 A
0(
b110 L
b10001 N
b101 E
b101 8
b100 6
b1010110011 <
1*
10
#6910000
0*
00
#6915000
b0 L
b110 E
b0 J
b1000010001 H
b101 6
b0 8
0+
b0 ,
b0 =
b1010110100 <
1*
10
#6920000
0*
00
#6925000
b1 L
b0 E
b110 6
b1010110101 <
1*
10
#6930000
0*
00
#6935000
1(
b1 E
b1 J
b1000010000 H
b10000 N
b0 6
b1010110110 <
1*
10
#6940000
0*
00
#6945000
b1 8
b1 6
b1010110111 <
1*
10
#6950000
0*
00
#6955000
b10 L
1+
b10 8
b1010111000 <
1*
10
#6960000
0*
00
#6965000
0%
b10 '
b10 A
b10000 )
b10000 @
b100 L
b10 E
b11 8
b1010111001 <
1*
10
#6970000
0*
00
#6975000
1%
b1000010000 )
b1000010000 @
b101 L
b100 E
b10 6
b100 8
b10100000000000000000000000000100 ,
b10100000000000000000000000000100 =
b1010111010 <
1*
10
#6980000
0*
00
#6985000
b0 '
b0 A
0(
b110 L
b10001 N
b101 E
b101 8
b100 6
b1010111011 <
1*
10
#6990000
0*
00
#6995000
b0 L
b110 E
b0 J
b1000010001 H
b101 6
b0 8
0+
b0 ,
b0 =
b1010111100 <
1*
10
#7000000
0*
00
#7005000
b1 L
b0 E
b110 6
b1010111101 <
1*
10
#7010000
0*
00
#7015000
1(
b1 E
b1 J
b1000010000 H
b10000 N
b0 6
b1010111110 <
1*
10
#7020000
0*
00
#7025000
b1 8
b1 6
b1010111111 <
1*
10
#7030000
0*
00
#7035000
b10 L
1+
b10 8
b1011000000 <
1*
10
#7040000
0*
00
#7045000
0%
b10 '
b10 A
b10000 )
b10000 @
b100 L
b10 E
b11 8
b1011000001 <
1*
10
#7050000
0*
00
#7055000
1%
b1000010000 )
b1000010000 @
b101 L
b100 E
b10 6
b100 8
b10100000000000000000000000000100 ,
b10100000000000000000000000000100 =
b1011000010 <
1*
10
#7060000
0*
00
#7065000
b0 '
b0 A
0(
b110 L
b10001 N
b101 E
b101 8
b100 6
b1011000011 <
1*
10
#7070000
0*
00
#7075000
b0 L
b110 E
b0 J
b1000010001 H
b101 6
b0 8
0+
b0 ,
b0 =
b1011000100 <
1*
10
#7080000
0*
00
#7085000
b1 L
b0 E
b110 6
b1011000101 <
1*
10
#7090000
0*
00
#7095000
1(
b1 E
b1 J
b1000010000 H
b10000 N
b0 6
b1011000110 <
1*
10
#7100000
0*
00
#7105000
b1 8
b1 6
b1011000111 <
1*
10
#7110000
0*
00
#7115000
b10 L
1+
b10 8
b1011001000 <
1*
10
#7120000
0*
00
#7125000
0%
b10 '
b10 A
b10000 )
b10000 @
b100 L
b10 E
b11 8
b1011001001 <
1*
10
#7130000
0*
00
#7135000
1%
b1000010000 )
b1000010000 @
b101 L
b100 E
b10 6
b100 8
b10100000000000000000000000000100 ,
b10100000000000000000000000000100 =
b1011001010 <
1*
10
#7140000
0*
00
#7145000
b0 '
b0 A
0(
b110 L
b10001 N
b101 E
b101 8
b100 6
b1011001011 <
1*
10
#7150000
0*
00
#7155000
b0 L
b110 E
b0 J
b1000010001 H
b101 6
b0 8
0+
b0 ,
b0 =
b1011001100 <
1*
10
#7160000
0*
00
#7165000
b1 L
b0 E
b110 6
b1011001101 <
1*
10
#7170000
0*
00
#7175000
1(
b1 E
b1 J
b1000010000 H
b10000 N
b0 6
b1011001110 <
1*
10
#7180000
0*
00
#7185000
b1 8
b1 6
b1011001111 <
1*
10
#7190000
0*
00
#7195000
b10 L
1+
b10 8
b1011010000 <
1*
10
#7200000
0*
00
#7205000
0%
b10 '
b10 A
b10000 )
b10000 @
b100 L
b10 E
b11 8
b1011010001 <
1*
10
#7210000
0*
00
#7215000
1%
b1000010000 )
b1000010000 @
b101 L
b100 E
b10 6
b100 8
b10100000000000000000000000000100 ,
b10100000000000000000000000000100 =
b1011010010 <
1*
10
#7220000
0*
00
#7225000
b0 '
b0 A
0(
b110 L
b10001 N
b101 E
b101 8
b100 6
b1011010011 <
1*
10
#7230000
0*
00
#7235000
b0 L
b110 E
b0 J
b1000010001 H
b101 6
b0 8
0+
b0 ,
b0 =
b1011010100 <
1*
10
#7240000
0*
00
#7245000
b1 L
b0 E
b110 6
b1011010101 <
1*
10
#7250000
0*
00
#7255000
1(
b1 E
b1 J
b1000010000 H
b10000 N
b0 6
b1011010110 <
1*
10
#7260000
0*
00
#7265000
b1 8
b1 6
b1011010111 <
1*
10
#7270000
0*
00
#7275000
b10 L
1+
b10 8
b1011011000 <
1*
10
#7280000
0*
00
#7285000
0%
b10 '
b10 A
b10000 )
b10000 @
b100 L
b10 E
b11 8
b1011011001 <
1*
10
#7290000
0*
00
#7295000
1%
b1000010000 )
b1000010000 @
b101 L
b100 E
b10 6
b100 8
b10100000000000000000000000000100 ,
b10100000000000000000000000000100 =
b1011011010 <
1*
10
#7300000
0*
00
#7305000
b0 '
b0 A
0(
b110 L
b10001 N
b101 E
b101 8
b100 6
b1011011011 <
1*
10
#7310000
0*
00
#7315000
b0 L
b110 E
b0 J
b1000010001 H
b101 6
b0 8
0+
b0 ,
b0 =
b1011011100 <
1*
10
#7320000
0*
00
#7325000
b1 L
b0 E
b110 6
b1011011101 <
1*
10
#7330000
0*
00
#7335000
1(
b1 E
b1 J
b1000010000 H
b10000 N
b0 6
b1011011110 <
1*
10
#7340000
0*
00
#7345000
b1 8
b1 6
b1011011111 <
1*
10
#7350000
0*
00
#7355000
b10 L
1+
b10 8
b1011100000 <
1*
10
#7360000
0*
00
#7365000
0%
b10 '
b10 A
b10000 )
b10000 @
b100 L
b10 E
b11 8
b1011100001 <
1*
10
#7370000
0*
00
#7375000
1%
b1000010000 )
b1000010000 @
b101 L
b100 E
b10 6
b100 8
b10100000000000000000000000000100 ,
b10100000000000000000000000000100 =
b1011100010 <
1*
10
#7380000
0*
00
#7385000
b0 '
b0 A
0(
b110 L
b10001 N
b101 E
b101 8
b100 6
b1011100011 <
1*
10
#7390000
0*
00
#7395000
b0 L
b110 E
b0 J
b1000010001 H
b101 6
b0 8
0+
b0 ,
b0 =
b1011100100 <
1*
10
#7400000
0*
00
#7405000
b1 L
b0 E
b110 6
b1011100101 <
1*
10
#7410000
0*
00
#7415000
1(
b1 E
b1 J
b1000010000 H
b10000 N
b0 6
b1011100110 <
1*
10
#7420000
0*
00
#7425000
b1 8
b1 6
b1011100111 <
1*
10
#7430000
0*
00
#7435000
b10 L
1+
b10 8
b1011101000 <
1*
10
#7440000
0*
00
#7445000
0%
b10 '
b10 A
b10000 )
b10000 @
b100 L
b10 E
b11 8
b1011101001 <
1*
10
#7450000
0*
00
#7455000
1%
b1000010000 )
b1000010000 @
b101 L
b100 E
b10 6
b100 8
b10100000000000000000000000000100 ,
b10100000000000000000000000000100 =
b1011101010 <
1*
10
#7460000
0*
00
#7465000
b0 '
b0 A
0(
b110 L
b10001 N
b101 E
b101 8
b100 6
b1011101011 <
1*
10
#7470000
0*
00
#7475000
b0 L
b110 E
b0 J
b1000010001 H
b101 6
b0 8
0+
b0 ,
b0 =
b1011101100 <
1*
10
#7480000
0*
00
#7485000
b1 L
b0 E
b110 6
b1011101101 <
1*
10
#7490000
0*
00
#7495000
1(
b1 E
b1 J
b1000010000 H
b10000 N
b0 6
b1011101110 <
1*
10
#7500000
0*
00
#7505000
b1 8
b1 6
b1011101111 <
1*
10
#7510000
0*
00
#7515000
b10 L
1+
b10 8
b1011110000 <
1*
10
#7520000
0*
00
#7525000
0%
b10 '
b10 A
b10000 )
b10000 @
b100 L
b10 E
b11 8
b1011110001 <
1*
10
#7530000
0*
00
#7535000
1%
b1000010000 )
b1000010000 @
b101 L
b100 E
b10 6
b100 8
b10100000000000000000000000000100 ,
b10100000000000000000000000000100 =
b1011110010 <
1*
10
#7540000
0*
00
#7545000
b0 '
b0 A
0(
b110 L
b10001 N
b101 E
b101 8
b100 6
b1011110011 <
1*
10
#7550000
0*
00
#7555000
b0 L
b110 E
b0 J
b1000010001 H
b101 6
b0 8
0+
b0 ,
b0 =
b1011110100 <
1*
10
#7560000
0*
00
#7565000
b1 L
b0 E
b110 6
b1011110101 <
1*
10
#7570000
0*
00
#7575000
1(
b1 E
b1 J
b1000010000 H
b10000 N
b0 6
b1011110110 <
1*
10
#7580000
0*
00
#7585000
b1 8
b1 6
b1011110111 <
1*
10
#7590000
0*
00
#7595000
b10 L
1+
b10 8
b1011111000 <
1*
10
#7600000
0*
00
#7605000
0%
b10 '
b10 A
b10000 )
b10000 @
b100 L
b10 E
b11 8
b1011111001 <
1*
10
#7610000
0*
00
#7615000
1%
b1000010000 )
b1000010000 @
b101 L
b100 E
b10 6
b100 8
b10100000000000000000000000000100 ,
b10100000000000000000000000000100 =
b1011111010 <
1*
10
#7620000
0*
00
#7625000
b0 '
b0 A
0(
b110 L
b10001 N
b101 E
b101 8
b100 6
b1011111011 <
1*
10
#7630000
0*
00
#7635000
b0 L
b110 E
b0 J
b1000010001 H
b101 6
b0 8
0+
b0 ,
b0 =
b1011111100 <
1*
10
#7640000
0*
00
#7645000
b1 L
b0 E
b110 6
b1011111101 <
1*
10
#7650000
0*
00
#7655000
1(
b1 E
b1 J
b1000010000 H
b10000 N
b0 6
b1011111110 <
1*
10
#7660000
0*
00
#7665000
b1 8
b1 6
b1011111111 <
1*
10
#7670000
0*
00
#7675000
b10 L
1+
b10 8
b1100000000 <
1*
10
#7680000
0*
00
#7685000
0%
b10 '
b10 A
b10000 )
b10000 @
b100 L
b10 E
b11 8
b1100000001 <
1*
10
#7690000
0*
00
#7695000
1%
b1000010000 )
b1000010000 @
b101 L
b100 E
b10 6
b100 8
b10100000000000000000000000000100 ,
b10100000000000000000000000000100 =
b1100000010 <
1*
10
#7700000
0*
00
#7705000
b0 '
b0 A
0(
b110 L
b10001 N
b101 E
b101 8
b100 6
b1100000011 <
1*
10
#7710000
0*
00
#7715000
b0 L
b110 E
b0 J
b1000010001 H
b101 6
b0 8
0+
b0 ,
b0 =
b1100000100 <
1*
10
#7720000
0*
00
#7725000
b1 L
b0 E
b110 6
b1100000101 <
1*
10
#7730000
0*
00
#7735000
1(
b1 E
b1 J
b1000010000 H
b10000 N
b0 6
b1100000110 <
1*
10
#7740000
0*
00
#7745000
b1 8
b1 6
b1100000111 <
1*
10
#7750000
0*
00
#7755000
b10 L
1+
b10 8
b1100001000 <
1*
10
#7760000
0*
00
#7765000
0%
b10 '
b10 A
b10000 )
b10000 @
b100 L
b10 E
b11 8
b1100001001 <
1*
10
#7770000
0*
00
#7775000
1%
b1000010000 )
b1000010000 @
b101 L
b100 E
b10 6
b100 8
b10100000000000000000000000000100 ,
b10100000000000000000000000000100 =
b1100001010 <
1*
10
#7780000
0*
00
#7785000
b0 '
b0 A
0(
b110 L
b10001 N
b101 E
b101 8
b100 6
b1100001011 <
1*
10
#7790000
0*
00
#7795000
b0 L
b110 E
b0 J
b1000010001 H
b101 6
b0 8
0+
b0 ,
b0 =
b1100001100 <
1*
10
#7800000
0*
00
#7805000
b1 L
b0 E
b110 6
b1100001101 <
1*
10
#7810000
0*
00
#7815000
1(
b1 E
b1 J
b1000010000 H
b10000 N
b0 6
b1100001110 <
1*
10
#7820000
0*
00
#7825000
b1 8
b1 6
b1100001111 <
1*
10
#7830000
0*
00
#7835000
b10 L
1+
b10 8
b1100010000 <
1*
10
#7840000
0*
00
#7845000
0%
b10 '
b10 A
b10000 )
b10000 @
b100 L
b10 E
b11 8
b1100010001 <
1*
10
#7850000
0*
00
#7855000
1%
b1000010000 )
b1000010000 @
b101 L
b100 E
b10 6
b100 8
b10100000000000000000000000000100 ,
b10100000000000000000000000000100 =
b1100010010 <
1*
10
#7860000
0*
00
#7865000
b0 '
b0 A
0(
b110 L
b10001 N
b101 E
b101 8
b100 6
b1100010011 <
1*
10
#7870000
0*
00
#7875000
b0 L
b110 E
b0 J
b1000010001 H
b101 6
b0 8
0+
b0 ,
b0 =
b1100010100 <
1*
10
#7880000
0*
00
#7885000
b1 L
b0 E
b110 6
b1100010101 <
1*
10
#7890000
0*
00
#7895000
1(
b1 E
b1 J
b1000010000 H
b10000 N
b0 6
b1100010110 <
1*
10
#7900000
0*
00
#7905000
b1 8
b1 6
b1100010111 <
1*
10
#7910000
0*
00
#7915000
b10 L
1+
b10 8
b1100011000 <
1*
10
#7920000
0*
00
#7925000
0%
b10 '
b10 A
b10000 )
b10000 @
b100 L
b10 E
b11 8
b1100011001 <
1*
10
#7930000
0*
00
#7935000
1%
b1000010000 )
b1000010000 @
b101 L
b100 E
b10 6
b100 8
b10100000000000000000000000000100 ,
b10100000000000000000000000000100 =
b1100011010 <
1*
10
#7940000
0*
00
#7945000
b0 '
b0 A
0(
b110 L
b10001 N
b101 E
b101 8
b100 6
b1100011011 <
1*
10
#7950000
0*
00
#7955000
b0 L
b110 E
b0 J
b1000010001 H
b101 6
b0 8
0+
b0 ,
b0 =
b1100011100 <
1*
10
#7960000
0*
00
#7965000
b1 L
b0 E
b110 6
b1100011101 <
1*
10
#7970000
0*
00
#7975000
1(
b1 E
b1 J
b1000010000 H
b10000 N
b0 6
b1100011110 <
1*
10
#7980000
0*
00
#7985000
b1 8
b1 6
b1100011111 <
1*
10
#7990000
0*
00
#7995000
b10 L
1+
b10 8
b1100100000 <
1*
10
#8000000
0*
00
#8005000
0%
b10 '
b10 A
b10000 )
b10000 @
b100 L
b10 E
b11 8
b1100100001 <
1*
10
#8010000
0*
00
#8015000
1%
b1000010000 )
b1000010000 @
b101 L
b100 E
b10 6
b100 8
b10100000000000000000000000000100 ,
b10100000000000000000000000000100 =
b1100100010 <
1*
10
#8020000
0*
00
#8025000
b0 '
b0 A
0(
b110 L
b10001 N
b101 E
b101 8
b100 6
b1100100011 <
1*
10
#8030000
0*
00
#8035000
b0 L
b110 E
b0 J
b1000010001 H
b101 6
b0 8
0+
b0 ,
b0 =
b1100100100 <
1*
10
#8040000
0*
00
#8045000
b1 L
b0 E
b110 6
b1100100101 <
1*
10
#8050000
0*
00
#8055000
1(
b1 E
b1 J
b1000010000 H
b10000 N
b0 6
b1100100110 <
1*
10
#8060000
0*
00
#8065000
b1 8
b1 6
b1100100111 <
1*
10
#8070000
0*
00
#8075000
b10 L
1+
b10 8
b1100101000 <
1*
10
#8080000
0*
00
#8085000
0%
b10 '
b10 A
b10000 )
b10000 @
b100 L
b10 E
b11 8
b1100101001 <
1*
10
#8090000
0*
00
#8095000
1%
b1000010000 )
b1000010000 @
b101 L
b100 E
b10 6
b100 8
b10100000000000000000000000000100 ,
b10100000000000000000000000000100 =
b1100101010 <
1*
10
#8100000
0*
00
#8105000
b0 '
b0 A
0(
b110 L
b10001 N
b101 E
b101 8
b100 6
b1100101011 <
1*
10
#8110000
0*
00
#8115000
b0 L
b110 E
b0 J
b1000010001 H
b101 6
b0 8
0+
b0 ,
b0 =
b1100101100 <
1*
10
#8120000
0*
00
#8125000
b1 L
b0 E
b110 6
b1100101101 <
1*
10
#8130000
0*
00
#8135000
1(
b1 E
b1 J
b1000010000 H
b10000 N
b0 6
b1100101110 <
1*
10
#8140000
0*
00
#8145000
b1 8
b1 6
b1100101111 <
1*
10
#8150000
0*
00
#8155000
b10 L
1+
b10 8
b1100110000 <
1*
10
#8160000
0*
00
#8165000
0%
b10 '
b10 A
b10000 )
b10000 @
b100 L
b10 E
b11 8
b1100110001 <
1*
10
#8170000
0*
00
#8175000
1%
b1000010000 )
b1000010000 @
b101 L
b100 E
b10 6
b100 8
b10100000000000000000000000000100 ,
b10100000000000000000000000000100 =
b1100110010 <
1*
10
#8180000
0*
00
#8185000
b0 '
b0 A
0(
b110 L
b10001 N
b101 E
b101 8
b100 6
b1100110011 <
1*
10
#8190000
0*
00
#8195000
b0 L
b110 E
b0 J
b1000010001 H
b101 6
b0 8
0+
b0 ,
b0 =
b1100110100 <
1*
10
#8200000
0*
00
#8205000
b1 L
b0 E
b110 6
b1100110101 <
1*
10
#8210000
0*
00
#8215000
1(
b1 E
b1 J
b1000010000 H
b10000 N
b0 6
b1100110110 <
1*
10
#8220000
0*
00
#8225000
b1 8
b1 6
b1100110111 <
1*
10
#8230000
0*
00
#8235000
b10 L
1+
b10 8
b1100111000 <
1*
10
#8240000
0*
00
#8245000
0%
b10 '
b10 A
b10000 )
b10000 @
b100 L
b10 E
b11 8
b1100111001 <
1*
10
#8250000
0*
00
#8255000
1%
b1000010000 )
b1000010000 @
b101 L
b100 E
b10 6
b100 8
b10100000000000000000000000000100 ,
b10100000000000000000000000000100 =
b1100111010 <
1*
10
#8260000
0*
00
#8265000
b0 '
b0 A
0(
b110 L
b10001 N
b101 E
b101 8
b100 6
b1100111011 <
1*
10
#8270000
0*
00
#8275000
b0 L
b110 E
b0 J
b1000010001 H
b101 6
b0 8
0+
b0 ,
b0 =
b1100111100 <
1*
10
#8280000
0*
00
#8285000
b1 L
b0 E
b110 6
b1100111101 <
1*
10
#8290000
0*
00
#8295000
1(
b1 E
b1 J
b1000010000 H
b10000 N
b0 6
b1100111110 <
1*
10
#8300000
0*
00
#8305000
b1 8
b1 6
b1100111111 <
1*
10
#8310000
0*
00
#8315000
b10 L
1+
b10 8
b1101000000 <
1*
10
#8320000
0*
00
#8325000
0%
b10 '
b10 A
b10000 )
b10000 @
b100 L
b10 E
b11 8
b1101000001 <
1*
10
#8330000
0*
00
#8335000
1%
b1000010000 )
b1000010000 @
b101 L
b100 E
b10 6
b100 8
b10100000000000000000000000000100 ,
b10100000000000000000000000000100 =
b1101000010 <
1*
10
#8340000
0*
00
#8345000
b0 '
b0 A
0(
b110 L
b10001 N
b101 E
b101 8
b100 6
b1101000011 <
1*
10
#8350000
0*
00
#8355000
b0 L
b110 E
b0 J
b1000010001 H
b101 6
b0 8
0+
b0 ,
b0 =
b1101000100 <
1*
10
#8360000
0*
00
#8365000
b1 L
b0 E
b110 6
b1101000101 <
1*
10
#8370000
0*
00
#8375000
1(
b1 E
b1 J
b1000010000 H
b10000 N
b0 6
b1101000110 <
1*
10
#8380000
0*
00
#8385000
b1 8
b1 6
b1101000111 <
1*
10
#8390000
0*
00
#8395000
b10 L
1+
b10 8
b1101001000 <
1*
10
#8400000
0*
00
#8405000
0%
b10 '
b10 A
b10000 )
b10000 @
b100 L
b10 E
b11 8
b1101001001 <
1*
10
#8410000
0*
00
#8415000
1%
b1000010000 )
b1000010000 @
b101 L
b100 E
b10 6
b100 8
b10100000000000000000000000000100 ,
b10100000000000000000000000000100 =
b1101001010 <
1*
10
#8420000
0*
00
#8425000
b0 '
b0 A
0(
b110 L
b10001 N
b101 E
b101 8
b100 6
b1101001011 <
1*
10
#8430000
0*
00
#8435000
b0 L
b110 E
b0 J
b1000010001 H
b101 6
b0 8
0+
b0 ,
b0 =
b1101001100 <
1*
10
#8440000
0*
00
#8445000
b1 L
b0 E
b110 6
b1101001101 <
1*
10
#8450000
0*
00
#8455000
1(
b1 E
b1 J
b1000010000 H
b10000 N
b0 6
b1101001110 <
1*
10
#8460000
0*
00
#8465000
b1 8
b1 6
b1101001111 <
1*
10
#8470000
0*
00
#8475000
b10 L
1+
b10 8
b1101010000 <
1*
10
#8480000
0*
00
#8485000
0%
b10 '
b10 A
b10000 )
b10000 @
b100 L
b10 E
b11 8
b1101010001 <
1*
10
#8490000
0*
00
#8495000
1%
b1000010000 )
b1000010000 @
b101 L
b100 E
b10 6
b100 8
b10100000000000000000000000000100 ,
b10100000000000000000000000000100 =
b1101010010 <
1*
10
#8500000
0*
00
#8505000
b0 '
b0 A
0(
b110 L
b10001 N
b101 E
b101 8
b100 6
b1101010011 <
1*
10
#8510000
0*
00
#8515000
b0 L
b110 E
b0 J
b1000010001 H
b101 6
b0 8
0+
b0 ,
b0 =
b1101010100 <
1*
10
#8520000
0*
00
#8525000
b1 L
b0 E
b110 6
b1101010101 <
1*
10
#8530000
0*
00
#8535000
1(
b1 E
b1 J
b1000010000 H
b10000 N
b0 6
b1101010110 <
1*
10
#8540000
0*
00
#8545000
b1 8
b1 6
b1101010111 <
1*
10
#8550000
0*
00
#8555000
b10 L
1+
b10 8
b1101011000 <
1*
10
#8560000
0*
00
#8565000
0%
b10 '
b10 A
b10000 )
b10000 @
b100 L
b10 E
b11 8
b1101011001 <
1*
10
#8570000
0*
00
#8575000
1%
b1000010000 )
b1000010000 @
b101 L
b100 E
b10 6
b100 8
b10100000000000000000000000000100 ,
b10100000000000000000000000000100 =
b1101011010 <
1*
10
#8580000
0*
00
#8585000
b0 '
b0 A
0(
b110 L
b10001 N
b101 E
b101 8
b100 6
b1101011011 <
1*
10
#8590000
0*
00
#8595000
b0 L
b110 E
b0 J
b1000010001 H
b101 6
b0 8
0+
b0 ,
b0 =
b1101011100 <
1*
10
#8600000
0*
00
#8605000
b1 L
b0 E
b110 6
b1101011101 <
1*
10
#8610000
0*
00
#8615000
1(
b1 E
b1 J
b1000010000 H
b10000 N
b0 6
b1101011110 <
1*
10
#8620000
0*
00
#8625000
b1 8
b1 6
b1101011111 <
1*
10
#8630000
0*
00
#8635000
b10 L
1+
b10 8
b1101100000 <
1*
10
#8640000
0*
00
#8645000
0%
b10 '
b10 A
b10000 )
b10000 @
b100 L
b10 E
b11 8
b1101100001 <
1*
10
#8650000
0*
00
#8655000
1%
b1000010000 )
b1000010000 @
b101 L
b100 E
b10 6
b100 8
b10100000000000000000000000000100 ,
b10100000000000000000000000000100 =
b1101100010 <
1*
10
#8660000
0*
00
#8665000
b0 '
b0 A
0(
b110 L
b10001 N
b101 E
b101 8
b100 6
b1101100011 <
1*
10
#8670000
0*
00
#8675000
b0 L
b110 E
b0 J
b1000010001 H
b101 6
b0 8
0+
b0 ,
b0 =
b1101100100 <
1*
10
#8680000
0*
00
#8685000
b1 L
b0 E
b110 6
b1101100101 <
1*
10
#8690000
0*
00
#8695000
1(
b1 E
b1 J
b1000010000 H
b10000 N
b0 6
b1101100110 <
1*
10
#8700000
0*
00
#8705000
b1 8
b1 6
b1101100111 <
1*
10
#8710000
0*
00
#8715000
b10 L
1+
b10 8
b1101101000 <
1*
10
#8720000
0*
00
#8725000
0%
b10 '
b10 A
b10000 )
b10000 @
b100 L
b10 E
b11 8
b1101101001 <
1*
10
#8730000
0*
00
#8735000
1%
b1000010000 )
b1000010000 @
b101 L
b100 E
b10 6
b100 8
b10100000000000000000000000000100 ,
b10100000000000000000000000000100 =
b1101101010 <
1*
10
#8740000
0*
00
#8745000
b0 '
b0 A
0(
b110 L
b10001 N
b101 E
b101 8
b100 6
b1101101011 <
1*
10
#8750000
0*
00
#8755000
b0 L
b110 E
b0 J
b1000010001 H
b101 6
b0 8
0+
b0 ,
b0 =
b1101101100 <
1*
10
#8760000
0*
00
#8765000
b1 L
b0 E
b110 6
b1101101101 <
1*
10
#8770000
0*
00
#8775000
1(
b1 E
b1 J
b1000010000 H
b10000 N
b0 6
b1101101110 <
1*
10
#8780000
0*
00
#8785000
b1 8
b1 6
b1101101111 <
1*
10
#8790000
0*
00
#8795000
b10 L
1+
b10 8
b1101110000 <
1*
10
#8800000
0*
00
#8805000
0%
b10 '
b10 A
b10000 )
b10000 @
b100 L
b10 E
b11 8
b1101110001 <
1*
10
#8810000
0*
00
#8815000
1%
b1000010000 )
b1000010000 @
b101 L
b100 E
b10 6
b100 8
b10100000000000000000000000000100 ,
b10100000000000000000000000000100 =
b1101110010 <
1*
10
#8820000
0*
00
#8825000
b0 '
b0 A
0(
b110 L
b10001 N
b101 E
b101 8
b100 6
b1101110011 <
1*
10
#8830000
0*
00
#8835000
b0 L
b110 E
b0 J
b1000010001 H
b101 6
b0 8
0+
b0 ,
b0 =
b1101110100 <
1*
10
#8840000
0*
00
#8845000
b1 L
b0 E
b110 6
b1101110101 <
1*
10
#8850000
0*
00
#8855000
1(
b1 E
b1 J
b1000010000 H
b10000 N
b0 6
b1101110110 <
1*
10
#8860000
0*
00
#8865000
b1 8
b1 6
b1101110111 <
1*
10
#8870000
0*
00
#8875000
b10 L
1+
b10 8
b1101111000 <
1*
10
#8880000
0*
00
#8885000
0%
b10 '
b10 A
b10000 )
b10000 @
b100 L
b10 E
b11 8
b1101111001 <
1*
10
#8890000
0*
00
#8895000
1%
b1000010000 )
b1000010000 @
b101 L
b100 E
b10 6
b100 8
b10100000000000000000000000000100 ,
b10100000000000000000000000000100 =
b1101111010 <
1*
10
#8900000
0*
00
#8905000
b0 '
b0 A
0(
b110 L
b10001 N
b101 E
b101 8
b100 6
b1101111011 <
1*
10
#8910000
0*
00
#8915000
b0 L
b110 E
b0 J
b1000010001 H
b101 6
b0 8
0+
b0 ,
b0 =
b1101111100 <
1*
10
#8920000
0*
00
#8925000
b1 L
b0 E
b110 6
b1101111101 <
1*
10
#8930000
0*
00
#8935000
1(
b1 E
b1 J
b1000010000 H
b10000 N
b0 6
b1101111110 <
1*
10
#8940000
0*
00
#8945000
b1 8
b1 6
b1101111111 <
1*
10
#8950000
0*
00
#8955000
b10 L
1+
b10 8
b1110000000 <
1*
10
#8960000
0*
00
#8965000
0%
b10 '
b10 A
b10000 )
b10000 @
b100 L
b10 E
b11 8
b1110000001 <
1*
10
#8970000
0*
00
#8975000
1%
b1000010000 )
b1000010000 @
b101 L
b100 E
b10 6
b100 8
b10100000000000000000000000000100 ,
b10100000000000000000000000000100 =
b1110000010 <
1*
10
#8980000
0*
00
#8985000
b0 '
b0 A
0(
b110 L
b10001 N
b101 E
b101 8
b100 6
b1110000011 <
1*
10
#8990000
0*
00
#8995000
b0 L
b110 E
b0 J
b1000010001 H
b101 6
b0 8
0+
b0 ,
b0 =
b1110000100 <
1*
10
#9000000
0*
00
#9005000
b1 L
b0 E
b110 6
b1110000101 <
1*
10
#9010000
0*
00
#9015000
1(
b1 E
b1 J
b1000010000 H
b10000 N
b0 6
b1110000110 <
1*
10
#9020000
0*
00
#9025000
b1 8
b1 6
b1110000111 <
1*
10
#9030000
0*
00
#9035000
b10 L
1+
b10 8
b1110001000 <
1*
10
#9040000
0*
00
#9045000
0%
b10 '
b10 A
b10000 )
b10000 @
b100 L
b10 E
b11 8
b1110001001 <
1*
10
#9050000
0*
00
#9055000
1%
b1000010000 )
b1000010000 @
b101 L
b100 E
b10 6
b100 8
b10100000000000000000000000000100 ,
b10100000000000000000000000000100 =
b1110001010 <
1*
10
#9060000
0*
00
#9065000
b0 '
b0 A
0(
b110 L
b10001 N
b101 E
b101 8
b100 6
b1110001011 <
1*
10
#9070000
0*
00
#9075000
b0 L
b110 E
b0 J
b1000010001 H
b101 6
b0 8
0+
b0 ,
b0 =
b1110001100 <
1*
10
#9080000
0*
00
#9085000
b1 L
b0 E
b110 6
b1110001101 <
1*
10
#9090000
0*
00
#9095000
1(
b1 E
b1 J
b1000010000 H
b10000 N
b0 6
b1110001110 <
1*
10
#9100000
0*
00
#9105000
b1 8
b1 6
b1110001111 <
1*
10
#9110000
0*
00
#9115000
b10 L
1+
b10 8
b1110010000 <
1*
10
#9120000
0*
00
#9125000
0%
b10 '
b10 A
b10000 )
b10000 @
b100 L
b10 E
b11 8
b1110010001 <
1*
10
#9130000
0*
00
#9135000
1%
b1000010000 )
b1000010000 @
b101 L
b100 E
b10 6
b100 8
b10100000000000000000000000000100 ,
b10100000000000000000000000000100 =
b1110010010 <
1*
10
#9140000
0*
00
#9145000
b0 '
b0 A
0(
b110 L
b10001 N
b101 E
b101 8
b100 6
b1110010011 <
1*
10
#9150000
0*
00
#9155000
b0 L
b110 E
b0 J
b1000010001 H
b101 6
b0 8
0+
b0 ,
b0 =
b1110010100 <
1*
10
#9160000
0*
00
#9165000
b1 L
b0 E
b110 6
b1110010101 <
1*
10
#9170000
0*
00
#9175000
1(
b1 E
b1 J
b1000010000 H
b10000 N
b0 6
b1110010110 <
1*
10
#9180000
0*
00
#9185000
b1 8
b1 6
b1110010111 <
1*
10
#9190000
0*
00
#9195000
b10 L
1+
b10 8
b1110011000 <
1*
10
#9200000
0*
00
#9205000
0%
b10 '
b10 A
b10000 )
b10000 @
b100 L
b10 E
b11 8
b1110011001 <
1*
10
#9210000
0*
00
#9215000
1%
b1000010000 )
b1000010000 @
b101 L
b100 E
b10 6
b100 8
b10100000000000000000000000000100 ,
b10100000000000000000000000000100 =
b1110011010 <
1*
10
#9220000
0*
00
#9225000
b0 '
b0 A
0(
b110 L
b10001 N
b101 E
b101 8
b100 6
b1110011011 <
1*
10
#9230000
0*
00
#9235000
b0 L
b110 E
b0 J
b1000010001 H
b101 6
b0 8
0+
b0 ,
b0 =
b1110011100 <
1*
10
#9240000
0*
00
#9245000
b1 L
b0 E
b110 6
b1110011101 <
1*
10
#9250000
0*
00
#9255000
1(
b1 E
b1 J
b1000010000 H
b10000 N
b0 6
b1110011110 <
1*
10
#9260000
0*
00
#9265000
b1 8
b1 6
b1110011111 <
1*
10
#9270000
0*
00
#9275000
b10 L
1+
b10 8
b1110100000 <
1*
10
#9280000
0*
00
#9285000
0%
b10 '
b10 A
b10000 )
b10000 @
b100 L
b10 E
b11 8
b1110100001 <
1*
10
#9290000
0*
00
#9295000
1%
b1000010000 )
b1000010000 @
b101 L
b100 E
b10 6
b100 8
b10100000000000000000000000000100 ,
b10100000000000000000000000000100 =
b1110100010 <
1*
10
#9300000
0*
00
#9305000
b0 '
b0 A
0(
b110 L
b10001 N
b101 E
b101 8
b100 6
b1110100011 <
1*
10
#9310000
0*
00
#9315000
b0 L
b110 E
b0 J
b1000010001 H
b101 6
b0 8
0+
b0 ,
b0 =
b1110100100 <
1*
10
#9320000
0*
00
#9325000
b1 L
b0 E
b110 6
b1110100101 <
1*
10
#9330000
0*
00
#9335000
1(
b1 E
b1 J
b1000010000 H
b10000 N
b0 6
b1110100110 <
1*
10
#9340000
0*
00
#9345000
b1 8
b1 6
b1110100111 <
1*
10
#9350000
0*
00
#9355000
b10 L
1+
b10 8
b1110101000 <
1*
10
#9360000
0*
00
#9365000
0%
b10 '
b10 A
b10000 )
b10000 @
b100 L
b10 E
b11 8
b1110101001 <
1*
10
#9370000
0*
00
#9375000
1%
b1000010000 )
b1000010000 @
b101 L
b100 E
b10 6
b100 8
b10100000000000000000000000000100 ,
b10100000000000000000000000000100 =
b1110101010 <
1*
10
#9380000
0*
00
#9385000
b0 '
b0 A
0(
b110 L
b10001 N
b101 E
b101 8
b100 6
b1110101011 <
1*
10
#9390000
0*
00
#9395000
b0 L
b110 E
b0 J
b1000010001 H
b101 6
b0 8
0+
b0 ,
b0 =
b1110101100 <
1*
10
#9400000
0*
00
#9405000
b1 L
b0 E
b110 6
b1110101101 <
1*
10
#9410000
0*
00
#9415000
1(
b1 E
b1 J
b1000010000 H
b10000 N
b0 6
b1110101110 <
1*
10
#9420000
0*
00
#9425000
b1 8
b1 6
b1110101111 <
1*
10
#9430000
0*
00
#9435000
b10 L
1+
b10 8
b1110110000 <
1*
10
#9440000
0*
00
#9445000
0%
b10 '
b10 A
b10000 )
b10000 @
b100 L
b10 E
b11 8
b1110110001 <
1*
10
#9450000
0*
00
#9455000
1%
b1000010000 )
b1000010000 @
b101 L
b100 E
b10 6
b100 8
b10100000000000000000000000000100 ,
b10100000000000000000000000000100 =
b1110110010 <
1*
10
#9460000
0*
00
#9465000
b0 '
b0 A
0(
b110 L
b10001 N
b101 E
b101 8
b100 6
b1110110011 <
1*
10
#9470000
0*
00
#9475000
b0 L
b110 E
b0 J
b1000010001 H
b101 6
b0 8
0+
b0 ,
b0 =
b1110110100 <
1*
10
#9480000
0*
00
#9485000
b1 L
b0 E
b110 6
b1110110101 <
1*
10
#9490000
0*
00
#9495000
1(
b1 E
b1 J
b1000010000 H
b10000 N
b0 6
b1110110110 <
1*
10
#9500000
0*
00
#9505000
b1 8
b1 6
b1110110111 <
1*
10
#9510000
0*
00
#9515000
b10 L
1+
b10 8
b1110111000 <
1*
10
#9520000
0*
00
#9525000
0%
b10 '
b10 A
b10000 )
b10000 @
b100 L
b10 E
b11 8
b1110111001 <
1*
10
#9530000
0*
00
#9535000
1%
b1000010000 )
b1000010000 @
b101 L
b100 E
b10 6
b100 8
b10100000000000000000000000000100 ,
b10100000000000000000000000000100 =
b1110111010 <
1*
10
#9540000
0*
00
#9545000
b0 '
b0 A
0(
b110 L
b10001 N
b101 E
b101 8
b100 6
b1110111011 <
1*
10
#9550000
0*
00
#9555000
b0 L
b110 E
b0 J
b1000010001 H
b101 6
b0 8
0+
b0 ,
b0 =
b1110111100 <
1*
10
#9560000
0*
00
#9565000
b1 L
b0 E
b110 6
b1110111101 <
1*
10
#9570000
0*
00
#9575000
1(
b1 E
b1 J
b1000010000 H
b10000 N
b0 6
b1110111110 <
1*
10
#9580000
0*
00
#9585000
b1 8
b1 6
b1110111111 <
1*
10
#9590000
0*
00
#9595000
b10 L
1+
b10 8
b1111000000 <
1*
10
#9600000
0*
00
#9605000
0%
b10 '
b10 A
b10000 )
b10000 @
b100 L
b10 E
b11 8
b1111000001 <
1*
10
#9610000
0*
00
#9615000
1%
b1000010000 )
b1000010000 @
b101 L
b100 E
b10 6
b100 8
b10100000000000000000000000000100 ,
b10100000000000000000000000000100 =
b1111000010 <
1*
10
#9620000
0*
00
#9625000
b0 '
b0 A
0(
b110 L
b10001 N
b101 E
b101 8
b100 6
b1111000011 <
1*
10
#9630000
0*
00
#9635000
b0 L
b110 E
b0 J
b1000010001 H
b101 6
b0 8
0+
b0 ,
b0 =
b1111000100 <
1*
10
#9640000
0*
00
#9645000
b1 L
b0 E
b110 6
b1111000101 <
1*
10
#9650000
0*
00
#9655000
1(
b1 E
b1 J
b1000010000 H
b10000 N
b0 6
b1111000110 <
1*
10
#9660000
0*
00
#9665000
b1 8
b1 6
b1111000111 <
1*
10
#9670000
0*
00
#9675000
b10 L
1+
b10 8
b1111001000 <
1*
10
#9680000
0*
00
#9685000
0%
b10 '
b10 A
b10000 )
b10000 @
b100 L
b10 E
b11 8
b1111001001 <
1*
10
#9690000
0*
00
#9695000
1%
b1000010000 )
b1000010000 @
b101 L
b100 E
b10 6
b100 8
b10100000000000000000000000000100 ,
b10100000000000000000000000000100 =
b1111001010 <
1*
10
#9700000
0*
00
#9705000
b0 '
b0 A
0(
b110 L
b10001 N
b101 E
b101 8
b100 6
b1111001011 <
1*
10
#9710000
0*
00
#9715000
b0 L
b110 E
b0 J
b1000010001 H
b101 6
b0 8
0+
b0 ,
b0 =
b1111001100 <
1*
10
#9720000
0*
00
#9725000
b1 L
b0 E
b110 6
b1111001101 <
1*
10
#9730000
0*
00
#9735000
1(
b1 E
b1 J
b1000010000 H
b10000 N
b0 6
b1111001110 <
1*
10
#9740000
0*
00
#9745000
b1 8
b1 6
b1111001111 <
1*
10
#9750000
0*
00
#9755000
b10 L
1+
b10 8
b1111010000 <
1*
10
#9760000
0*
00
#9765000
0%
b10 '
b10 A
b10000 )
b10000 @
b100 L
b10 E
b11 8
b1111010001 <
1*
10
#9770000
0*
00
#9775000
1%
b1000010000 )
b1000010000 @
b101 L
b100 E
b10 6
b100 8
b10100000000000000000000000000100 ,
b10100000000000000000000000000100 =
b1111010010 <
1*
10
#9780000
0*
00
#9785000
b0 '
b0 A
0(
b110 L
b10001 N
b101 E
b101 8
b100 6
b1111010011 <
1*
10
#9790000
0*
00
#9795000
b0 L
b110 E
b0 J
b1000010001 H
b101 6
b0 8
0+
b0 ,
b0 =
b1111010100 <
1*
10
#9800000
0*
00
#9805000
b1 L
b0 E
b110 6
b1111010101 <
1*
10
#9810000
0*
00
#9815000
1(
b1 E
b1 J
b1000010000 H
b10000 N
b0 6
b1111010110 <
1*
10
#9820000
0*
00
#9825000
b1 8
b1 6
b1111010111 <
1*
10
#9830000
0*
00
#9835000
b10 L
1+
b10 8
b1111011000 <
1*
10
#9840000
0*
00
#9845000
0%
b10 '
b10 A
b10000 )
b10000 @
b100 L
b10 E
b11 8
b1111011001 <
1*
10
#9850000
0*
00
#9855000
1%
b1000010000 )
b1000010000 @
b101 L
b100 E
b10 6
b100 8
b10100000000000000000000000000100 ,
b10100000000000000000000000000100 =
b1111011010 <
1*
10
#9860000
0*
00
#9865000
b0 '
b0 A
0(
b110 L
b10001 N
b101 E
b101 8
b100 6
b1111011011 <
1*
10
#9870000
0*
00
#9875000
b0 L
b110 E
b0 J
b1000010001 H
b101 6
b0 8
0+
b0 ,
b0 =
b1111011100 <
1*
10
#9880000
0*
00
#9885000
b1 L
b0 E
b110 6
b1111011101 <
1*
10
#9890000
0*
00
#9895000
1(
b1 E
b1 J
b1000010000 H
b10000 N
b0 6
b1111011110 <
1*
10
#9900000
0*
00
#9905000
b1 8
b1 6
b1111011111 <
1*
10
#9910000
0*
00
#9915000
b10 L
1+
b10 8
b1111100000 <
1*
10
#9920000
0*
00
#9925000
0%
b10 '
b10 A
b10000 )
b10000 @
b100 L
b10 E
b11 8
b1111100001 <
1*
10
#9930000
0*
00
#9935000
1%
b1000010000 )
b1000010000 @
b101 L
b100 E
b10 6
b100 8
b10100000000000000000000000000100 ,
b10100000000000000000000000000100 =
b1111100010 <
1*
10
#9940000
0*
00
#9945000
b0 '
b0 A
0(
b110 L
b10001 N
b101 E
b101 8
b100 6
b1111100011 <
1*
10
#9950000
0*
00
#9955000
b0 L
b110 E
b0 J
b1000010001 H
b101 6
b0 8
0+
b0 ,
b0 =
b1111100100 <
1*
10
#9960000
0*
00
#9965000
b1 L
b0 E
b110 6
b1111100101 <
1*
10
#9970000
0*
00
#9975000
1(
b1 E
b1 J
b1000010000 H
b10000 N
b0 6
b1111100110 <
1*
10
#9980000
0*
00
#9985000
b1 8
b1 6
b1111100111 <
1*
10
#9990000
0*
00
#9995000
b10 L
1+
b10 8
b1111101000 <
1*
10
#10000000
0*
00
#10005000
0%
b10 '
b10 A
b10000 )
b10000 @
b100 L
b10 E
b11 8
b1111101001 <
1*
10
#10010000
0*
00
#10015000
1%
b1000010000 )
b1000010000 @
b101 L
b100 E
b10 6
b100 8
b10100000000000000000000000000100 ,
b10100000000000000000000000000100 =
b1111101010 <
1*
10
#10020000
0*
00
#10025000
b0 '
b0 A
0(
b110 L
b10001 N
b101 E
b101 8
b100 6
b1111101011 <
1*
10
#10030000
0*
00
#10035000
b0 L
b110 E
b0 J
b1000010001 H
b101 6
b0 8
0+
b0 ,
b0 =
b1111101100 <
1*
10
#10040000
0*
00
#10045000
b1 L
b0 E
b110 6
b1111101101 <
1*
10
#10050000
0*
00
#10055000
1(
b1 E
b1 J
b1000010000 H
b10000 N
b0 6
b1111101110 <
1*
10
#10060000
0*
00
#10065000
b1 8
b1 6
b1111101111 <
1*
10
#10070000
0*
00
#10075000
b10 L
1+
b10 8
b1111110000 <
1*
10
#10080000
0*
00
#10085000
0%
b10 '
b10 A
b10000 )
b10000 @
b100 L
b10 E
b11 8
b1111110001 <
1*
10
#10090000
0*
00
#10095000
1%
b1000010000 )
b1000010000 @
b101 L
b100 E
b10 6
b100 8
b10100000000000000000000000000100 ,
b10100000000000000000000000000100 =
b1111110010 <
1*
10
#10100000
0*
00
#10105000
b0 '
b0 A
0(
b110 L
b10001 N
b101 E
b101 8
b100 6
b1111110011 <
1*
10
#10110000
0*
00
#10115000
b0 L
b110 E
b0 J
b1000010001 H
b101 6
b0 8
0+
b0 ,
b0 =
b1111110100 <
1*
10
#10120000
0*
00
#10125000
b1 L
b0 E
b110 6
b1111110101 <
1*
10
#10130000
0*
00
#10135000
1(
b1 E
b1 J
b1000010000 H
b10000 N
b0 6
b1111110110 <
1*
10
#10140000
0*
00
#10145000
b1 8
b1 6
b1111110111 <
1*
10
#10150000
0*
00
#10155000
b10 L
1+
b10 8
b1111111000 <
1*
10
#10160000
0*
00
#10165000
0%
b10 '
b10 A
b10000 )
b10000 @
b100 L
b10 E
b11 8
b1111111001 <
1*
10
#10170000
0*
00
#10175000
1%
b1000010000 )
b1000010000 @
b101 L
b100 E
b10 6
b100 8
b10100000000000000000000000000100 ,
b10100000000000000000000000000100 =
b1111111010 <
1*
10
#10180000
0*
00
#10185000
b0 '
b0 A
0(
b110 L
b10001 N
b101 E
b101 8
b100 6
b1111111011 <
1*
10
#10190000
0*
00
#10195000
b0 L
b110 E
b0 J
b1000010001 H
b101 6
b0 8
0+
b0 ,
b0 =
b1111111100 <
1*
10
#10200000
0*
00
#10205000
b1 L
b0 E
b110 6
b1111111101 <
1*
10
#10210000
0*
00
#10215000
1(
b1 E
b1 J
b1000010000 H
b10000 N
b0 6
b1111111110 <
1*
10
#10220000
0*
00
#10225000
b1 8
b1 6
b1111111111 <
1*
10
#10230000
0*
00
#10235000
b10 L
1+
b10 8
b10000000000 <
1*
10
#10240000
0*
00
#10245000
0%
b10 '
b10 A
b10000 )
b10000 @
b100 L
b10 E
b11 8
b10000000001 <
1*
10
#10250000
0*
00
#10255000
1%
b1000010000 )
b1000010000 @
b101 L
b100 E
b10 6
b100 8
b10100000000000000000000000000100 ,
b10100000000000000000000000000100 =
b10000000010 <
1*
10
#10260000
0*
00
#10265000
b0 '
b0 A
0(
b110 L
b10001 N
b101 E
b101 8
b100 6
b10000000011 <
1*
10
#10270000
0*
00
#10275000
b0 L
b110 E
b0 J
b1000010001 H
b101 6
b0 8
0+
b0 ,
b0 =
b10000000100 <
1*
10
#10280000
0*
00
#10285000
b1 L
b0 E
b110 6
b10000000101 <
1*
10
#10290000
0*
00
#10295000
1(
b1 E
b1 J
b1000010000 H
b10000 N
b0 6
b10000000110 <
1*
10
#10300000
0*
00
#10305000
b1 8
b1 6
b10000000111 <
1*
10
#10310000
0*
00
#10315000
b10 L
1+
b10 8
b10000001000 <
1*
10
#10320000
0*
00
#10325000
0%
b10 '
b10 A
b10000 )
b10000 @
b100 L
b10 E
b11 8
b10000001001 <
1*
10
#10330000
0*
00
#10335000
1%
b1000010000 )
b1000010000 @
b101 L
b100 E
b10 6
b100 8
b10100000000000000000000000000100 ,
b10100000000000000000000000000100 =
b10000001010 <
1*
10
#10340000
0*
00
#10345000
b0 '
b0 A
0(
b110 L
b10001 N
b101 E
b101 8
b100 6
b10000001011 <
1*
10
#10350000
0*
00
#10355000
b0 L
b110 E
b0 J
b1000010001 H
b101 6
b0 8
0+
b0 ,
b0 =
b10000001100 <
1*
10
#10360000
0*
00
#10365000
b1 L
b0 E
b110 6
b10000001101 <
1*
10
#10370000
0*
00
#10375000
1(
b1 E
b1 J
b1000010000 H
b10000 N
b0 6
b10000001110 <
1*
10
#10380000
0*
00
#10385000
b1 8
b1 6
b10000001111 <
1*
10
#10390000
0*
00
#10395000
b10 L
1+
b10 8
b10000010000 <
1*
10
#10400000
0*
00
#10405000
0%
b10 '
b10 A
b10000 )
b10000 @
b100 L
b10 E
b11 8
b10000010001 <
1*
10
#10410000
0*
00
#10415000
1%
b1000010000 )
b1000010000 @
b101 L
b100 E
b10 6
b100 8
b10100000000000000000000000000100 ,
b10100000000000000000000000000100 =
b10000010010 <
1*
10
#10420000
0*
00
#10425000
b0 '
b0 A
0(
b110 L
b10001 N
b101 E
b101 8
b100 6
b10000010011 <
1*
10
#10430000
0*
00
#10435000
b0 L
b110 E
b0 J
b1000010001 H
b101 6
b0 8
0+
b0 ,
b0 =
b10000010100 <
1*
10
#10440000
0*
00
#10445000
b1 L
b0 E
b110 6
b10000010101 <
1*
10
#10450000
0*
00
#10455000
1(
b1 E
b1 J
b1000010000 H
b10000 N
b0 6
b10000010110 <
1*
10
#10460000
0*
00
#10465000
b1 8
b1 6
b10000010111 <
1*
10
#10470000
0*
00
#10475000
b10 L
1+
b10 8
b10000011000 <
1*
10
#10480000
0*
00
#10485000
0%
b10 '
b10 A
b10000 )
b10000 @
b100 L
b10 E
b11 8
b10000011001 <
1*
10
#10490000
0*
00
#10495000
1%
b1000010000 )
b1000010000 @
b101 L
b100 E
b10 6
b100 8
b10100000000000000000000000000100 ,
b10100000000000000000000000000100 =
b10000011010 <
1*
10
#10500000
0*
00
#10505000
b0 '
b0 A
0(
b110 L
b10001 N
b101 E
b101 8
b100 6
b10000011011 <
1*
10
#10510000
0*
00
#10515000
b0 L
b110 E
b0 J
b1000010001 H
b101 6
b0 8
0+
b0 ,
b0 =
b10000011100 <
1*
10
#10520000
0*
00
#10525000
b1 L
b0 E
b110 6
b10000011101 <
1*
10
#10530000
0*
00
#10535000
1(
b1 E
b1 J
b1000010000 H
b10000 N
b0 6
b10000011110 <
1*
10
#10540000
0*
00
#10545000
b1 8
b1 6
b10000011111 <
1*
10
#10550000
0*
00
#10555000
b10 L
1+
b10 8
b10000100000 <
1*
10
#10560000
0*
00
#10565000
0%
b10 '
b10 A
b10000 )
b10000 @
b100 L
b10 E
b11 8
b10000100001 <
1*
10
#10570000
0*
00
#10575000
1%
b1000010000 )
b1000010000 @
b101 L
b100 E
b10 6
b100 8
b10100000000000000000000000000100 ,
b10100000000000000000000000000100 =
b10000100010 <
1*
10
#10580000
0*
00
#10585000
b0 '
b0 A
0(
b110 L
b10001 N
b101 E
b101 8
b100 6
b10000100011 <
1*
10
#10590000
0*
00
#10595000
b0 L
b110 E
b0 J
b1000010001 H
b101 6
b0 8
0+
b0 ,
b0 =
b10000100100 <
1*
10
#10600000
0*
00
#10605000
b1 L
b0 E
b110 6
b10000100101 <
1*
10
#10610000
0*
00
#10615000
1(
b1 E
b1 J
b1000010000 H
b10000 N
b0 6
b10000100110 <
1*
10
#10620000
0*
00
#10625000
b1 8
b1 6
b10000100111 <
1*
10
#10630000
0*
00
#10635000
b10 L
1+
b10 8
b10000101000 <
1*
10
#10640000
0*
00
#10645000
0%
b10 '
b10 A
b10000 )
b10000 @
b100 L
b10 E
b11 8
b10000101001 <
1*
10
#10650000
0*
00
#10655000
1%
b1000010000 )
b1000010000 @
b101 L
b100 E
b10 6
b100 8
b10100000000000000000000000000100 ,
b10100000000000000000000000000100 =
b10000101010 <
1*
10
#10660000
0*
00
#10665000
b0 '
b0 A
0(
b110 L
b10001 N
b101 E
b101 8
b100 6
b10000101011 <
1*
10
#10670000
0*
00
#10675000
b0 L
b110 E
b0 J
b1000010001 H
b101 6
b0 8
0+
b0 ,
b0 =
b10000101100 <
1*
10
#10680000
0*
00
#10685000
b1 L
b0 E
b110 6
b10000101101 <
1*
10
#10690000
0*
00
#10695000
1(
b1 E
b1 J
b1000010000 H
b10000 N
b0 6
b10000101110 <
1*
10
#10700000
0*
00
#10705000
b1 8
b1 6
b10000101111 <
1*
10
#10710000
0*
00
#10715000
b10 L
1+
b10 8
b10000110000 <
1*
10
#10720000
0*
00
#10725000
0%
b10 '
b10 A
b10000 )
b10000 @
b100 L
b10 E
b11 8
b10000110001 <
1*
10
#10730000
0*
00
#10735000
1%
b1000010000 )
b1000010000 @
b101 L
b100 E
b10 6
b100 8
b10100000000000000000000000000100 ,
b10100000000000000000000000000100 =
b10000110010 <
1*
10
#10740000
0*
00
#10745000
b0 '
b0 A
0(
b110 L
b10001 N
b101 E
b101 8
b100 6
b10000110011 <
1*
10
#10750000
0*
00
#10755000
b0 L
b110 E
b0 J
b1000010001 H
b101 6
b0 8
0+
b0 ,
b0 =
b10000110100 <
1*
10
#10760000
0*
00
#10765000
b1 L
b0 E
b110 6
b10000110101 <
1*
10
#10770000
0*
00
#10775000
1(
b1 E
b1 J
b1000010000 H
b10000 N
b0 6
b10000110110 <
1*
10
#10780000
0*
00
#10785000
b1 8
b1 6
b10000110111 <
1*
10
#10790000
0*
00
#10795000
b10 L
1+
b10 8
b10000111000 <
1*
10
#10800000
0*
00
#10805000
0%
b10 '
b10 A
b10000 )
b10000 @
b100 L
b10 E
b11 8
b10000111001 <
1*
10
#10810000
0*
00
#10815000
1%
b1000010000 )
b1000010000 @
b101 L
b100 E
b10 6
b100 8
b10100000000000000000000000000100 ,
b10100000000000000000000000000100 =
b10000111010 <
1*
10
#10820000
0*
00
#10825000
b0 '
b0 A
0(
b110 L
b10001 N
b101 E
b101 8
b100 6
b10000111011 <
1*
10
#10830000
0*
00
#10835000
b0 L
b110 E
b0 J
b1000010001 H
b101 6
b0 8
0+
b0 ,
b0 =
b10000111100 <
1*
10
#10840000
0*
00
#10845000
b1 L
b0 E
b110 6
b10000111101 <
1*
10
#10850000
0*
00
#10855000
1(
b1 E
b1 J
b1000010000 H
b10000 N
b0 6
b10000111110 <
1*
10
#10860000
0*
00
#10865000
b1 8
b1 6
b10000111111 <
1*
10
#10870000
0*
00
#10875000
b10 L
1+
b10 8
b10001000000 <
1*
10
#10880000
0*
00
#10885000
0%
b10 '
b10 A
b10000 )
b10000 @
b100 L
b10 E
b11 8
b10001000001 <
1*
10
#10890000
0*
00
#10895000
1%
b1000010000 )
b1000010000 @
b101 L
b100 E
b10 6
b100 8
b10100000000000000000000000000100 ,
b10100000000000000000000000000100 =
b10001000010 <
1*
10
#10900000
0*
00
#10905000
b0 '
b0 A
0(
b110 L
b10001 N
b101 E
b101 8
b100 6
b10001000011 <
1*
10
#10910000
0*
00
#10915000
b0 L
b110 E
b0 J
b1000010001 H
b101 6
b0 8
0+
b0 ,
b0 =
b10001000100 <
1*
10
#10920000
0*
00
#10925000
b1 L
b0 E
b110 6
b10001000101 <
1*
10
#10930000
0*
00
#10935000
1(
b1 E
b1 J
b1000010000 H
b10000 N
b0 6
b10001000110 <
1*
10
#10940000
0*
00
#10945000
b1 8
b1 6
b10001000111 <
1*
10
#10950000
0*
00
#10955000
b10 L
1+
b10 8
b10001001000 <
1*
10
#10960000
0*
00
#10965000
0%
b10 '
b10 A
b10000 )
b10000 @
b100 L
b10 E
b11 8
b10001001001 <
1*
10
#10970000
0*
00
#10975000
1%
b1000010000 )
b1000010000 @
b101 L
b100 E
b10 6
b100 8
b10100000000000000000000000000100 ,
b10100000000000000000000000000100 =
b10001001010 <
1*
10
#10980000
0*
00
#10985000
b0 '
b0 A
0(
b110 L
b10001 N
b101 E
b101 8
b100 6
b10001001011 <
1*
10
#10990000
0*
00
#10995000
b0 L
b110 E
b0 J
b1000010001 H
b101 6
b0 8
0+
b0 ,
b0 =
b10001001100 <
1*
10
#11000000
0*
00
#11005000
b1 L
b0 E
b110 6
b10001001101 <
1*
10
#11010000
0*
00
#11015000
1(
b1 E
b1 J
b1000010000 H
b10000 N
b0 6
b10001001110 <
1*
10
#11020000
0*
00
#11025000
b1 8
b1 6
b10001001111 <
1*
10
#11030000
0*
00
#11035000
b10 L
1+
b10 8
b10001010000 <
1*
10
#11040000
0*
00
#11045000
0%
b10 '
b10 A
b10000 )
b10000 @
b100 L
b10 E
b11 8
b10001010001 <
1*
10
#11050000
0*
00
#11055000
1%
b1000010000 )
b1000010000 @
b101 L
b100 E
b10 6
b100 8
b10100000000000000000000000000100 ,
b10100000000000000000000000000100 =
b10001010010 <
1*
10
#11060000
0*
00
#11065000
b0 '
b0 A
0(
b110 L
b10001 N
b101 E
b101 8
b100 6
b10001010011 <
1*
10
#11070000
0*
00
#11075000
b0 L
b110 E
b0 J
b1000010001 H
b101 6
b0 8
0+
b0 ,
b0 =
b10001010100 <
1*
10
#11080000
0*
00
#11085000
b1 L
b0 E
b110 6
b10001010101 <
1*
10
#11090000
0*
00
#11095000
1(
b1 E
b1 J
b1000010000 H
b10000 N
b0 6
b10001010110 <
1*
10
#11100000
0*
00
#11105000
b1 8
b1 6
b10001010111 <
1*
10
#11110000
0*
00
#11115000
b10 L
1+
b10 8
b10001011000 <
1*
10
#11120000
0*
00
#11125000
0%
b10 '
b10 A
b10000 )
b10000 @
b100 L
b10 E
b11 8
b10001011001 <
1*
10
#11130000
0*
00
#11135000
1%
b1000010000 )
b1000010000 @
b101 L
b100 E
b10 6
b100 8
b10100000000000000000000000000100 ,
b10100000000000000000000000000100 =
b10001011010 <
1*
10
#11140000
0*
00
#11145000
b0 '
b0 A
0(
b110 L
b10001 N
b101 E
b101 8
b100 6
b10001011011 <
1*
10
#11150000
0*
00
#11155000
b0 L
b110 E
b0 J
b1000010001 H
b101 6
b0 8
0+
b0 ,
b0 =
b10001011100 <
1*
10
#11160000
0*
00
#11165000
b1 L
b0 E
b110 6
b10001011101 <
1*
10
#11170000
0*
00
#11175000
1(
b1 E
b1 J
b1000010000 H
b10000 N
b0 6
b10001011110 <
1*
10
#11180000
0*
00
#11185000
b1 8
b1 6
b10001011111 <
1*
10
#11190000
0*
00
#11195000
b10 L
1+
b10 8
b10001100000 <
1*
10
#11200000
0*
00
#11205000
0%
b10 '
b10 A
b10000 )
b10000 @
b100 L
b10 E
b11 8
b10001100001 <
1*
10
#11210000
0*
00
#11215000
1%
b1000010000 )
b1000010000 @
b101 L
b100 E
b10 6
b100 8
b10100000000000000000000000000100 ,
b10100000000000000000000000000100 =
b10001100010 <
1*
10
#11220000
0*
00
#11225000
b0 '
b0 A
0(
b110 L
b10001 N
b101 E
b101 8
b100 6
b10001100011 <
1*
10
#11230000
0*
00
#11235000
b0 L
b110 E
b0 J
b1000010001 H
b101 6
b0 8
0+
b0 ,
b0 =
b10001100100 <
1*
10
#11240000
0*
00
#11245000
b1 L
b0 E
b110 6
b10001100101 <
1*
10
#11250000
0*
00
#11255000
1(
b1 E
b1 J
b1000010000 H
b10000 N
b0 6
b10001100110 <
1*
10
#11260000
0*
00
#11265000
b1 8
b1 6
b10001100111 <
1*
10
#11270000
0*
00
#11275000
b10 L
1+
b10 8
b10001101000 <
1*
10
#11280000
0*
00
#11285000
0%
b10 '
b10 A
b10000 )
b10000 @
b100 L
b10 E
b11 8
b10001101001 <
1*
10
#11290000
0*
00
#11295000
1%
b1000010000 )
b1000010000 @
b101 L
b100 E
b10 6
b100 8
b10100000000000000000000000000100 ,
b10100000000000000000000000000100 =
b10001101010 <
1*
10
#11300000
0*
00
#11305000
b0 '
b0 A
0(
b110 L
b10001 N
b101 E
b101 8
b100 6
b10001101011 <
1*
10
#11310000
0*
00
#11315000
b0 L
b110 E
b0 J
b1000010001 H
b101 6
b0 8
0+
b0 ,
b0 =
b10001101100 <
1*
10
#11320000
0*
00
#11325000
b1 L
b0 E
b110 6
b10001101101 <
1*
10
#11330000
0*
00
#11335000
1(
b1 E
b1 J
b1000010000 H
b10000 N
b0 6
b10001101110 <
1*
10
#11340000
0*
00
#11345000
b1 8
b1 6
b10001101111 <
1*
10
#11350000
0*
00
#11355000
b10 L
1+
b10 8
b10001110000 <
1*
10
#11360000
0*
00
#11365000
0%
b10 '
b10 A
b10000 )
b10000 @
b100 L
b10 E
b11 8
b10001110001 <
1*
10
#11370000
0*
00
#11375000
1%
b1000010000 )
b1000010000 @
b101 L
b100 E
b10 6
b100 8
b10100000000000000000000000000100 ,
b10100000000000000000000000000100 =
b10001110010 <
1*
10
#11380000
0*
00
#11385000
b0 '
b0 A
0(
b110 L
b10001 N
b101 E
b101 8
b100 6
b10001110011 <
1*
10
#11390000
0*
00
#11395000
b0 L
b110 E
b0 J
b1000010001 H
b101 6
b0 8
0+
b0 ,
b0 =
b10001110100 <
1*
10
#11400000
0*
00
#11405000
b1 L
b0 E
b110 6
b10001110101 <
1*
10
#11410000
0*
00
#11415000
1(
b1 E
b1 J
b1000010000 H
b10000 N
b0 6
b10001110110 <
1*
10
#11420000
0*
00
#11425000
b1 8
b1 6
b10001110111 <
1*
10
#11430000
0*
00
#11435000
b10 L
1+
b10 8
b10001111000 <
1*
10
#11440000
0*
00
#11445000
0%
b10 '
b10 A
b10000 )
b10000 @
b100 L
b10 E
b11 8
b10001111001 <
1*
10
#11450000
0*
00
#11455000
1%
b1000010000 )
b1000010000 @
b101 L
b100 E
b10 6
b100 8
b10100000000000000000000000000100 ,
b10100000000000000000000000000100 =
b10001111010 <
1*
10
#11460000
0*
00
#11465000
b0 '
b0 A
0(
b110 L
b10001 N
b101 E
b101 8
b100 6
b10001111011 <
1*
10
#11470000
0*
00
#11475000
b0 L
b110 E
b0 J
b1000010001 H
b101 6
b0 8
0+
b0 ,
b0 =
b10001111100 <
1*
10
#11480000
0*
00
#11485000
b1 L
b0 E
b110 6
b10001111101 <
1*
10
#11490000
0*
00
#11495000
1(
b1 E
b1 J
b1000010000 H
b10000 N
b0 6
b10001111110 <
1*
10
#11500000
0*
00
#11505000
b1 8
b1 6
b10001111111 <
1*
10
#11510000
0*
00
#11515000
b10 L
1+
b10 8
b10010000000 <
1*
10
#11520000
0*
00
#11525000
0%
b10 '
b10 A
b10000 )
b10000 @
b100 L
b10 E
b11 8
b10010000001 <
1*
10
#11530000
0*
00
#11535000
1%
b1000010000 )
b1000010000 @
b101 L
b100 E
b10 6
b100 8
b10100000000000000000000000000100 ,
b10100000000000000000000000000100 =
b10010000010 <
1*
10
#11540000
0*
00
#11545000
b0 '
b0 A
0(
b110 L
b10001 N
b101 E
b101 8
b100 6
b10010000011 <
1*
10
#11550000
0*
00
#11555000
b0 L
b110 E
b0 J
b1000010001 H
b101 6
b0 8
0+
b0 ,
b0 =
b10010000100 <
1*
10
#11560000
0*
00
#11565000
b1 L
b0 E
b110 6
b10010000101 <
1*
10
#11570000
0*
00
#11575000
1(
b1 E
b1 J
b1000010000 H
b10000 N
b0 6
b10010000110 <
1*
10
#11580000
0*
00
#11585000
b1 8
b1 6
b10010000111 <
1*
10
#11590000
0*
00
#11595000
b10 L
1+
b10 8
b10010001000 <
1*
10
#11600000
0*
00
#11605000
0%
b10 '
b10 A
b10000 )
b10000 @
b100 L
b10 E
b11 8
b10010001001 <
1*
10
#11610000
0*
00
#11615000
1%
b1000010000 )
b1000010000 @
b101 L
b100 E
b10 6
b100 8
b10100000000000000000000000000100 ,
b10100000000000000000000000000100 =
b10010001010 <
1*
10
#11620000
0*
00
#11625000
b0 '
b0 A
0(
b110 L
b10001 N
b101 E
b101 8
b100 6
b10010001011 <
1*
10
#11630000
0*
00
#11635000
b0 L
b110 E
b0 J
b1000010001 H
b101 6
b0 8
0+
b0 ,
b0 =
b10010001100 <
1*
10
#11640000
0*
00
#11645000
b1 L
b0 E
b110 6
b10010001101 <
1*
10
#11650000
0*
00
#11655000
1(
b1 E
b1 J
b1000010000 H
b10000 N
b0 6
b10010001110 <
1*
10
#11660000
0*
00
#11665000
b1 8
b1 6
b10010001111 <
1*
10
#11670000
0*
00
#11675000
b10 L
1+
b10 8
b10010010000 <
1*
10
#11680000
0*
00
#11685000
0%
b10 '
b10 A
b10000 )
b10000 @
b100 L
b10 E
b11 8
b10010010001 <
1*
10
#11690000
0*
00
#11695000
1%
b1000010000 )
b1000010000 @
b101 L
b100 E
b10 6
b100 8
b10100000000000000000000000000100 ,
b10100000000000000000000000000100 =
b10010010010 <
1*
10
#11700000
0*
00
#11705000
b0 '
b0 A
0(
b110 L
b10001 N
b101 E
b101 8
b100 6
b10010010011 <
1*
10
#11710000
0*
00
#11715000
b0 L
b110 E
b0 J
b1000010001 H
b101 6
b0 8
0+
b0 ,
b0 =
b10010010100 <
1*
10
#11720000
0*
00
#11725000
b1 L
b0 E
b110 6
b10010010101 <
1*
10
#11730000
0*
00
#11735000
1(
b1 E
b1 J
b1000010000 H
b10000 N
b0 6
b10010010110 <
1*
10
#11740000
0*
00
#11745000
b1 8
b1 6
b10010010111 <
1*
10
#11750000
0*
00
#11755000
b10 L
1+
b10 8
b10010011000 <
1*
10
#11760000
0*
00
#11765000
0%
b10 '
b10 A
b10000 )
b10000 @
b100 L
b10 E
b11 8
b10010011001 <
1*
10
#11770000
0*
00
#11775000
1%
b1000010000 )
b1000010000 @
b101 L
b100 E
b10 6
b100 8
b10100000000000000000000000000100 ,
b10100000000000000000000000000100 =
b10010011010 <
1*
10
#11780000
0*
00
#11785000
b0 '
b0 A
0(
b110 L
b10001 N
b101 E
b101 8
b100 6
b10010011011 <
1*
10
#11790000
0*
00
#11795000
b0 L
b110 E
b0 J
b1000010001 H
b101 6
b0 8
0+
b0 ,
b0 =
b10010011100 <
1*
10
#11800000
0*
00
#11805000
b1 L
b0 E
b110 6
b10010011101 <
1*
10
#11810000
0*
00
#11815000
1(
b1 E
b1 J
b1000010000 H
b10000 N
b0 6
b10010011110 <
1*
10
#11820000
0*
00
#11825000
b1 8
b1 6
b10010011111 <
1*
10
#11830000
0*
00
#11835000
b10 L
1+
b10 8
b10010100000 <
1*
10
#11840000
0*
00
#11845000
0%
b10 '
b10 A
b10000 )
b10000 @
b100 L
b10 E
b11 8
b10010100001 <
1*
10
#11850000
0*
00
#11855000
1%
b1000010000 )
b1000010000 @
b101 L
b100 E
b10 6
b100 8
b10100000000000000000000000000100 ,
b10100000000000000000000000000100 =
b10010100010 <
1*
10
#11860000
0*
00
#11865000
b0 '
b0 A
0(
b110 L
b10001 N
b101 E
b101 8
b100 6
b10010100011 <
1*
10
#11870000
0*
00
#11875000
b0 L
b110 E
b0 J
b1000010001 H
b101 6
b0 8
0+
b0 ,
b0 =
b10010100100 <
1*
10
#11880000
0*
00
#11885000
b1 L
b0 E
b110 6
b10010100101 <
1*
10
#11890000
0*
00
#11895000
1(
b1 E
b1 J
b1000010000 H
b10000 N
b0 6
b10010100110 <
1*
10
#11900000
0*
00
#11905000
b1 8
b1 6
b10010100111 <
1*
10
#11910000
0*
00
#11915000
b10 L
1+
b10 8
b10010101000 <
1*
10
#11920000
0*
00
#11925000
0%
b10 '
b10 A
b10000 )
b10000 @
b100 L
b10 E
b11 8
b10010101001 <
1*
10
#11930000
0*
00
#11935000
1%
b1000010000 )
b1000010000 @
b101 L
b100 E
b10 6
b100 8
b10100000000000000000000000000100 ,
b10100000000000000000000000000100 =
b10010101010 <
1*
10
#11940000
0*
00
#11945000
b0 '
b0 A
0(
b110 L
b10001 N
b101 E
b101 8
b100 6
b10010101011 <
1*
10
#11950000
0*
00
#11955000
b0 L
b110 E
b0 J
b1000010001 H
b101 6
b0 8
0+
b0 ,
b0 =
b10010101100 <
1*
10
#11960000
0*
00
#11965000
b1 L
b0 E
b110 6
b10010101101 <
1*
10
#11970000
0*
00
#11975000
1(
b1 E
b1 J
b1000010000 H
b10000 N
b0 6
b10010101110 <
1*
10
#11980000
0*
00
#11985000
b1 8
b1 6
b10010101111 <
1*
10
#11990000
0*
00
#11995000
b10 L
1+
b10 8
b10010110000 <
1*
10
#12000000
0*
00
#12005000
0%
b10 '
b10 A
b10000 )
b10000 @
b100 L
b10 E
b11 8
b10010110001 <
1*
10
#12010000
0*
00
#12015000
1%
b1000010000 )
b1000010000 @
b101 L
b100 E
b10 6
b100 8
b10100000000000000000000000000100 ,
b10100000000000000000000000000100 =
b10010110010 <
1*
10
#12020000
0*
00
#12025000
b0 '
b0 A
0(
b110 L
b10001 N
b101 E
b101 8
b100 6
b10010110011 <
1*
10
#12030000
0*
00
#12035000
b0 L
b110 E
b0 J
b1000010001 H
b101 6
b0 8
0+
b0 ,
b0 =
b10010110100 <
1*
10
#12040000
0*
00
#12045000
b1 L
b0 E
b110 6
b10010110101 <
1*
10
#12050000
0*
00
#12055000
1(
b1 E
b1 J
b1000010000 H
b10000 N
b0 6
b10010110110 <
1*
10
#12060000
0*
00
#12065000
b1 8
b1 6
b10010110111 <
1*
10
#12070000
0*
00
#12075000
b10 L
1+
b10 8
b10010111000 <
1*
10
#12080000
0*
00
#12085000
0%
b10 '
b10 A
b10000 )
b10000 @
b100 L
b10 E
b11 8
b10010111001 <
1*
10
#12090000
0*
00
#12095000
1%
b1000010000 )
b1000010000 @
b101 L
b100 E
b10 6
b100 8
b10100000000000000000000000000100 ,
b10100000000000000000000000000100 =
b10010111010 <
1*
10
#12100000
0*
00
#12105000
b0 '
b0 A
0(
b110 L
b10001 N
b101 E
b101 8
b100 6
b10010111011 <
1*
10
#12110000
0*
00
#12115000
b0 L
b110 E
b0 J
b1000010001 H
b101 6
b0 8
0+
b0 ,
b0 =
b10010111100 <
1*
10
#12120000
0*
00
#12125000
b1 L
b0 E
b110 6
b10010111101 <
1*
10
#12130000
0*
00
#12135000
1(
b1 E
b1 J
b1000010000 H
b10000 N
b0 6
b10010111110 <
1*
10
#12140000
0*
00
#12145000
b1 8
b1 6
b10010111111 <
1*
10
#12150000
0*
00
#12155000
b10 L
1+
b10 8
b10011000000 <
1*
10
#12160000
0*
00
#12165000
0%
b10 '
b10 A
b10000 )
b10000 @
b100 L
b10 E
b11 8
b10011000001 <
1*
10
#12170000
0*
00
#12175000
1%
b1000010000 )
b1000010000 @
b101 L
b100 E
b10 6
b100 8
b10100000000000000000000000000100 ,
b10100000000000000000000000000100 =
b10011000010 <
1*
10
#12180000
0*
00
#12185000
b0 '
b0 A
0(
b110 L
b10001 N
b101 E
b101 8
b100 6
b10011000011 <
1*
10
#12190000
0*
00
#12195000
b0 L
b110 E
b0 J
b1000010001 H
b101 6
b0 8
0+
b0 ,
b0 =
b10011000100 <
1*
10
#12200000
0*
00
#12205000
b1 L
b0 E
b110 6
b10011000101 <
1*
10
#12210000
0*
00
#12215000
1(
b1 E
b1 J
b1000010000 H
b10000 N
b0 6
b10011000110 <
1*
10
#12220000
0*
00
#12225000
b1 8
b1 6
b10011000111 <
1*
10
#12230000
0*
00
#12235000
b10 L
1+
b10 8
b10011001000 <
1*
10
#12240000
0*
00
#12245000
0%
b10 '
b10 A
b10000 )
b10000 @
b100 L
b10 E
b11 8
b10011001001 <
1*
10
#12250000
0*
00
#12255000
1%
b1000010000 )
b1000010000 @
b101 L
b100 E
b10 6
b100 8
b10100000000000000000000000000100 ,
b10100000000000000000000000000100 =
b10011001010 <
1*
10
#12260000
0*
00
#12265000
b0 '
b0 A
0(
b110 L
b10001 N
b101 E
b101 8
b100 6
b10011001011 <
1*
10
#12270000
0*
00
#12275000
b0 L
b110 E
b0 J
b1000010001 H
b101 6
b0 8
0+
b0 ,
b0 =
b10011001100 <
1*
10
#12280000
0*
00
#12285000
b1 L
b0 E
b110 6
b10011001101 <
1*
10
#12290000
0*
00
#12295000
1(
b1 E
b1 J
b1000010000 H
b10000 N
b0 6
b10011001110 <
1*
10
#12300000
0*
00
#12305000
b1 8
b1 6
b10011001111 <
1*
10
#12310000
0*
00
#12315000
b10 L
1+
b10 8
b10011010000 <
1*
10
#12320000
0*
00
#12325000
0%
b10 '
b10 A
b10000 )
b10000 @
b100 L
b10 E
b11 8
b10011010001 <
1*
10
#12330000
0*
00
#12335000
1%
b1000010000 )
b1000010000 @
b101 L
b100 E
b10 6
b100 8
b10100000000000000000000000000100 ,
b10100000000000000000000000000100 =
b10011010010 <
1*
10
#12340000
0*
00
#12345000
b0 '
b0 A
0(
b110 L
b10001 N
b101 E
b101 8
b100 6
b10011010011 <
1*
10
#12350000
0*
00
#12355000
b0 L
b110 E
b0 J
b1000010001 H
b101 6
b0 8
0+
b0 ,
b0 =
b10011010100 <
1*
10
#12360000
0*
00
#12365000
b1 L
b0 E
b110 6
b10011010101 <
1*
10
#12370000
0*
00
#12375000
1(
b1 E
b1 J
b1000010000 H
b10000 N
b0 6
b10011010110 <
1*
10
#12380000
0*
00
#12385000
b1 8
b1 6
b10011010111 <
1*
10
#12390000
0*
00
#12395000
b10 L
1+
b10 8
b10011011000 <
1*
10
#12400000
0*
00
#12405000
0%
b10 '
b10 A
b10000 )
b10000 @
b100 L
b10 E
b11 8
b10011011001 <
1*
10
#12410000
0*
00
#12415000
1%
b1000010000 )
b1000010000 @
b101 L
b100 E
b10 6
b100 8
b10100000000000000000000000000100 ,
b10100000000000000000000000000100 =
b10011011010 <
1*
10
#12420000
0*
00
#12425000
b0 '
b0 A
0(
b110 L
b10001 N
b101 E
b101 8
b100 6
b10011011011 <
1*
10
#12430000
0*
00
#12435000
b0 L
b110 E
b0 J
b1000010001 H
b101 6
b0 8
0+
b0 ,
b0 =
b10011011100 <
1*
10
#12440000
0*
00
#12445000
b1 L
b0 E
b110 6
b10011011101 <
1*
10
#12450000
0*
00
#12455000
1(
b1 E
b1 J
b1000010000 H
b10000 N
b0 6
b10011011110 <
1*
10
#12460000
0*
00
#12465000
b1 8
b1 6
b10011011111 <
1*
10
#12470000
0*
00
#12475000
b10 L
1+
b10 8
b10011100000 <
1*
10
#12480000
0*
00
#12485000
0%
b10 '
b10 A
b10000 )
b10000 @
b100 L
b10 E
b11 8
b10011100001 <
1*
10
#12490000
0*
00
#12495000
1%
b1000010000 )
b1000010000 @
b101 L
b100 E
b10 6
b100 8
b10100000000000000000000000000100 ,
b10100000000000000000000000000100 =
b10011100010 <
1*
10
#12500000
0*
00
#12505000
b0 '
b0 A
0(
b110 L
b10001 N
b101 E
b101 8
b100 6
b10011100011 <
1*
10
#12510000
0*
00
#12515000
b0 L
b110 E
b0 J
b1000010001 H
b101 6
b0 8
0+
b0 ,
b0 =
b10011100100 <
1*
10
#12520000
0*
00
#12525000
b1 L
b0 E
b110 6
b10011100101 <
1*
10
#12530000
0*
00
#12535000
1(
b1 E
b1 J
b1000010000 H
b10000 N
b0 6
b10011100110 <
1*
10
#12540000
0*
00
#12545000
b1 8
b1 6
b10011100111 <
1*
10
#12550000
0*
00
#12555000
b10 L
1+
b10 8
b10011101000 <
1*
10
#12560000
0*
00
#12565000
0%
b10 '
b10 A
b10000 )
b10000 @
b100 L
b10 E
b11 8
b10011101001 <
1*
10
#12570000
0*
00
#12575000
1%
b1000010000 )
b1000010000 @
b101 L
b100 E
b10 6
b100 8
b10100000000000000000000000000100 ,
b10100000000000000000000000000100 =
b10011101010 <
1*
10
#12580000
0*
00
#12585000
b0 '
b0 A
0(
b110 L
b10001 N
b101 E
b101 8
b100 6
b10011101011 <
1*
10
#12590000
0*
00
#12595000
b0 L
b110 E
b0 J
b1000010001 H
b101 6
b0 8
0+
b0 ,
b0 =
b10011101100 <
1*
10
#12600000
0*
00
#12605000
b1 L
b0 E
b110 6
b10011101101 <
1*
10
#12610000
0*
00
#12615000
1(
b1 E
b1 J
b1000010000 H
b10000 N
b0 6
b10011101110 <
1*
10
#12620000
0*
00
#12625000
b1 8
b1 6
b10011101111 <
1*
10
#12630000
0*
00
#12635000
b10 L
1+
b10 8
b10011110000 <
1*
10
#12640000
0*
00
#12645000
0%
b10 '
b10 A
b10000 )
b10000 @
b100 L
b10 E
b11 8
b10011110001 <
1*
10
#12650000
0*
00
#12655000
1%
b1000010000 )
b1000010000 @
b101 L
b100 E
b10 6
b100 8
b10100000000000000000000000000100 ,
b10100000000000000000000000000100 =
b10011110010 <
1*
10
#12660000
0*
00
#12665000
b0 '
b0 A
0(
b110 L
b10001 N
b101 E
b101 8
b100 6
b10011110011 <
1*
10
#12670000
0*
00
#12675000
b0 L
b110 E
b0 J
b1000010001 H
b101 6
b0 8
0+
b0 ,
b0 =
b10011110100 <
1*
10
#12680000
0*
00
#12685000
b1 L
b0 E
b110 6
b10011110101 <
1*
10
#12690000
0*
00
#12695000
1(
b1 E
b1 J
b1000010000 H
b10000 N
b0 6
b10011110110 <
1*
10
#12700000
0*
00
#12705000
b1 8
b1 6
b10011110111 <
1*
10
#12710000
0*
00
#12715000
b10 L
1+
b10 8
b10011111000 <
1*
10
#12720000
0*
00
#12725000
0%
b10 '
b10 A
b10000 )
b10000 @
b100 L
b10 E
b11 8
b10011111001 <
1*
10
#12730000
0*
00
#12735000
1%
b1000010000 )
b1000010000 @
b101 L
b100 E
b10 6
b100 8
b10100000000000000000000000000100 ,
b10100000000000000000000000000100 =
b10011111010 <
1*
10
#12740000
0*
00
#12745000
b0 '
b0 A
0(
b110 L
b10001 N
b101 E
b101 8
b100 6
b10011111011 <
1*
10
#12750000
0*
00
#12755000
b0 L
b110 E
b0 J
b1000010001 H
b101 6
b0 8
0+
b0 ,
b0 =
b10011111100 <
1*
10
#12760000
0*
00
#12765000
b1 L
b0 E
b110 6
b10011111101 <
1*
10
#12770000
0*
00
#12775000
1(
b1 E
b1 J
b1000010000 H
b10000 N
b0 6
b10011111110 <
1*
10
#12780000
0*
00
#12785000
b1 8
b1 6
b10011111111 <
1*
10
#12790000
0*
00
#12795000
b10 L
1+
b10 8
b10100000000 <
1*
10
#12800000
0*
00
#12805000
0%
b10 '
b10 A
b10000 )
b10000 @
b100 L
b10 E
b11 8
b10100000001 <
1*
10
#12810000
0*
00
#12815000
1%
b1000010000 )
b1000010000 @
b101 L
b100 E
b10 6
b100 8
b10100000000000000000000000000100 ,
b10100000000000000000000000000100 =
b10100000010 <
1*
10
#12820000
0*
00
#12825000
b0 '
b0 A
0(
b110 L
b10001 N
b101 E
b101 8
b100 6
b10100000011 <
1*
10
#12830000
0*
00
#12835000
b0 L
b110 E
b0 J
b1000010001 H
b101 6
b0 8
0+
b0 ,
b0 =
b10100000100 <
1*
10
#12840000
0*
00
#12845000
b1 L
b0 E
b110 6
b10100000101 <
1*
10
#12850000
0*
00
#12855000
1(
b1 E
b1 J
b1000010000 H
b10000 N
b0 6
b10100000110 <
1*
10
#12860000
0*
00
#12865000
b1 8
b1 6
b10100000111 <
1*
10
#12870000
0*
00
#12875000
b10 L
1+
b10 8
b10100001000 <
1*
10
#12880000
0*
00
#12885000
0%
b10 '
b10 A
b10000 )
b10000 @
b100 L
b10 E
b11 8
b10100001001 <
1*
10
#12890000
0*
00
#12895000
1%
b1000010000 )
b1000010000 @
b101 L
b100 E
b10 6
b100 8
b10100000000000000000000000000100 ,
b10100000000000000000000000000100 =
b10100001010 <
1*
10
#12900000
0*
00
#12905000
b0 '
b0 A
0(
b110 L
b10001 N
b101 E
b101 8
b100 6
b10100001011 <
1*
10
#12910000
0*
00
#12915000
b0 L
b110 E
b0 J
b1000010001 H
b101 6
b0 8
0+
b0 ,
b0 =
b10100001100 <
1*
10
#12920000
0*
00
#12925000
b1 L
b0 E
b110 6
b10100001101 <
1*
10
#12930000
0*
00
#12935000
1(
b1 E
b1 J
b1000010000 H
b10000 N
b0 6
b10100001110 <
1*
10
#12940000
0*
00
#12945000
b1 8
b1 6
b10100001111 <
1*
10
#12950000
0*
00
#12955000
b10 L
1+
b10 8
b10100010000 <
1*
10
#12960000
0*
00
#12965000
0%
b10 '
b10 A
b10000 )
b10000 @
b100 L
b10 E
b11 8
b10100010001 <
1*
10
#12970000
0*
00
#12975000
1%
b1000010000 )
b1000010000 @
b101 L
b100 E
b10 6
b100 8
b10100000000000000000000000000100 ,
b10100000000000000000000000000100 =
b10100010010 <
1*
10
#12980000
0*
00
#12985000
b0 '
b0 A
0(
b110 L
b10001 N
b101 E
b101 8
b100 6
b10100010011 <
1*
10
#12990000
0*
00
#12995000
b0 L
b110 E
b0 J
b1000010001 H
b101 6
b0 8
0+
b0 ,
b0 =
b10100010100 <
1*
10
#13000000
0*
00
#13005000
b1 L
b0 E
b110 6
b10100010101 <
1*
10
#13010000
0*
00
#13015000
1(
b1 E
b1 J
b1000010000 H
b10000 N
b0 6
b10100010110 <
1*
10
#13020000
0*
00
#13025000
b1 8
b1 6
b10100010111 <
1*
10
#13030000
0*
00
#13035000
b10 L
1+
b10 8
b10100011000 <
1*
10
#13040000
0*
00
#13045000
0%
b10 '
b10 A
b10000 )
b10000 @
b100 L
b10 E
b11 8
b10100011001 <
1*
10
#13050000
0*
00
#13055000
1%
b1000010000 )
b1000010000 @
b101 L
b100 E
b10 6
b100 8
b10100000000000000000000000000100 ,
b10100000000000000000000000000100 =
b10100011010 <
1*
10
#13060000
0*
00
#13065000
b0 '
b0 A
0(
b110 L
b10001 N
b101 E
b101 8
b100 6
b10100011011 <
1*
10
#13070000
0*
00
#13075000
b0 L
b110 E
b0 J
b1000010001 H
b101 6
b0 8
0+
b0 ,
b0 =
b10100011100 <
1*
10
#13080000
0*
00
#13085000
b1 L
b0 E
b110 6
b10100011101 <
1*
10
#13090000
0*
00
#13095000
1(
b1 E
b1 J
b1000010000 H
b10000 N
b0 6
b10100011110 <
1*
10
#13100000
0*
00
#13105000
b1 8
b1 6
b10100011111 <
1*
10
#13110000
0*
00
#13115000
b10 L
1+
b10 8
b10100100000 <
1*
10
#13120000
0*
00
#13125000
0%
b10 '
b10 A
b10000 )
b10000 @
b100 L
b10 E
b11 8
b10100100001 <
1*
10
#13130000
0*
00
#13135000
1%
b1000010000 )
b1000010000 @
b101 L
b100 E
b10 6
b100 8
b10100000000000000000000000000100 ,
b10100000000000000000000000000100 =
b10100100010 <
1*
10
#13140000
0*
00
#13145000
b0 '
b0 A
0(
b110 L
b10001 N
b101 E
b101 8
b100 6
b10100100011 <
1*
10
#13150000
0*
00
#13155000
b0 L
b110 E
b0 J
b1000010001 H
b101 6
b0 8
0+
b0 ,
b0 =
b10100100100 <
1*
10
#13160000
0*
00
#13165000
b1 L
b0 E
b110 6
b10100100101 <
1*
10
#13170000
0*
00
#13175000
1(
b1 E
b1 J
b1000010000 H
b10000 N
b0 6
b10100100110 <
1*
10
#13180000
0*
00
#13185000
b1 8
b1 6
b10100100111 <
1*
10
#13190000
0*
00
#13195000
b10 L
1+
b10 8
b10100101000 <
1*
10
#13200000
0*
00
#13205000
0%
b10 '
b10 A
b10000 )
b10000 @
b100 L
b10 E
b11 8
b10100101001 <
1*
10
#13210000
0*
00
#13215000
1%
b1000010000 )
b1000010000 @
b101 L
b100 E
b10 6
b100 8
b10100000000000000000000000000100 ,
b10100000000000000000000000000100 =
b10100101010 <
1*
10
#13220000
0*
00
#13225000
b0 '
b0 A
0(
b110 L
b10001 N
b101 E
b101 8
b100 6
b10100101011 <
1*
10
#13230000
0*
00
#13235000
b0 L
b110 E
b0 J
b1000010001 H
b101 6
b0 8
0+
b0 ,
b0 =
b10100101100 <
1*
10
#13240000
0*
00
#13245000
b1 L
b0 E
b110 6
b10100101101 <
1*
10
#13250000
0*
00
#13255000
1(
b1 E
b1 J
b1000010000 H
b10000 N
b0 6
b10100101110 <
1*
10
#13260000
0*
00
#13265000
b1 8
b1 6
b10100101111 <
1*
10
#13270000
0*
00
#13275000
b10 L
1+
b10 8
b10100110000 <
1*
10
#13280000
0*
00
#13285000
0%
b10 '
b10 A
b10000 )
b10000 @
b100 L
b10 E
b11 8
b10100110001 <
1*
10
#13290000
0*
00
#13295000
1%
b1000010000 )
b1000010000 @
b101 L
b100 E
b10 6
b100 8
b10100000000000000000000000000100 ,
b10100000000000000000000000000100 =
b10100110010 <
1*
10
#13300000
0*
00
#13305000
b0 '
b0 A
0(
b110 L
b10001 N
b101 E
b101 8
b100 6
b10100110011 <
1*
10
#13310000
0*
00
#13315000
b0 L
b110 E
b0 J
b1000010001 H
b101 6
b0 8
0+
b0 ,
b0 =
b10100110100 <
1*
10
#13320000
0*
00
#13325000
b1 L
b0 E
b110 6
b10100110101 <
1*
10
#13330000
0*
00
#13335000
1(
b1 E
b1 J
b1000010000 H
b10000 N
b0 6
b10100110110 <
1*
10
#13340000
0*
00
#13345000
b1 8
b1 6
b10100110111 <
1*
10
#13350000
0*
00
#13355000
b10 L
1+
b10 8
b10100111000 <
1*
10
#13360000
0*
00
#13365000
0%
b10 '
b10 A
b10000 )
b10000 @
b100 L
b10 E
b11 8
b10100111001 <
1*
10
#13370000
0*
00
#13375000
1%
b1000010000 )
b1000010000 @
b101 L
b100 E
b10 6
b100 8
b10100000000000000000000000000100 ,
b10100000000000000000000000000100 =
b10100111010 <
1*
10
#13380000
0*
00
#13385000
b0 '
b0 A
0(
b110 L
b10001 N
b101 E
b101 8
b100 6
b10100111011 <
1*
10
#13390000
0*
00
#13395000
b0 L
b110 E
b0 J
b1000010001 H
b101 6
b0 8
0+
b0 ,
b0 =
b10100111100 <
1*
10
#13400000
0*
00
#13405000
b1 L
b0 E
b110 6
b10100111101 <
1*
10
#13410000
0*
00
#13415000
1(
b1 E
b1 J
b1000010000 H
b10000 N
b0 6
b10100111110 <
1*
10
#13420000
0*
00
#13425000
b1 8
b1 6
b10100111111 <
1*
10
#13430000
0*
00
#13435000
b10 L
1+
b10 8
b10101000000 <
1*
10
#13440000
0*
00
#13445000
0%
b10 '
b10 A
b10000 )
b10000 @
b100 L
b10 E
b11 8
b10101000001 <
1*
10
#13450000
0*
00
#13455000
1%
b1000010000 )
b1000010000 @
b101 L
b100 E
b10 6
b100 8
b10100000000000000000000000000100 ,
b10100000000000000000000000000100 =
b10101000010 <
1*
10
#13460000
0*
00
#13465000
b0 '
b0 A
0(
b110 L
b10001 N
b101 E
b101 8
b100 6
b10101000011 <
1*
10
#13470000
0*
00
#13475000
b0 L
b110 E
b0 J
b1000010001 H
b101 6
b0 8
0+
b0 ,
b0 =
b10101000100 <
1*
10
#13480000
0*
00
#13485000
b1 L
b0 E
b110 6
b10101000101 <
1*
10
#13490000
0*
00
#13495000
1(
b1 E
b1 J
b1000010000 H
b10000 N
b0 6
b10101000110 <
1*
10
#13500000
0*
00
#13505000
b1 8
b1 6
b10101000111 <
1*
10
#13510000
0*
00
#13515000
b10 L
1+
b10 8
b10101001000 <
1*
10
#13520000
0*
00
#13525000
0%
b10 '
b10 A
b10000 )
b10000 @
b100 L
b10 E
b11 8
b10101001001 <
1*
10
#13530000
0*
00
#13535000
1%
b1000010000 )
b1000010000 @
b101 L
b100 E
b10 6
b100 8
b10100000000000000000000000000100 ,
b10100000000000000000000000000100 =
b10101001010 <
1*
10
#13540000
0*
00
#13545000
b0 '
b0 A
0(
b110 L
b10001 N
b101 E
b101 8
b100 6
b10101001011 <
1*
10
#13550000
0*
00
#13555000
b0 L
b110 E
b0 J
b1000010001 H
b101 6
b0 8
0+
b0 ,
b0 =
b10101001100 <
1*
10
#13560000
0*
00
#13565000
b1 L
b0 E
b110 6
b10101001101 <
1*
10
#13570000
0*
00
#13575000
1(
b1 E
b1 J
b1000010000 H
b10000 N
b0 6
b10101001110 <
1*
10
#13580000
0*
00
#13585000
b1 8
b1 6
b10101001111 <
1*
10
#13590000
0*
00
#13595000
b10 L
1+
b10 8
b10101010000 <
1*
10
#13600000
0*
00
#13605000
0%
b10 '
b10 A
b10000 )
b10000 @
b100 L
b10 E
b11 8
b10101010001 <
1*
10
#13610000
0*
00
#13615000
1%
b1000010000 )
b1000010000 @
b101 L
b100 E
b10 6
b100 8
b10100000000000000000000000000100 ,
b10100000000000000000000000000100 =
b10101010010 <
1*
10
#13620000
0*
00
#13625000
b0 '
b0 A
0(
b110 L
b10001 N
b101 E
b101 8
b100 6
b10101010011 <
1*
10
#13630000
0*
00
#13635000
b0 L
b110 E
b0 J
b1000010001 H
b101 6
b0 8
0+
b0 ,
b0 =
b10101010100 <
1*
10
#13640000
0*
00
#13645000
b1 L
b0 E
b110 6
b10101010101 <
1*
10
#13650000
0*
00
#13655000
1(
b1 E
b1 J
b1000010000 H
b10000 N
b0 6
b10101010110 <
1*
10
#13660000
0*
00
#13665000
b1 8
b1 6
b10101010111 <
1*
10
#13670000
0*
00
#13675000
b10 L
1+
b10 8
b10101011000 <
1*
10
#13680000
0*
00
#13685000
0%
b10 '
b10 A
b10000 )
b10000 @
b100 L
b10 E
b11 8
b10101011001 <
1*
10
#13690000
0*
00
#13695000
1%
b1000010000 )
b1000010000 @
b101 L
b100 E
b10 6
b100 8
b10100000000000000000000000000100 ,
b10100000000000000000000000000100 =
b10101011010 <
1*
10
#13700000
0*
00
#13705000
b0 '
b0 A
0(
b110 L
b10001 N
b101 E
b101 8
b100 6
b10101011011 <
1*
10
#13710000
0*
00
#13715000
b0 L
b110 E
b0 J
b1000010001 H
b101 6
b0 8
0+
b0 ,
b0 =
b10101011100 <
1*
10
#13720000
0*
00
#13725000
b1 L
b0 E
b110 6
b10101011101 <
1*
10
#13730000
0*
00
#13735000
1(
b1 E
b1 J
b1000010000 H
b10000 N
b0 6
b10101011110 <
1*
10
#13740000
0*
00
#13745000
b1 8
b1 6
b10101011111 <
1*
10
#13750000
0*
00
#13755000
b10 L
1+
b10 8
b10101100000 <
1*
10
#13760000
0*
00
#13765000
0%
b10 '
b10 A
b10000 )
b10000 @
b100 L
b10 E
b11 8
b10101100001 <
1*
10
#13770000
0*
00
#13775000
1%
b1000010000 )
b1000010000 @
b101 L
b100 E
b10 6
b100 8
b10100000000000000000000000000100 ,
b10100000000000000000000000000100 =
b10101100010 <
1*
10
#13780000
0*
00
#13785000
b0 '
b0 A
0(
b110 L
b10001 N
b101 E
b101 8
b100 6
b10101100011 <
1*
10
#13790000
0*
00
#13795000
b0 L
b110 E
b0 J
b1000010001 H
b101 6
b0 8
0+
b0 ,
b0 =
b10101100100 <
1*
10
#13800000
0*
00
#13805000
b1 L
b0 E
b110 6
b10101100101 <
1*
10
#13810000
0*
00
#13815000
1(
b1 E
b1 J
b1000010000 H
b10000 N
b0 6
b10101100110 <
1*
10
#13820000
0*
00
#13825000
b1 8
b1 6
b10101100111 <
1*
10
#13830000
0*
00
#13835000
b10 L
1+
b10 8
b10101101000 <
1*
10
#13840000
0*
00
#13845000
0%
b10 '
b10 A
b10000 )
b10000 @
b100 L
b10 E
b11 8
b10101101001 <
1*
10
#13850000
0*
00
#13855000
1%
b1000010000 )
b1000010000 @
b101 L
b100 E
b10 6
b100 8
b10100000000000000000000000000100 ,
b10100000000000000000000000000100 =
b10101101010 <
1*
10
#13860000
0*
00
#13865000
b0 '
b0 A
0(
b110 L
b10001 N
b101 E
b101 8
b100 6
b10101101011 <
1*
10
#13870000
0*
00
#13875000
b0 L
b110 E
b0 J
b1000010001 H
b101 6
b0 8
0+
b0 ,
b0 =
b10101101100 <
1*
10
#13880000
0*
00
#13885000
b1 L
b0 E
b110 6
b10101101101 <
1*
10
#13890000
0*
00
#13895000
1(
b1 E
b1 J
b1000010000 H
b10000 N
b0 6
b10101101110 <
1*
10
#13900000
0*
00
#13905000
b1 8
b1 6
b10101101111 <
1*
10
#13910000
0*
00
#13915000
b10 L
1+
b10 8
b10101110000 <
1*
10
#13920000
0*
00
#13925000
0%
b10 '
b10 A
b10000 )
b10000 @
b100 L
b10 E
b11 8
b10101110001 <
1*
10
#13930000
0*
00
#13935000
1%
b1000010000 )
b1000010000 @
b101 L
b100 E
b10 6
b100 8
b10100000000000000000000000000100 ,
b10100000000000000000000000000100 =
b10101110010 <
1*
10
#13940000
0*
00
#13945000
b0 '
b0 A
0(
b110 L
b10001 N
b101 E
b101 8
b100 6
b10101110011 <
1*
10
#13950000
0*
00
#13955000
b0 L
b110 E
b0 J
b1000010001 H
b101 6
b0 8
0+
b0 ,
b0 =
b10101110100 <
1*
10
#13960000
0*
00
#13965000
b1 L
b0 E
b110 6
b10101110101 <
1*
10
#13970000
0*
00
#13975000
1(
b1 E
b1 J
b1000010000 H
b10000 N
b0 6
b10101110110 <
1*
10
#13980000
0*
00
#13985000
b1 8
b1 6
b10101110111 <
1*
10
#13990000
0*
00
#13995000
b10 L
1+
b10 8
b10101111000 <
1*
10
#14000000
0*
00
#14005000
0%
b10 '
b10 A
b10000 )
b10000 @
b100 L
b10 E
b11 8
b10101111001 <
1*
10
#14010000
0*
00
#14015000
1%
b1000010000 )
b1000010000 @
b101 L
b100 E
b10 6
b100 8
b10100000000000000000000000000100 ,
b10100000000000000000000000000100 =
b10101111010 <
1*
10
#14020000
0*
00
#14025000
b0 '
b0 A
0(
b110 L
b10001 N
b101 E
b101 8
b100 6
b10101111011 <
1*
10
#14030000
0*
00
#14035000
b0 L
b110 E
b0 J
b1000010001 H
b101 6
b0 8
0+
b0 ,
b0 =
b10101111100 <
1*
10
#14040000
0*
00
#14045000
b1 L
b0 E
b110 6
b10101111101 <
1*
10
#14050000
0*
00
#14055000
1(
b1 E
b1 J
b1000010000 H
b10000 N
b0 6
b10101111110 <
1*
10
#14060000
0*
00
#14065000
b1 8
b1 6
b10101111111 <
1*
10
#14070000
0*
00
#14075000
b10 L
1+
b10 8
b10110000000 <
1*
10
#14080000
0*
00
#14085000
0%
b10 '
b10 A
b10000 )
b10000 @
b100 L
b10 E
b11 8
b10110000001 <
1*
10
#14090000
0*
00
#14095000
1%
b1000010000 )
b1000010000 @
b101 L
b100 E
b10 6
b100 8
b10100000000000000000000000000100 ,
b10100000000000000000000000000100 =
b10110000010 <
1*
10
#14100000
0*
00
#14105000
b0 '
b0 A
0(
b110 L
b10001 N
b101 E
b101 8
b100 6
b10110000011 <
1*
10
#14110000
0*
00
#14115000
b0 L
b110 E
b0 J
b1000010001 H
b101 6
b0 8
0+
b0 ,
b0 =
b10110000100 <
1*
10
#14120000
0*
00
#14125000
b1 L
b0 E
b110 6
b10110000101 <
1*
10
#14130000
0*
00
#14135000
1(
b1 E
b1 J
b1000010000 H
b10000 N
b0 6
b10110000110 <
1*
10
#14140000
0*
00
#14145000
b1 8
b1 6
b10110000111 <
1*
10
#14150000
0*
00
#14155000
b10 L
1+
b10 8
b10110001000 <
1*
10
#14160000
0*
00
#14165000
0%
b10 '
b10 A
b10000 )
b10000 @
b100 L
b10 E
b11 8
b10110001001 <
1*
10
#14170000
0*
00
#14175000
1%
b1000010000 )
b1000010000 @
b101 L
b100 E
b10 6
b100 8
b10100000000000000000000000000100 ,
b10100000000000000000000000000100 =
b10110001010 <
1*
10
#14180000
0*
00
#14185000
b0 '
b0 A
0(
b110 L
b10001 N
b101 E
b101 8
b100 6
b10110001011 <
1*
10
#14190000
0*
00
#14195000
b0 L
b110 E
b0 J
b1000010001 H
b101 6
b0 8
0+
b0 ,
b0 =
b10110001100 <
1*
10
#14200000
0*
00
#14205000
b1 L
b0 E
b110 6
b10110001101 <
1*
10
#14210000
0*
00
#14215000
1(
b1 E
b1 J
b1000010000 H
b10000 N
b0 6
b10110001110 <
1*
10
#14220000
0*
00
#14225000
b1 8
b1 6
b10110001111 <
1*
10
#14230000
0*
00
#14235000
b10 L
1+
b10 8
b10110010000 <
1*
10
#14240000
0*
00
#14245000
0%
b10 '
b10 A
b10000 )
b10000 @
b100 L
b10 E
b11 8
b10110010001 <
1*
10
#14250000
0*
00
#14255000
1%
b1000010000 )
b1000010000 @
b101 L
b100 E
b10 6
b100 8
b10100000000000000000000000000100 ,
b10100000000000000000000000000100 =
b10110010010 <
1*
10
#14260000
0*
00
#14265000
b0 '
b0 A
0(
b110 L
b10001 N
b101 E
b101 8
b100 6
b10110010011 <
1*
10
#14270000
0*
00
#14275000
b0 L
b110 E
b0 J
b1000010001 H
b101 6
b0 8
0+
b0 ,
b0 =
b10110010100 <
1*
10
#14280000
0*
00
#14285000
b1 L
b0 E
b110 6
b10110010101 <
1*
10
#14290000
0*
00
#14295000
1(
b1 E
b1 J
b1000010000 H
b10000 N
b0 6
b10110010110 <
1*
10
#14300000
0*
00
#14305000
b1 8
b1 6
b10110010111 <
1*
10
#14310000
0*
00
#14315000
b10 L
1+
b10 8
b10110011000 <
1*
10
#14320000
0*
00
#14325000
0%
b10 '
b10 A
b10000 )
b10000 @
b100 L
b10 E
b11 8
b10110011001 <
1*
10
#14330000
0*
00
#14335000
1%
b1000010000 )
b1000010000 @
b101 L
b100 E
b10 6
b100 8
b10100000000000000000000000000100 ,
b10100000000000000000000000000100 =
b10110011010 <
1*
10
#14340000
0*
00
#14345000
b0 '
b0 A
0(
b110 L
b10001 N
b101 E
b101 8
b100 6
b10110011011 <
1*
10
#14350000
0*
00
#14355000
b0 L
b110 E
b0 J
b1000010001 H
b101 6
b0 8
0+
b0 ,
b0 =
b10110011100 <
1*
10
#14360000
0*
00
#14365000
b1 L
b0 E
b110 6
b10110011101 <
1*
10
#14370000
0*
00
#14375000
1(
b1 E
b1 J
b1000010000 H
b10000 N
b0 6
b10110011110 <
1*
10
#14380000
0*
00
#14385000
b1 8
b1 6
b10110011111 <
1*
10
#14390000
0*
00
#14395000
b10 L
1+
b10 8
b10110100000 <
1*
10
#14400000
0*
00
#14405000
0%
b10 '
b10 A
b10000 )
b10000 @
b100 L
b10 E
b11 8
b10110100001 <
1*
10
#14410000
0*
00
#14415000
1%
b1000010000 )
b1000010000 @
b101 L
b100 E
b10 6
b100 8
b10100000000000000000000000000100 ,
b10100000000000000000000000000100 =
b10110100010 <
1*
10
#14420000
0*
00
#14425000
b0 '
b0 A
0(
b110 L
b10001 N
b101 E
b101 8
b100 6
b10110100011 <
1*
10
#14430000
0*
00
#14435000
b0 L
b110 E
b0 J
b1000010001 H
b101 6
b0 8
0+
b0 ,
b0 =
b10110100100 <
1*
10
#14440000
0*
00
#14445000
b1 L
b0 E
b110 6
b10110100101 <
1*
10
#14450000
0*
00
#14455000
1(
b1 E
b1 J
b1000010000 H
b10000 N
b0 6
b10110100110 <
1*
10
#14460000
0*
00
#14465000
b1 8
b1 6
b10110100111 <
1*
10
#14470000
0*
00
#14475000
b10 L
1+
b10 8
b10110101000 <
1*
10
#14480000
0*
00
#14485000
0%
b10 '
b10 A
b10000 )
b10000 @
b100 L
b10 E
b11 8
b10110101001 <
1*
10
#14490000
0*
00
#14495000
1%
b1000010000 )
b1000010000 @
b101 L
b100 E
b10 6
b100 8
b10100000000000000000000000000100 ,
b10100000000000000000000000000100 =
b10110101010 <
1*
10
#14500000
0*
00
#14505000
b0 '
b0 A
0(
b110 L
b10001 N
b101 E
b101 8
b100 6
b10110101011 <
1*
10
#14510000
0*
00
#14515000
b0 L
b110 E
b0 J
b1000010001 H
b101 6
b0 8
0+
b0 ,
b0 =
b10110101100 <
1*
10
#14520000
0*
00
#14525000
b1 L
b0 E
b110 6
b10110101101 <
1*
10
#14530000
0*
00
#14535000
1(
b1 E
b1 J
b1000010000 H
b10000 N
b0 6
b10110101110 <
1*
10
#14540000
0*
00
#14545000
b1 8
b1 6
b10110101111 <
1*
10
#14550000
0*
00
#14555000
b10 L
1+
b10 8
b10110110000 <
1*
10
#14560000
0*
00
#14565000
0%
b10 '
b10 A
b10000 )
b10000 @
b100 L
b10 E
b11 8
b10110110001 <
1*
10
#14570000
0*
00
#14575000
1%
b1000010000 )
b1000010000 @
b101 L
b100 E
b10 6
b100 8
b10100000000000000000000000000100 ,
b10100000000000000000000000000100 =
b10110110010 <
1*
10
#14580000
0*
00
#14585000
b0 '
b0 A
0(
b110 L
b10001 N
b101 E
b101 8
b100 6
b10110110011 <
1*
10
#14590000
0*
00
#14595000
b0 L
b110 E
b0 J
b1000010001 H
b101 6
b0 8
0+
b0 ,
b0 =
b10110110100 <
1*
10
#14600000
0*
00
#14605000
b1 L
b0 E
b110 6
b10110110101 <
1*
10
#14610000
0*
00
#14615000
1(
b1 E
b1 J
b1000010000 H
b10000 N
b0 6
b10110110110 <
1*
10
#14620000
0*
00
#14625000
b1 8
b1 6
b10110110111 <
1*
10
#14630000
0*
00
#14635000
b10 L
1+
b10 8
b10110111000 <
1*
10
#14640000
0*
00
#14645000
0%
b10 '
b10 A
b10000 )
b10000 @
b100 L
b10 E
b11 8
b10110111001 <
1*
10
#14650000
0*
00
#14655000
1%
b1000010000 )
b1000010000 @
b101 L
b100 E
b10 6
b100 8
b10100000000000000000000000000100 ,
b10100000000000000000000000000100 =
b10110111010 <
1*
10
#14660000
0*
00
#14665000
b0 '
b0 A
0(
b110 L
b10001 N
b101 E
b101 8
b100 6
b10110111011 <
1*
10
#14670000
0*
00
#14675000
b0 L
b110 E
b0 J
b1000010001 H
b101 6
b0 8
0+
b0 ,
b0 =
b10110111100 <
1*
10
#14680000
0*
00
#14685000
b1 L
b0 E
b110 6
b10110111101 <
1*
10
#14690000
0*
00
#14695000
1(
b1 E
b1 J
b1000010000 H
b10000 N
b0 6
b10110111110 <
1*
10
#14700000
0*
00
#14705000
b1 8
b1 6
b10110111111 <
1*
10
#14710000
0*
00
#14715000
b10 L
1+
b10 8
b10111000000 <
1*
10
#14720000
0*
00
#14725000
0%
b10 '
b10 A
b10000 )
b10000 @
b100 L
b10 E
b11 8
b10111000001 <
1*
10
#14730000
0*
00
#14735000
1%
b1000010000 )
b1000010000 @
b101 L
b100 E
b10 6
b100 8
b10100000000000000000000000000100 ,
b10100000000000000000000000000100 =
b10111000010 <
1*
10
#14740000
0*
00
#14745000
b0 '
b0 A
0(
b110 L
b10001 N
b101 E
b101 8
b100 6
b10111000011 <
1*
10
#14750000
0*
00
#14755000
b0 L
b110 E
b0 J
b1000010001 H
b101 6
b0 8
0+
b0 ,
b0 =
b10111000100 <
1*
10
#14760000
0*
00
#14765000
b1 L
b0 E
b110 6
b10111000101 <
1*
10
#14770000
0*
00
#14775000
1(
b1 E
b1 J
b1000010000 H
b10000 N
b0 6
b10111000110 <
1*
10
#14780000
0*
00
#14785000
b1 8
b1 6
b10111000111 <
1*
10
#14790000
0*
00
#14795000
b10 L
1+
b10 8
b10111001000 <
1*
10
#14800000
0*
00
#14805000
0%
b10 '
b10 A
b10000 )
b10000 @
b100 L
b10 E
b11 8
b10111001001 <
1*
10
#14810000
0*
00
#14815000
1%
b1000010000 )
b1000010000 @
b101 L
b100 E
b10 6
b100 8
b10100000000000000000000000000100 ,
b10100000000000000000000000000100 =
b10111001010 <
1*
10
#14820000
0*
00
#14825000
b0 '
b0 A
0(
b110 L
b10001 N
b101 E
b101 8
b100 6
b10111001011 <
1*
10
#14830000
0*
00
#14835000
b0 L
b110 E
b0 J
b1000010001 H
b101 6
b0 8
0+
b0 ,
b0 =
b10111001100 <
1*
10
#14840000
0*
00
#14845000
b1 L
b0 E
b110 6
b10111001101 <
1*
10
#14850000
0*
00
#14855000
1(
b1 E
b1 J
b1000010000 H
b10000 N
b0 6
b10111001110 <
1*
10
#14860000
0*
00
#14865000
b1 8
b1 6
b10111001111 <
1*
10
#14870000
0*
00
#14875000
b10 L
1+
b10 8
b10111010000 <
1*
10
#14880000
0*
00
#14885000
0%
b10 '
b10 A
b10000 )
b10000 @
b100 L
b10 E
b11 8
b10111010001 <
1*
10
#14890000
0*
00
#14895000
1%
b1000010000 )
b1000010000 @
b101 L
b100 E
b10 6
b100 8
b10100000000000000000000000000100 ,
b10100000000000000000000000000100 =
b10111010010 <
1*
10
#14900000
0*
00
#14905000
b0 '
b0 A
0(
b110 L
b10001 N
b101 E
b101 8
b100 6
b10111010011 <
1*
10
#14910000
0*
00
#14915000
b0 L
b110 E
b0 J
b1000010001 H
b101 6
b0 8
0+
b0 ,
b0 =
b10111010100 <
1*
10
#14920000
0*
00
#14925000
b1 L
b0 E
b110 6
b10111010101 <
1*
10
#14930000
0*
00
#14935000
1(
b1 E
b1 J
b1000010000 H
b10000 N
b0 6
b10111010110 <
1*
10
#14940000
0*
00
#14945000
b1 8
b1 6
b10111010111 <
1*
10
#14950000
0*
00
#14955000
b10 L
1+
b10 8
b10111011000 <
1*
10
#14960000
0*
00
#14965000
0%
b10 '
b10 A
b10000 )
b10000 @
b100 L
b10 E
b11 8
b10111011001 <
1*
10
#14970000
0*
00
#14975000
1%
b1000010000 )
b1000010000 @
b101 L
b100 E
b10 6
b100 8
b10100000000000000000000000000100 ,
b10100000000000000000000000000100 =
b10111011010 <
1*
10
#14980000
0*
00
#14985000
b0 '
b0 A
0(
b110 L
b10001 N
b101 E
b101 8
b100 6
b10111011011 <
1*
10
#14990000
0*
00
#14995000
b0 L
b110 E
b0 J
b1000010001 H
b101 6
b0 8
0+
b0 ,
b0 =
b10111011100 <
1*
10
#15000000
0*
00
#15005000
b1 L
b0 E
b110 6
b10111011101 <
1*
10
#15010000
0*
00
#15015000
1(
b1 E
b1 J
b1000010000 H
b10000 N
b0 6
b10111011110 <
1*
10
#15020000
0*
00
#15025000
b1 8
b1 6
b10111011111 <
1*
10
#15030000
0*
00
#15035000
b10 L
1+
b10 8
b10111100000 <
1*
10
#15040000
0*
00
#15045000
0%
b10 '
b10 A
b10000 )
b10000 @
b100 L
b10 E
b11 8
b10111100001 <
1*
10
#15050000
0*
00
#15055000
1%
b1000010000 )
b1000010000 @
b101 L
b100 E
b10 6
b100 8
b10100000000000000000000000000100 ,
b10100000000000000000000000000100 =
b10111100010 <
1*
10
#15060000
0*
00
#15065000
b0 '
b0 A
0(
b110 L
b10001 N
b101 E
b101 8
b100 6
b10111100011 <
1*
10
#15070000
0*
00
#15075000
b0 L
b110 E
b0 J
b1000010001 H
b101 6
b0 8
0+
b0 ,
b0 =
b10111100100 <
1*
10
#15080000
0*
00
#15085000
b1 L
b0 E
b110 6
b10111100101 <
1*
10
#15090000
0*
00
#15095000
1(
b1 E
b1 J
b1000010000 H
b10000 N
b0 6
b10111100110 <
1*
10
#15100000
0*
00
#15105000
b1 8
b1 6
b10111100111 <
1*
10
#15110000
0*
00
#15115000
b10 L
1+
b10 8
b10111101000 <
1*
10
#15120000
0*
00
#15125000
0%
b10 '
b10 A
b10000 )
b10000 @
b100 L
b10 E
b11 8
b10111101001 <
1*
10
#15130000
0*
00
#15135000
1%
b1000010000 )
b1000010000 @
b101 L
b100 E
b10 6
b100 8
b10100000000000000000000000000100 ,
b10100000000000000000000000000100 =
b10111101010 <
1*
10
#15140000
0*
00
#15145000
b0 '
b0 A
0(
b110 L
b10001 N
b101 E
b101 8
b100 6
b10111101011 <
1*
10
#15150000
0*
00
#15155000
b0 L
b110 E
b0 J
b1000010001 H
b101 6
b0 8
0+
b0 ,
b0 =
b10111101100 <
1*
10
#15160000
0*
00
#15165000
b1 L
b0 E
b110 6
b10111101101 <
1*
10
#15170000
0*
00
#15175000
1(
b1 E
b1 J
b1000010000 H
b10000 N
b0 6
b10111101110 <
1*
10
#15180000
0*
00
#15185000
b1 8
b1 6
b10111101111 <
1*
10
#15190000
0*
00
#15195000
b10 L
1+
b10 8
b10111110000 <
1*
10
#15200000
0*
00
#15205000
0%
b10 '
b10 A
b10000 )
b10000 @
b100 L
b10 E
b11 8
b10111110001 <
1*
10
#15210000
0*
00
#15215000
1%
b1000010000 )
b1000010000 @
b101 L
b100 E
b10 6
b100 8
b10100000000000000000000000000100 ,
b10100000000000000000000000000100 =
b10111110010 <
1*
10
#15220000
0*
00
#15225000
b0 '
b0 A
0(
b110 L
b10001 N
b101 E
b101 8
b100 6
b10111110011 <
1*
10
#15230000
0*
00
#15235000
b0 L
b110 E
b0 J
b1000010001 H
b101 6
b0 8
0+
b0 ,
b0 =
b10111110100 <
1*
10
#15240000
0*
00
#15245000
b1 L
b0 E
b110 6
b10111110101 <
1*
10
#15250000
0*
00
#15255000
1(
b1 E
b1 J
b1000010000 H
b10000 N
b0 6
b10111110110 <
1*
10
#15260000
0*
00
#15265000
b1 8
b1 6
b10111110111 <
1*
10
#15270000
0*
00
#15275000
b10 L
1+
b10 8
b10111111000 <
1*
10
#15280000
0*
00
#15285000
0%
b10 '
b10 A
b10000 )
b10000 @
b100 L
b10 E
b11 8
b10111111001 <
1*
10
#15290000
0*
00
#15295000
1%
b1000010000 )
b1000010000 @
b101 L
b100 E
b10 6
b100 8
b10100000000000000000000000000100 ,
b10100000000000000000000000000100 =
b10111111010 <
1*
10
#15300000
0*
00
#15305000
b0 '
b0 A
0(
b110 L
b10001 N
b101 E
b101 8
b100 6
b10111111011 <
1*
10
#15310000
0*
00
#15315000
b0 L
b110 E
b0 J
b1000010001 H
b101 6
b0 8
0+
b0 ,
b0 =
b10111111100 <
1*
10
#15320000
0*
00
#15325000
b1 L
b0 E
b110 6
b10111111101 <
1*
10
#15330000
0*
00
#15335000
1(
b1 E
b1 J
b1000010000 H
b10000 N
b0 6
b10111111110 <
1*
10
#15340000
0*
00
#15345000
b1 8
b1 6
b10111111111 <
1*
10
#15350000
0*
00
#15355000
b10 L
1+
b10 8
b11000000000 <
1*
10
#15360000
0*
00
#15365000
0%
b10 '
b10 A
b10000 )
b10000 @
b100 L
b10 E
b11 8
b11000000001 <
1*
10
#15370000
0*
00
#15375000
1%
b1000010000 )
b1000010000 @
b101 L
b100 E
b10 6
b100 8
b10100000000000000000000000000100 ,
b10100000000000000000000000000100 =
b11000000010 <
1*
10
#15380000
0*
00
#15385000
b0 '
b0 A
0(
b110 L
b10001 N
b101 E
b101 8
b100 6
b11000000011 <
1*
10
#15390000
0*
00
#15395000
b0 L
b110 E
b0 J
b1000010001 H
b101 6
b0 8
0+
b0 ,
b0 =
b11000000100 <
1*
10
#15400000
0*
00
#15405000
b1 L
b0 E
b110 6
b11000000101 <
1*
10
#15410000
0*
00
#15415000
1(
b1 E
b1 J
b1000010000 H
b10000 N
b0 6
b11000000110 <
1*
10
#15420000
0*
00
#15425000
b1 8
b1 6
b11000000111 <
1*
10
#15430000
0*
00
#15435000
b10 L
1+
b10 8
b11000001000 <
1*
10
#15440000
0*
00
#15445000
0%
b10 '
b10 A
b10000 )
b10000 @
b100 L
b10 E
b11 8
b11000001001 <
1*
10
#15450000
0*
00
#15455000
1%
b1000010000 )
b1000010000 @
b101 L
b100 E
b10 6
b100 8
b10100000000000000000000000000100 ,
b10100000000000000000000000000100 =
b11000001010 <
1*
10
#15460000
0*
00
#15465000
b0 '
b0 A
0(
b110 L
b10001 N
b101 E
b101 8
b100 6
b11000001011 <
1*
10
#15470000
0*
00
#15475000
b0 L
b110 E
b0 J
b1000010001 H
b101 6
b0 8
0+
b0 ,
b0 =
b11000001100 <
1*
10
#15480000
0*
00
#15485000
b1 L
b0 E
b110 6
b11000001101 <
1*
10
#15490000
0*
00
#15495000
1(
b1 E
b1 J
b1000010000 H
b10000 N
b0 6
b11000001110 <
1*
10
#15500000
0*
00
#15505000
b1 8
b1 6
b11000001111 <
1*
10
#15510000
0*
00
#15515000
b10 L
1+
b10 8
b11000010000 <
1*
10
#15520000
0*
00
#15525000
0%
b10 '
b10 A
b10000 )
b10000 @
b100 L
b10 E
b11 8
b11000010001 <
1*
10
#15530000
0*
00
#15535000
1%
b1000010000 )
b1000010000 @
b101 L
b100 E
b10 6
b100 8
b10100000000000000000000000000100 ,
b10100000000000000000000000000100 =
b11000010010 <
1*
10
#15540000
0*
00
#15545000
b0 '
b0 A
0(
b110 L
b10001 N
b101 E
b101 8
b100 6
b11000010011 <
1*
10
#15550000
0*
00
#15555000
b0 L
b110 E
b0 J
b1000010001 H
b101 6
b0 8
0+
b0 ,
b0 =
b11000010100 <
1*
10
#15560000
0*
00
#15565000
b1 L
b0 E
b110 6
b11000010101 <
1*
10
#15570000
0*
00
#15575000
1(
b1 E
b1 J
b1000010000 H
b10000 N
b0 6
b11000010110 <
1*
10
#15580000
0*
00
#15585000
b1 8
b1 6
b11000010111 <
1*
10
#15590000
0*
00
#15595000
b10 L
1+
b10 8
b11000011000 <
1*
10
#15600000
0*
00
#15605000
0%
b10 '
b10 A
b10000 )
b10000 @
b100 L
b10 E
b11 8
b11000011001 <
1*
10
#15610000
0*
00
#15615000
1%
b1000010000 )
b1000010000 @
b101 L
b100 E
b10 6
b100 8
b10100000000000000000000000000100 ,
b10100000000000000000000000000100 =
b11000011010 <
1*
10
#15620000
0*
00
#15625000
b0 '
b0 A
0(
b110 L
b10001 N
b101 E
b101 8
b100 6
b11000011011 <
1*
10
#15630000
0*
00
#15635000
b0 L
b110 E
b0 J
b1000010001 H
b101 6
b0 8
0+
b0 ,
b0 =
b11000011100 <
1*
10
#15640000
0*
00
#15645000
b1 L
b0 E
b110 6
b11000011101 <
1*
10
#15650000
0*
00
#15655000
1(
b1 E
b1 J
b1000010000 H
b10000 N
b0 6
b11000011110 <
1*
10
#15660000
0*
00
#15665000
b1 8
b1 6
b11000011111 <
1*
10
#15670000
0*
00
#15675000
b10 L
1+
b10 8
b11000100000 <
1*
10
#15680000
0*
00
#15685000
0%
b10 '
b10 A
b10000 )
b10000 @
b100 L
b10 E
b11 8
b11000100001 <
1*
10
#15690000
0*
00
#15695000
1%
b1000010000 )
b1000010000 @
b101 L
b100 E
b10 6
b100 8
b10100000000000000000000000000100 ,
b10100000000000000000000000000100 =
b11000100010 <
1*
10
#15700000
0*
00
#15705000
b0 '
b0 A
0(
b110 L
b10001 N
b101 E
b101 8
b100 6
b11000100011 <
1*
10
#15710000
0*
00
#15715000
b0 L
b110 E
b0 J
b1000010001 H
b101 6
b0 8
0+
b0 ,
b0 =
b11000100100 <
1*
10
#15720000
0*
00
#15725000
b1 L
b0 E
b110 6
b11000100101 <
1*
10
#15730000
0*
00
#15735000
1(
b1 E
b1 J
b1000010000 H
b10000 N
b0 6
b11000100110 <
1*
10
#15740000
0*
00
#15745000
b1 8
b1 6
b11000100111 <
1*
10
#15750000
0*
00
#15755000
b10 L
1+
b10 8
b11000101000 <
1*
10
#15760000
0*
00
#15765000
0%
b10 '
b10 A
b10000 )
b10000 @
b100 L
b10 E
b11 8
b11000101001 <
1*
10
#15770000
0*
00
#15775000
1%
b1000010000 )
b1000010000 @
b101 L
b100 E
b10 6
b100 8
b10100000000000000000000000000100 ,
b10100000000000000000000000000100 =
b11000101010 <
1*
10
#15780000
0*
00
#15785000
b0 '
b0 A
0(
b110 L
b10001 N
b101 E
b101 8
b100 6
b11000101011 <
1*
10
#15790000
0*
00
#15795000
b0 L
b110 E
b0 J
b1000010001 H
b101 6
b0 8
0+
b0 ,
b0 =
b11000101100 <
1*
10
#15800000
0*
00
#15805000
b1 L
b0 E
b110 6
b11000101101 <
1*
10
#15810000
0*
00
#15815000
1(
b1 E
b1 J
b1000010000 H
b10000 N
b0 6
b11000101110 <
1*
10
#15820000
0*
00
#15825000
b1 8
b1 6
b11000101111 <
1*
10
#15830000
0*
00
#15835000
b10 L
1+
b10 8
b11000110000 <
1*
10
#15840000
0*
00
#15845000
0%
b10 '
b10 A
b10000 )
b10000 @
b100 L
b10 E
b11 8
b11000110001 <
1*
10
#15850000
0*
00
#15855000
1%
b1000010000 )
b1000010000 @
b101 L
b100 E
b10 6
b100 8
b10100000000000000000000000000100 ,
b10100000000000000000000000000100 =
b11000110010 <
1*
10
#15860000
0*
00
#15865000
b0 '
b0 A
0(
b110 L
b10001 N
b101 E
b101 8
b100 6
b11000110011 <
1*
10
#15870000
0*
00
#15875000
b0 L
b110 E
b0 J
b1000010001 H
b101 6
b0 8
0+
b0 ,
b0 =
b11000110100 <
1*
10
#15880000
0*
00
#15885000
b1 L
b0 E
b110 6
b11000110101 <
1*
10
#15890000
0*
00
#15895000
1(
b1 E
b1 J
b1000010000 H
b10000 N
b0 6
b11000110110 <
1*
10
#15900000
0*
00
#15905000
b1 8
b1 6
b11000110111 <
1*
10
#15910000
0*
00
#15915000
b10 L
1+
b10 8
b11000111000 <
1*
10
#15920000
0*
00
#15925000
0%
b10 '
b10 A
b10000 )
b10000 @
b100 L
b10 E
b11 8
b11000111001 <
1*
10
#15930000
0*
00
#15935000
1%
b1000010000 )
b1000010000 @
b101 L
b100 E
b10 6
b100 8
b10100000000000000000000000000100 ,
b10100000000000000000000000000100 =
b11000111010 <
1*
10
#15940000
0*
00
#15945000
b0 '
b0 A
0(
b110 L
b10001 N
b101 E
b101 8
b100 6
b11000111011 <
1*
10
#15950000
0*
00
#15955000
b0 L
b110 E
b0 J
b1000010001 H
b101 6
b0 8
0+
b0 ,
b0 =
b11000111100 <
1*
10
#15960000
0*
00
#15965000
b1 L
b0 E
b110 6
b11000111101 <
1*
10
#15970000
0*
00
#15975000
1(
b1 E
b1 J
b1000010000 H
b10000 N
b0 6
b11000111110 <
1*
10
#15980000
0*
00
#15985000
b1 8
b1 6
b11000111111 <
1*
10
#15990000
0*
00
#15995000
b10 L
1+
b10 8
b11001000000 <
1*
10
#16000000
0*
00
#16005000
0%
b10 '
b10 A
b10000 )
b10000 @
b100 L
b10 E
b11 8
b11001000001 <
1*
10
#16010000
0*
00
#16015000
1%
b1000010000 )
b1000010000 @
b101 L
b100 E
b10 6
b100 8
b10100000000000000000000000000100 ,
b10100000000000000000000000000100 =
b11001000010 <
1*
10
#16020000
0*
00
#16025000
b0 '
b0 A
0(
b110 L
b10001 N
b101 E
b101 8
b100 6
b11001000011 <
1*
10
#16030000
0*
00
#16035000
b0 L
b110 E
b0 J
b1000010001 H
b101 6
b0 8
0+
b0 ,
b0 =
b11001000100 <
1*
10
#16040000
0*
00
#16045000
b1 L
b0 E
b110 6
b11001000101 <
1*
10
#16050000
0*
00
#16055000
1(
b1 E
b1 J
b1000010000 H
b10000 N
b0 6
b11001000110 <
1*
10
#16060000
0*
00
#16065000
b1 8
b1 6
b11001000111 <
1*
10
#16070000
0*
00
#16075000
b10 L
1+
b10 8
b11001001000 <
1*
10
#16080000
0*
00
#16085000
0%
b10 '
b10 A
b10000 )
b10000 @
b100 L
b10 E
b11 8
b11001001001 <
1*
10
#16090000
0*
00
#16095000
1%
b1000010000 )
b1000010000 @
b101 L
b100 E
b10 6
b100 8
b10100000000000000000000000000100 ,
b10100000000000000000000000000100 =
b11001001010 <
1*
10
#16100000
0*
00
#16105000
b0 '
b0 A
0(
b110 L
b10001 N
b101 E
b101 8
b100 6
b11001001011 <
1*
10
#16110000
0*
00
#16115000
b0 L
b110 E
b0 J
b1000010001 H
b101 6
b0 8
0+
b0 ,
b0 =
b11001001100 <
1*
10
#16120000
0*
00
#16125000
b1 L
b0 E
b110 6
b11001001101 <
1*
10
#16130000
0*
00
#16135000
1(
b1 E
b1 J
b1000010000 H
b10000 N
b0 6
b11001001110 <
1*
10
#16140000
0*
00
#16145000
b1 8
b1 6
b11001001111 <
1*
10
#16150000
0*
00
#16155000
b10 L
1+
b10 8
b11001010000 <
1*
10
#16160000
0*
00
#16165000
0%
b10 '
b10 A
b10000 )
b10000 @
b100 L
b10 E
b11 8
b11001010001 <
1*
10
#16170000
0*
00
#16175000
1%
b1000010000 )
b1000010000 @
b101 L
b100 E
b10 6
b100 8
b10100000000000000000000000000100 ,
b10100000000000000000000000000100 =
b11001010010 <
1*
10
#16180000
0*
00
#16185000
b0 '
b0 A
0(
b110 L
b10001 N
b101 E
b101 8
b100 6
b11001010011 <
1*
10
#16190000
0*
00
#16195000
b0 L
b110 E
b0 J
b1000010001 H
b101 6
b0 8
0+
b0 ,
b0 =
b11001010100 <
1*
10
#16200000
0*
00
#16205000
b1 L
b0 E
b110 6
b11001010101 <
1*
10
#16210000
0*
00
#16215000
1(
b1 E
b1 J
b1000010000 H
b10000 N
b0 6
b11001010110 <
1*
10
#16220000
0*
00
#16225000
b1 8
b1 6
b11001010111 <
1*
10
#16230000
0*
00
#16235000
b10 L
1+
b10 8
b11001011000 <
1*
10
#16240000
0*
00
#16245000
0%
b10 '
b10 A
b10000 )
b10000 @
b100 L
b10 E
b11 8
b11001011001 <
1*
10
#16250000
0*
00
#16255000
1%
b1000010000 )
b1000010000 @
b101 L
b100 E
b10 6
b100 8
b10100000000000000000000000000100 ,
b10100000000000000000000000000100 =
b11001011010 <
1*
10
#16260000
0*
00
#16265000
b0 '
b0 A
0(
b110 L
b10001 N
b101 E
b101 8
b100 6
b11001011011 <
1*
10
#16270000
0*
00
#16275000
b0 L
b110 E
b0 J
b1000010001 H
b101 6
b0 8
0+
b0 ,
b0 =
b11001011100 <
1*
10
#16280000
0*
00
#16285000
b1 L
b0 E
b110 6
b11001011101 <
1*
10
#16290000
0*
00
#16295000
1(
b1 E
b1 J
b1000010000 H
b10000 N
b0 6
b11001011110 <
1*
10
#16300000
0*
00
#16305000
b1 8
b1 6
b11001011111 <
1*
10
#16310000
0*
00
#16315000
b10 L
1+
b10 8
b11001100000 <
1*
10
#16320000
0*
00
#16325000
0%
b10 '
b10 A
b10000 )
b10000 @
b100 L
b10 E
b11 8
b11001100001 <
1*
10
#16330000
0*
00
#16335000
1%
b1000010000 )
b1000010000 @
b101 L
b100 E
b10 6
b100 8
b10100000000000000000000000000100 ,
b10100000000000000000000000000100 =
b11001100010 <
1*
10
#16340000
0*
00
#16345000
b0 '
b0 A
0(
b110 L
b10001 N
b101 E
b101 8
b100 6
b11001100011 <
1*
10
#16350000
0*
00
#16355000
b0 L
b110 E
b0 J
b1000010001 H
b101 6
b0 8
0+
b0 ,
b0 =
b11001100100 <
1*
10
#16360000
0*
00
#16365000
b1 L
b0 E
b110 6
b11001100101 <
1*
10
#16370000
0*
00
#16375000
1(
b1 E
b1 J
b1000010000 H
b10000 N
b0 6
b11001100110 <
1*
10
#16380000
0*
00
#16385000
b1 8
b1 6
b11001100111 <
1*
10
#16390000
0*
00
#16395000
b10 L
1+
b10 8
b11001101000 <
1*
10
#16400000
0*
00
#16405000
0%
b10 '
b10 A
b10000 )
b10000 @
b100 L
b10 E
b11 8
b11001101001 <
1*
10
#16410000
0*
00
#16415000
1%
b1000010000 )
b1000010000 @
b101 L
b100 E
b10 6
b100 8
b10100000000000000000000000000100 ,
b10100000000000000000000000000100 =
b11001101010 <
1*
10
#16420000
0*
00
#16425000
b0 '
b0 A
0(
b110 L
b10001 N
b101 E
b101 8
b100 6
b11001101011 <
1*
10
#16430000
0*
00
#16435000
b0 L
b110 E
b0 J
b1000010001 H
b101 6
b0 8
0+
b0 ,
b0 =
b11001101100 <
1*
10
#16440000
0*
00
#16445000
b1 L
b0 E
b110 6
b11001101101 <
1*
10
#16450000
0*
00
#16455000
1(
b1 E
b1 J
b1000010000 H
b10000 N
b0 6
b11001101110 <
1*
10
#16460000
0*
00
#16465000
b1 8
b1 6
b11001101111 <
1*
10
#16470000
0*
00
#16475000
b10 L
1+
b10 8
b11001110000 <
1*
10
#16480000
0*
00
#16485000
0%
b10 '
b10 A
b10000 )
b10000 @
b100 L
b10 E
b11 8
b11001110001 <
1*
10
#16490000
0*
00
#16495000
1%
b1000010000 )
b1000010000 @
b101 L
b100 E
b10 6
b100 8
b10100000000000000000000000000100 ,
b10100000000000000000000000000100 =
b11001110010 <
1*
10
#16500000
0*
00
#16505000
b0 '
b0 A
0(
b110 L
b10001 N
b101 E
b101 8
b100 6
b11001110011 <
1*
10
#16510000
0*
00
#16515000
b0 L
b110 E
b0 J
b1000010001 H
b101 6
b0 8
0+
b0 ,
b0 =
b11001110100 <
1*
10
#16520000
0*
00
#16525000
b1 L
b0 E
b110 6
b11001110101 <
1*
10
#16530000
0*
00
#16535000
1(
b1 E
b1 J
b1000010000 H
b10000 N
b0 6
b11001110110 <
1*
10
#16540000
0*
00
#16545000
b1 8
b1 6
b11001110111 <
1*
10
#16550000
0*
00
#16555000
b10 L
1+
b10 8
b11001111000 <
1*
10
#16560000
0*
00
#16565000
0%
b10 '
b10 A
b10000 )
b10000 @
b100 L
b10 E
b11 8
b11001111001 <
1*
10
#16570000
0*
00
#16575000
1%
b1000010000 )
b1000010000 @
b101 L
b100 E
b10 6
b100 8
b10100000000000000000000000000100 ,
b10100000000000000000000000000100 =
b11001111010 <
1*
10
#16580000
0*
00
#16585000
b0 '
b0 A
0(
b110 L
b10001 N
b101 E
b101 8
b100 6
b11001111011 <
1*
10
#16590000
0*
00
#16595000
b0 L
b110 E
b0 J
b1000010001 H
b101 6
b0 8
0+
b0 ,
b0 =
b11001111100 <
1*
10
#16600000
0*
00
#16605000
b1 L
b0 E
b110 6
b11001111101 <
1*
10
#16610000
0*
00
#16615000
1(
b1 E
b1 J
b1000010000 H
b10000 N
b0 6
b11001111110 <
1*
10
#16620000
0*
00
#16625000
b1 8
b1 6
b11001111111 <
1*
10
#16630000
0*
00
#16635000
b10 L
1+
b10 8
b11010000000 <
1*
10
#16640000
0*
00
#16645000
0%
b10 '
b10 A
b10000 )
b10000 @
b100 L
b10 E
b11 8
b11010000001 <
1*
10
#16650000
0*
00
#16655000
1%
b1000010000 )
b1000010000 @
b101 L
b100 E
b10 6
b100 8
b10100000000000000000000000000100 ,
b10100000000000000000000000000100 =
b11010000010 <
1*
10
#16660000
0*
00
#16665000
b0 '
b0 A
0(
b110 L
b10001 N
b101 E
b101 8
b100 6
b11010000011 <
1*
10
#16670000
0*
00
#16675000
b0 L
b110 E
b0 J
b1000010001 H
b101 6
b0 8
0+
b0 ,
b0 =
b11010000100 <
1*
10
#16680000
0*
00
#16685000
b1 L
b0 E
b110 6
b11010000101 <
1*
10
#16690000
0*
00
#16695000
1(
b1 E
b1 J
b1000010000 H
b10000 N
b0 6
b11010000110 <
1*
10
#16700000
0*
00
#16705000
b1 8
b1 6
b11010000111 <
1*
10
#16710000
0*
00
#16715000
b10 L
1+
b10 8
b11010001000 <
1*
10
#16720000
0*
00
#16725000
0%
b10 '
b10 A
b10000 )
b10000 @
b100 L
b10 E
b11 8
b11010001001 <
1*
10
#16730000
0*
00
#16735000
1%
b1000010000 )
b1000010000 @
b101 L
b100 E
b10 6
b100 8
b10100000000000000000000000000100 ,
b10100000000000000000000000000100 =
b11010001010 <
1*
10
#16740000
0*
00
#16745000
b0 '
b0 A
0(
b110 L
b10001 N
b101 E
b101 8
b100 6
b11010001011 <
1*
10
#16750000
0*
00
#16755000
b0 L
b110 E
b0 J
b1000010001 H
b101 6
b0 8
0+
b0 ,
b0 =
b11010001100 <
1*
10
#16760000
0*
00
#16765000
b1 L
b0 E
b110 6
b11010001101 <
1*
10
#16770000
0*
00
#16775000
1(
b1 E
b1 J
b1000010000 H
b10000 N
b0 6
b11010001110 <
1*
10
#16780000
0*
00
#16785000
b1 8
b1 6
b11010001111 <
1*
10
#16790000
0*
00
#16795000
b10 L
1+
b10 8
b11010010000 <
1*
10
#16800000
0*
00
#16805000
0%
b10 '
b10 A
b10000 )
b10000 @
b100 L
b10 E
b11 8
b11010010001 <
1*
10
#16810000
0*
00
#16815000
1%
b1000010000 )
b1000010000 @
b101 L
b100 E
b10 6
b100 8
b10100000000000000000000000000100 ,
b10100000000000000000000000000100 =
b11010010010 <
1*
10
#16820000
0*
00
#16825000
b0 '
b0 A
0(
b110 L
b10001 N
b101 E
b101 8
b100 6
b11010010011 <
1*
10
#16830000
0*
00
#16835000
b0 L
b110 E
b0 J
b1000010001 H
b101 6
b0 8
0+
b0 ,
b0 =
b11010010100 <
1*
10
#16840000
0*
00
#16845000
b1 L
b0 E
b110 6
b11010010101 <
1*
10
#16850000
0*
00
#16855000
1(
b1 E
b1 J
b1000010000 H
b10000 N
b0 6
b11010010110 <
1*
10
#16860000
0*
00
#16865000
b1 8
b1 6
b11010010111 <
1*
10
#16870000
0*
00
#16875000
b10 L
1+
b10 8
b11010011000 <
1*
10
#16880000
0*
00
#16885000
0%
b10 '
b10 A
b10000 )
b10000 @
b100 L
b10 E
b11 8
b11010011001 <
1*
10
#16890000
0*
00
#16895000
1%
b1000010000 )
b1000010000 @
b101 L
b100 E
b10 6
b100 8
b10100000000000000000000000000100 ,
b10100000000000000000000000000100 =
b11010011010 <
1*
10
#16900000
0*
00
#16905000
b0 '
b0 A
0(
b110 L
b10001 N
b101 E
b101 8
b100 6
b11010011011 <
1*
10
#16910000
0*
00
#16915000
b0 L
b110 E
b0 J
b1000010001 H
b101 6
b0 8
0+
b0 ,
b0 =
b11010011100 <
1*
10
#16920000
0*
00
#16925000
b1 L
b0 E
b110 6
b11010011101 <
1*
10
#16930000
0*
00
#16935000
1(
b1 E
b1 J
b1000010000 H
b10000 N
b0 6
b11010011110 <
1*
10
#16940000
0*
00
#16945000
b1 8
b1 6
b11010011111 <
1*
10
#16950000
0*
00
#16955000
b10 L
1+
b10 8
b11010100000 <
1*
10
#16960000
0*
00
#16965000
0%
b10 '
b10 A
b10000 )
b10000 @
b100 L
b10 E
b11 8
b11010100001 <
1*
10
#16970000
0*
00
#16975000
1%
b1000010000 )
b1000010000 @
b101 L
b100 E
b10 6
b100 8
b10100000000000000000000000000100 ,
b10100000000000000000000000000100 =
b11010100010 <
1*
10
#16980000
0*
00
#16985000
b0 '
b0 A
0(
b110 L
b10001 N
b101 E
b101 8
b100 6
b11010100011 <
1*
10
#16990000
0*
00
#16995000
b0 L
b110 E
b0 J
b1000010001 H
b101 6
b0 8
0+
b0 ,
b0 =
b11010100100 <
1*
10
#17000000
0*
00
#17005000
b1 L
b0 E
b110 6
b11010100101 <
1*
10
#17010000
0*
00
#17015000
1(
b1 E
b1 J
b1000010000 H
b10000 N
b0 6
b11010100110 <
1*
10
#17020000
0*
00
#17025000
b1 8
b1 6
b11010100111 <
1*
10
#17030000
0*
00
#17035000
b10 L
1+
b10 8
b11010101000 <
1*
10
#17040000
0*
00
#17045000
0%
b10 '
b10 A
b10000 )
b10000 @
b100 L
b10 E
b11 8
b11010101001 <
1*
10
#17050000
0*
00
#17055000
1%
b1000010000 )
b1000010000 @
b101 L
b100 E
b10 6
b100 8
b10100000000000000000000000000100 ,
b10100000000000000000000000000100 =
b11010101010 <
1*
10
#17060000
0*
00
#17065000
b0 '
b0 A
0(
b110 L
b10001 N
b101 E
b101 8
b100 6
b11010101011 <
1*
10
#17070000
0*
00
#17075000
b0 L
b110 E
b0 J
b1000010001 H
b101 6
b0 8
0+
b0 ,
b0 =
b11010101100 <
1*
10
#17080000
0*
00
#17085000
b1 L
b0 E
b110 6
b11010101101 <
1*
10
#17090000
0*
00
#17095000
1(
b1 E
b1 J
b1000010000 H
b10000 N
b0 6
b11010101110 <
1*
10
#17100000
0*
00
#17105000
b1 8
b1 6
b11010101111 <
1*
10
#17110000
0*
00
#17115000
b10 L
1+
b10 8
b11010110000 <
1*
10
#17120000
0*
00
#17125000
0%
b10 '
b10 A
b10000 )
b10000 @
b100 L
b10 E
b11 8
b11010110001 <
1*
10
#17130000
0*
00
#17135000
1%
b1000010000 )
b1000010000 @
b101 L
b100 E
b10 6
b100 8
b10100000000000000000000000000100 ,
b10100000000000000000000000000100 =
b11010110010 <
1*
10
#17140000
0*
00
#17145000
b0 '
b0 A
0(
b110 L
b10001 N
b101 E
b101 8
b100 6
b11010110011 <
1*
10
#17150000
0*
00
#17155000
b0 L
b110 E
b0 J
b1000010001 H
b101 6
b0 8
0+
b0 ,
b0 =
b11010110100 <
1*
10
#17160000
0*
00
#17165000
b1 L
b0 E
b110 6
b11010110101 <
1*
10
#17170000
0*
00
#17175000
1(
b1 E
b1 J
b1000010000 H
b10000 N
b0 6
b11010110110 <
1*
10
#17180000
0*
00
#17185000
b1 8
b1 6
b11010110111 <
1*
10
#17190000
0*
00
#17195000
b10 L
1+
b10 8
b11010111000 <
1*
10
#17200000
0*
00
#17205000
0%
b10 '
b10 A
b10000 )
b10000 @
b100 L
b10 E
b11 8
b11010111001 <
1*
10
#17210000
0*
00
#17215000
1%
b1000010000 )
b1000010000 @
b101 L
b100 E
b10 6
b100 8
b10100000000000000000000000000100 ,
b10100000000000000000000000000100 =
b11010111010 <
1*
10
#17220000
0*
00
#17225000
b0 '
b0 A
0(
b110 L
b10001 N
b101 E
b101 8
b100 6
b11010111011 <
1*
10
#17230000
0*
00
#17235000
b0 L
b110 E
b0 J
b1000010001 H
b101 6
b0 8
0+
b0 ,
b0 =
b11010111100 <
1*
10
#17240000
0*
00
#17245000
b1 L
b0 E
b110 6
b11010111101 <
1*
10
#17250000
0*
00
#17255000
1(
b1 E
b1 J
b1000010000 H
b10000 N
b0 6
b11010111110 <
1*
10
#17260000
0*
00
#17265000
b1 8
b1 6
b11010111111 <
1*
10
#17270000
0*
00
#17275000
b10 L
1+
b10 8
b11011000000 <
1*
10
#17280000
0*
00
#17285000
0%
b10 '
b10 A
b10000 )
b10000 @
b100 L
b10 E
b11 8
b11011000001 <
1*
10
#17290000
0*
00
#17295000
1%
b1000010000 )
b1000010000 @
b101 L
b100 E
b10 6
b100 8
b10100000000000000000000000000100 ,
b10100000000000000000000000000100 =
b11011000010 <
1*
10
#17300000
0*
00
#17305000
b0 '
b0 A
0(
b110 L
b10001 N
b101 E
b101 8
b100 6
b11011000011 <
1*
10
#17310000
0*
00
#17315000
b0 L
b110 E
b0 J
b1000010001 H
b101 6
b0 8
0+
b0 ,
b0 =
b11011000100 <
1*
10
#17320000
0*
00
#17325000
b1 L
b0 E
b110 6
b11011000101 <
1*
10
#17330000
0*
00
#17335000
1(
b1 E
b1 J
b1000010000 H
b10000 N
b0 6
b11011000110 <
1*
10
#17340000
0*
00
#17345000
b1 8
b1 6
b11011000111 <
1*
10
#17350000
0*
00
#17355000
b10 L
1+
b10 8
b11011001000 <
1*
10
#17360000
0*
00
#17365000
0%
b10 '
b10 A
b10000 )
b10000 @
b100 L
b10 E
b11 8
b11011001001 <
1*
10
#17370000
0*
00
#17375000
1%
b1000010000 )
b1000010000 @
b101 L
b100 E
b10 6
b100 8
b10100000000000000000000000000100 ,
b10100000000000000000000000000100 =
b11011001010 <
1*
10
#17380000
0*
00
#17385000
b0 '
b0 A
0(
b110 L
b10001 N
b101 E
b101 8
b100 6
b11011001011 <
1*
10
#17390000
0*
00
#17395000
b0 L
b110 E
b0 J
b1000010001 H
b101 6
b0 8
0+
b0 ,
b0 =
b11011001100 <
1*
10
#17400000
0*
00
#17405000
b1 L
b0 E
b110 6
b11011001101 <
1*
10
#17410000
0*
00
#17415000
1(
b1 E
b1 J
b1000010000 H
b10000 N
b0 6
b11011001110 <
1*
10
#17420000
0*
00
#17425000
b1 8
b1 6
b11011001111 <
1*
10
#17430000
0*
00
#17435000
b10 L
1+
b10 8
b11011010000 <
1*
10
#17440000
0*
00
#17445000
0%
b10 '
b10 A
b10000 )
b10000 @
b100 L
b10 E
b11 8
b11011010001 <
1*
10
#17450000
0*
00
#17455000
1%
b1000010000 )
b1000010000 @
b101 L
b100 E
b10 6
b100 8
b10100000000000000000000000000100 ,
b10100000000000000000000000000100 =
b11011010010 <
1*
10
#17460000
0*
00
#17465000
b0 '
b0 A
0(
b110 L
b10001 N
b101 E
b101 8
b100 6
b11011010011 <
1*
10
#17470000
0*
00
#17475000
b0 L
b110 E
b0 J
b1000010001 H
b101 6
b0 8
0+
b0 ,
b0 =
b11011010100 <
1*
10
#17480000
0*
00
#17485000
b1 L
b0 E
b110 6
b11011010101 <
1*
10
#17490000
0*
00
#17495000
1(
b1 E
b1 J
b1000010000 H
b10000 N
b0 6
b11011010110 <
1*
10
#17500000
0*
00
#17505000
b1 8
b1 6
b11011010111 <
1*
10
#17510000
0*
00
#17515000
b10 L
1+
b10 8
b11011011000 <
1*
10
#17520000
0*
00
#17525000
0%
b10 '
b10 A
b10000 )
b10000 @
b100 L
b10 E
b11 8
b11011011001 <
1*
10
#17530000
0*
00
#17535000
1%
b1000010000 )
b1000010000 @
b101 L
b100 E
b10 6
b100 8
b10100000000000000000000000000100 ,
b10100000000000000000000000000100 =
b11011011010 <
1*
10
#17540000
0*
00
#17545000
b0 '
b0 A
0(
b110 L
b10001 N
b101 E
b101 8
b100 6
b11011011011 <
1*
10
#17550000
0*
00
#17555000
b0 L
b110 E
b0 J
b1000010001 H
b101 6
b0 8
0+
b0 ,
b0 =
b11011011100 <
1*
10
#17560000
0*
00
#17565000
b1 L
b0 E
b110 6
b11011011101 <
1*
10
#17570000
0*
00
#17575000
1(
b1 E
b1 J
b1000010000 H
b10000 N
b0 6
b11011011110 <
1*
10
#17580000
0*
00
#17585000
b1 8
b1 6
b11011011111 <
1*
10
#17590000
0*
00
#17595000
b10 L
1+
b10 8
b11011100000 <
1*
10
#17600000
0*
00
#17605000
0%
b10 '
b10 A
b10000 )
b10000 @
b100 L
b10 E
b11 8
b11011100001 <
1*
10
#17610000
0*
00
#17615000
1%
b1000010000 )
b1000010000 @
b101 L
b100 E
b10 6
b100 8
b10100000000000000000000000000100 ,
b10100000000000000000000000000100 =
b11011100010 <
1*
10
#17620000
0*
00
#17625000
b0 '
b0 A
0(
b110 L
b10001 N
b101 E
b101 8
b100 6
b11011100011 <
1*
10
#17630000
0*
00
#17635000
b0 L
b110 E
b0 J
b1000010001 H
b101 6
b0 8
0+
b0 ,
b0 =
b11011100100 <
1*
10
#17640000
0*
00
#17645000
b1 L
b0 E
b110 6
b11011100101 <
1*
10
#17650000
0*
00
#17655000
1(
b1 E
b1 J
b1000010000 H
b10000 N
b0 6
b11011100110 <
1*
10
#17660000
0*
00
#17665000
b1 8
b1 6
b11011100111 <
1*
10
#17670000
0*
00
#17675000
b10 L
1+
b10 8
b11011101000 <
1*
10
#17680000
0*
00
#17685000
0%
b10 '
b10 A
b10000 )
b10000 @
b100 L
b10 E
b11 8
b11011101001 <
1*
10
#17690000
0*
00
#17695000
1%
b1000010000 )
b1000010000 @
b101 L
b100 E
b10 6
b100 8
b10100000000000000000000000000100 ,
b10100000000000000000000000000100 =
b11011101010 <
1*
10
#17700000
0*
00
#17705000
b0 '
b0 A
0(
b110 L
b10001 N
b101 E
b101 8
b100 6
b11011101011 <
1*
10
#17710000
0*
00
#17715000
b0 L
b110 E
b0 J
b1000010001 H
b101 6
b0 8
0+
b0 ,
b0 =
b11011101100 <
1*
10
#17720000
0*
00
#17725000
b1 L
b0 E
b110 6
b11011101101 <
1*
10
#17730000
0*
00
#17735000
1(
b1 E
b1 J
b1000010000 H
b10000 N
b0 6
b11011101110 <
1*
10
#17740000
0*
00
#17745000
b1 8
b1 6
b11011101111 <
1*
10
#17750000
0*
00
#17755000
b10 L
1+
b10 8
b11011110000 <
1*
10
#17760000
0*
00
#17765000
0%
b10 '
b10 A
b10000 )
b10000 @
b100 L
b10 E
b11 8
b11011110001 <
1*
10
#17770000
0*
00
#17775000
1%
b1000010000 )
b1000010000 @
b101 L
b100 E
b10 6
b100 8
b10100000000000000000000000000100 ,
b10100000000000000000000000000100 =
b11011110010 <
1*
10
#17780000
0*
00
#17785000
b0 '
b0 A
0(
b110 L
b10001 N
b101 E
b101 8
b100 6
b11011110011 <
1*
10
#17790000
0*
00
#17795000
b0 L
b110 E
b0 J
b1000010001 H
b101 6
b0 8
0+
b0 ,
b0 =
b11011110100 <
1*
10
#17800000
0*
00
#17805000
b1 L
b0 E
b110 6
b11011110101 <
1*
10
#17810000
0*
00
#17815000
1(
b1 E
b1 J
b1000010000 H
b10000 N
b0 6
b11011110110 <
1*
10
#17820000
0*
00
#17825000
b1 8
b1 6
b11011110111 <
1*
10
#17830000
0*
00
#17835000
b10 L
1+
b10 8
b11011111000 <
1*
10
#17840000
0*
00
#17845000
0%
b10 '
b10 A
b10000 )
b10000 @
b100 L
b10 E
b11 8
b11011111001 <
1*
10
#17850000
0*
00
#17855000
1%
b1000010000 )
b1000010000 @
b101 L
b100 E
b10 6
b100 8
b10100000000000000000000000000100 ,
b10100000000000000000000000000100 =
b11011111010 <
1*
10
#17860000
0*
00
#17865000
b0 '
b0 A
0(
b110 L
b10001 N
b101 E
b101 8
b100 6
b11011111011 <
1*
10
#17870000
0*
00
#17875000
b0 L
b110 E
b0 J
b1000010001 H
b101 6
b0 8
0+
b0 ,
b0 =
b11011111100 <
1*
10
#17880000
0*
00
#17885000
b1 L
b0 E
b110 6
b11011111101 <
1*
10
#17890000
0*
00
#17895000
1(
b1 E
b1 J
b1000010000 H
b10000 N
b0 6
b11011111110 <
1*
10
#17900000
0*
00
#17905000
b1 8
b1 6
b11011111111 <
1*
10
#17910000
0*
00
#17915000
b10 L
1+
b10 8
b11100000000 <
1*
10
#17920000
0*
00
#17925000
0%
b10 '
b10 A
b10000 )
b10000 @
b100 L
b10 E
b11 8
b11100000001 <
1*
10
#17930000
0*
00
#17935000
1%
b1000010000 )
b1000010000 @
b101 L
b100 E
b10 6
b100 8
b10100000000000000000000000000100 ,
b10100000000000000000000000000100 =
b11100000010 <
1*
10
#17940000
0*
00
#17945000
b0 '
b0 A
0(
b110 L
b10001 N
b101 E
b101 8
b100 6
b11100000011 <
1*
10
#17950000
0*
00
#17955000
b0 L
b110 E
b0 J
b1000010001 H
b101 6
b0 8
0+
b0 ,
b0 =
b11100000100 <
1*
10
#17960000
0*
00
#17965000
b1 L
b0 E
b110 6
b11100000101 <
1*
10
#17970000
0*
00
#17975000
1(
b1 E
b1 J
b1000010000 H
b10000 N
b0 6
b11100000110 <
1*
10
#17980000
0*
00
#17985000
b1 8
b1 6
b11100000111 <
1*
10
#17990000
0*
00
#17995000
b10 L
1+
b10 8
b11100001000 <
1*
10
#18000000
0*
00
#18005000
0%
b10 '
b10 A
b10000 )
b10000 @
b100 L
b10 E
b11 8
b11100001001 <
1*
10
#18010000
0*
00
#18015000
1%
b1000010000 )
b1000010000 @
b101 L
b100 E
b10 6
b100 8
b10100000000000000000000000000100 ,
b10100000000000000000000000000100 =
b11100001010 <
1*
10
#18020000
0*
00
#18025000
b0 '
b0 A
0(
b110 L
b10001 N
b101 E
b101 8
b100 6
b11100001011 <
1*
10
#18030000
0*
00
#18035000
b0 L
b110 E
b0 J
b1000010001 H
b101 6
b0 8
0+
b0 ,
b0 =
b11100001100 <
1*
10
#18040000
0*
00
#18045000
b1 L
b0 E
b110 6
b11100001101 <
1*
10
#18050000
0*
00
#18055000
1(
b1 E
b1 J
b1000010000 H
b10000 N
b0 6
b11100001110 <
1*
10
#18060000
0*
00
#18065000
b1 8
b1 6
b11100001111 <
1*
10
#18070000
0*
00
#18075000
b10 L
1+
b10 8
b11100010000 <
1*
10
#18080000
0*
00
#18085000
0%
b10 '
b10 A
b10000 )
b10000 @
b100 L
b10 E
b11 8
b11100010001 <
1*
10
#18090000
0*
00
#18095000
1%
b1000010000 )
b1000010000 @
b101 L
b100 E
b10 6
b100 8
b10100000000000000000000000000100 ,
b10100000000000000000000000000100 =
b11100010010 <
1*
10
#18100000
0*
00
#18105000
b0 '
b0 A
0(
b110 L
b10001 N
b101 E
b101 8
b100 6
b11100010011 <
1*
10
#18110000
0*
00
#18115000
b0 L
b110 E
b0 J
b1000010001 H
b101 6
b0 8
0+
b0 ,
b0 =
b11100010100 <
1*
10
#18120000
0*
00
#18125000
b1 L
b0 E
b110 6
b11100010101 <
1*
10
#18130000
0*
00
#18135000
1(
b1 E
b1 J
b1000010000 H
b10000 N
b0 6
b11100010110 <
1*
10
#18140000
0*
00
#18145000
b1 8
b1 6
b11100010111 <
1*
10
#18150000
0*
00
#18155000
b10 L
1+
b10 8
b11100011000 <
1*
10
#18160000
0*
00
#18165000
0%
b10 '
b10 A
b10000 )
b10000 @
b100 L
b10 E
b11 8
b11100011001 <
1*
10
#18170000
0*
00
#18175000
1%
b1000010000 )
b1000010000 @
b101 L
b100 E
b10 6
b100 8
b10100000000000000000000000000100 ,
b10100000000000000000000000000100 =
b11100011010 <
1*
10
#18180000
0*
00
#18185000
b0 '
b0 A
0(
b110 L
b10001 N
b101 E
b101 8
b100 6
b11100011011 <
1*
10
#18190000
0*
00
#18195000
b0 L
b110 E
b0 J
b1000010001 H
b101 6
b0 8
0+
b0 ,
b0 =
b11100011100 <
1*
10
#18200000
0*
00
#18205000
b1 L
b0 E
b110 6
b11100011101 <
1*
10
#18210000
0*
00
#18215000
1(
b1 E
b1 J
b1000010000 H
b10000 N
b0 6
b11100011110 <
1*
10
#18220000
0*
00
#18225000
b1 8
b1 6
b11100011111 <
1*
10
#18230000
0*
00
#18235000
b10 L
1+
b10 8
b11100100000 <
1*
10
#18240000
0*
00
#18245000
0%
b10 '
b10 A
b10000 )
b10000 @
b100 L
b10 E
b11 8
b11100100001 <
1*
10
#18250000
0*
00
#18255000
1%
b1000010000 )
b1000010000 @
b101 L
b100 E
b10 6
b100 8
b10100000000000000000000000000100 ,
b10100000000000000000000000000100 =
b11100100010 <
1*
10
#18260000
0*
00
#18265000
b0 '
b0 A
0(
b110 L
b10001 N
b101 E
b101 8
b100 6
b11100100011 <
1*
10
#18270000
0*
00
#18275000
b0 L
b110 E
b0 J
b1000010001 H
b101 6
b0 8
0+
b0 ,
b0 =
b11100100100 <
1*
10
#18280000
0*
00
#18285000
b1 L
b0 E
b110 6
b11100100101 <
1*
10
#18290000
0*
00
#18295000
1(
b1 E
b1 J
b1000010000 H
b10000 N
b0 6
b11100100110 <
1*
10
#18300000
0*
00
#18305000
b1 8
b1 6
b11100100111 <
1*
10
#18310000
0*
00
#18315000
b10 L
1+
b10 8
b11100101000 <
1*
10
#18320000
0*
00
#18325000
0%
b10 '
b10 A
b10000 )
b10000 @
b100 L
b10 E
b11 8
b11100101001 <
1*
10
#18330000
0*
00
#18335000
1%
b1000010000 )
b1000010000 @
b101 L
b100 E
b10 6
b100 8
b10100000000000000000000000000100 ,
b10100000000000000000000000000100 =
b11100101010 <
1*
10
#18340000
0*
00
#18345000
b0 '
b0 A
0(
b110 L
b10001 N
b101 E
b101 8
b100 6
b11100101011 <
1*
10
#18350000
0*
00
#18355000
b0 L
b110 E
b0 J
b1000010001 H
b101 6
b0 8
0+
b0 ,
b0 =
b11100101100 <
1*
10
#18360000
0*
00
#18365000
b1 L
b0 E
b110 6
b11100101101 <
1*
10
#18370000
0*
00
#18375000
1(
b1 E
b1 J
b1000010000 H
b10000 N
b0 6
b11100101110 <
1*
10
#18380000
0*
00
#18385000
b1 8
b1 6
b11100101111 <
1*
10
#18390000
0*
00
#18395000
b10 L
1+
b10 8
b11100110000 <
1*
10
#18400000
0*
00
#18405000
0%
b10 '
b10 A
b10000 )
b10000 @
b100 L
b10 E
b11 8
b11100110001 <
1*
10
#18410000
0*
00
#18415000
1%
b1000010000 )
b1000010000 @
b101 L
b100 E
b10 6
b100 8
b10100000000000000000000000000100 ,
b10100000000000000000000000000100 =
b11100110010 <
1*
10
#18420000
0*
00
#18425000
b0 '
b0 A
0(
b110 L
b10001 N
b101 E
b101 8
b100 6
b11100110011 <
1*
10
#18430000
0*
00
#18435000
b0 L
b110 E
b0 J
b1000010001 H
b101 6
b0 8
0+
b0 ,
b0 =
b11100110100 <
1*
10
#18440000
0*
00
#18445000
b1 L
b0 E
b110 6
b11100110101 <
1*
10
#18450000
0*
00
#18455000
1(
b1 E
b1 J
b1000010000 H
b10000 N
b0 6
b11100110110 <
1*
10
#18460000
0*
00
#18465000
b1 8
b1 6
b11100110111 <
1*
10
#18470000
0*
00
#18475000
b10 L
1+
b10 8
b11100111000 <
1*
10
#18480000
0*
00
#18485000
0%
b10 '
b10 A
b10000 )
b10000 @
b100 L
b10 E
b11 8
b11100111001 <
1*
10
#18490000
0*
00
#18495000
1%
b1000010000 )
b1000010000 @
b101 L
b100 E
b10 6
b100 8
b10100000000000000000000000000100 ,
b10100000000000000000000000000100 =
b11100111010 <
1*
10
#18500000
0*
00
#18505000
b0 '
b0 A
0(
b110 L
b10001 N
b101 E
b101 8
b100 6
b11100111011 <
1*
10
#18510000
0*
00
#18515000
b0 L
b110 E
b0 J
b1000010001 H
b101 6
b0 8
0+
b0 ,
b0 =
b11100111100 <
1*
10
#18520000
0*
00
#18525000
b1 L
b0 E
b110 6
b11100111101 <
1*
10
#18530000
0*
00
#18535000
1(
b1 E
b1 J
b1000010000 H
b10000 N
b0 6
b11100111110 <
1*
10
#18540000
0*
00
#18545000
b1 8
b1 6
b11100111111 <
1*
10
#18550000
0*
00
#18555000
b10 L
1+
b10 8
b11101000000 <
1*
10
#18560000
0*
00
#18565000
0%
b10 '
b10 A
b10000 )
b10000 @
b100 L
b10 E
b11 8
b11101000001 <
1*
10
#18570000
0*
00
#18575000
1%
b1000010000 )
b1000010000 @
b101 L
b100 E
b10 6
b100 8
b10100000000000000000000000000100 ,
b10100000000000000000000000000100 =
b11101000010 <
1*
10
#18580000
0*
00
#18585000
b0 '
b0 A
0(
b110 L
b10001 N
b101 E
b101 8
b100 6
b11101000011 <
1*
10
#18590000
0*
00
#18595000
b0 L
b110 E
b0 J
b1000010001 H
b101 6
b0 8
0+
b0 ,
b0 =
b11101000100 <
1*
10
#18600000
0*
00
#18605000
b1 L
b0 E
b110 6
b11101000101 <
1*
10
#18610000
0*
00
#18615000
1(
b1 E
b1 J
b1000010000 H
b10000 N
b0 6
b11101000110 <
1*
10
#18620000
0*
00
#18625000
b1 8
b1 6
b11101000111 <
1*
10
#18630000
0*
00
#18635000
b10 L
1+
b10 8
b11101001000 <
1*
10
#18640000
0*
00
#18645000
0%
b10 '
b10 A
b10000 )
b10000 @
b100 L
b10 E
b11 8
b11101001001 <
1*
10
#18650000
0*
00
#18655000
1%
b1000010000 )
b1000010000 @
b101 L
b100 E
b10 6
b100 8
b10100000000000000000000000000100 ,
b10100000000000000000000000000100 =
b11101001010 <
1*
10
#18660000
0*
00
#18665000
b0 '
b0 A
0(
b110 L
b10001 N
b101 E
b101 8
b100 6
b11101001011 <
1*
10
#18670000
0*
00
#18675000
b0 L
b110 E
b0 J
b1000010001 H
b101 6
b0 8
0+
b0 ,
b0 =
b11101001100 <
1*
10
#18680000
0*
00
#18685000
b1 L
b0 E
b110 6
b11101001101 <
1*
10
#18690000
0*
00
#18695000
1(
b1 E
b1 J
b1000010000 H
b10000 N
b0 6
b11101001110 <
1*
10
#18700000
0*
00
#18705000
b1 8
b1 6
b11101001111 <
1*
10
#18710000
0*
00
#18715000
b10 L
1+
b10 8
b11101010000 <
1*
10
#18720000
0*
00
#18725000
0%
b10 '
b10 A
b10000 )
b10000 @
b100 L
b10 E
b11 8
b11101010001 <
1*
10
#18730000
0*
00
#18735000
1%
b1000010000 )
b1000010000 @
b101 L
b100 E
b10 6
b100 8
b10100000000000000000000000000100 ,
b10100000000000000000000000000100 =
b11101010010 <
1*
10
#18740000
0*
00
#18745000
b0 '
b0 A
0(
b110 L
b10001 N
b101 E
b101 8
b100 6
b11101010011 <
1*
10
#18750000
0*
00
#18755000
b0 L
b110 E
b0 J
b1000010001 H
b101 6
b0 8
0+
b0 ,
b0 =
b11101010100 <
1*
10
#18760000
0*
00
#18765000
b1 L
b0 E
b110 6
b11101010101 <
1*
10
#18770000
0*
00
#18775000
1(
b1 E
b1 J
b1000010000 H
b10000 N
b0 6
b11101010110 <
1*
10
#18780000
0*
00
#18785000
b1 8
b1 6
b11101010111 <
1*
10
#18790000
0*
00
#18795000
b10 L
1+
b10 8
b11101011000 <
1*
10
#18800000
0*
00
#18805000
0%
b10 '
b10 A
b10000 )
b10000 @
b100 L
b10 E
b11 8
b11101011001 <
1*
10
#18810000
0*
00
#18815000
1%
b1000010000 )
b1000010000 @
b101 L
b100 E
b10 6
b100 8
b10100000000000000000000000000100 ,
b10100000000000000000000000000100 =
b11101011010 <
1*
10
#18820000
0*
00
#18825000
b0 '
b0 A
0(
b110 L
b10001 N
b101 E
b101 8
b100 6
b11101011011 <
1*
10
#18830000
0*
00
#18835000
b0 L
b110 E
b0 J
b1000010001 H
b101 6
b0 8
0+
b0 ,
b0 =
b11101011100 <
1*
10
#18840000
0*
00
#18845000
b1 L
b0 E
b110 6
b11101011101 <
1*
10
#18850000
0*
00
#18855000
1(
b1 E
b1 J
b1000010000 H
b10000 N
b0 6
b11101011110 <
1*
10
#18860000
0*
00
#18865000
b1 8
b1 6
b11101011111 <
1*
10
#18870000
0*
00
#18875000
b10 L
1+
b10 8
b11101100000 <
1*
10
#18880000
0*
00
#18885000
0%
b10 '
b10 A
b10000 )
b10000 @
b100 L
b10 E
b11 8
b11101100001 <
1*
10
#18890000
0*
00
#18895000
1%
b1000010000 )
b1000010000 @
b101 L
b100 E
b10 6
b100 8
b10100000000000000000000000000100 ,
b10100000000000000000000000000100 =
b11101100010 <
1*
10
#18900000
0*
00
#18905000
b0 '
b0 A
0(
b110 L
b10001 N
b101 E
b101 8
b100 6
b11101100011 <
1*
10
#18910000
0*
00
#18915000
b0 L
b110 E
b0 J
b1000010001 H
b101 6
b0 8
0+
b0 ,
b0 =
b11101100100 <
1*
10
#18920000
0*
00
#18925000
b1 L
b0 E
b110 6
b11101100101 <
1*
10
#18930000
0*
00
#18935000
1(
b1 E
b1 J
b1000010000 H
b10000 N
b0 6
b11101100110 <
1*
10
#18940000
0*
00
#18945000
b1 8
b1 6
b11101100111 <
1*
10
#18950000
0*
00
#18955000
b10 L
1+
b10 8
b11101101000 <
1*
10
#18960000
0*
00
#18965000
0%
b10 '
b10 A
b10000 )
b10000 @
b100 L
b10 E
b11 8
b11101101001 <
1*
10
#18970000
0*
00
#18975000
1%
b1000010000 )
b1000010000 @
b101 L
b100 E
b10 6
b100 8
b10100000000000000000000000000100 ,
b10100000000000000000000000000100 =
b11101101010 <
1*
10
#18980000
0*
00
#18985000
b0 '
b0 A
0(
b110 L
b10001 N
b101 E
b101 8
b100 6
b11101101011 <
1*
10
#18990000
0*
00
#18995000
b0 L
b110 E
b0 J
b1000010001 H
b101 6
b0 8
0+
b0 ,
b0 =
b11101101100 <
1*
10
#19000000
0*
00
#19005000
b1 L
b0 E
b110 6
b11101101101 <
1*
10
#19010000
0*
00
#19015000
1(
b1 E
b1 J
b1000010000 H
b10000 N
b0 6
b11101101110 <
1*
10
#19020000
0*
00
#19025000
b1 8
b1 6
b11101101111 <
1*
10
#19030000
0*
00
#19035000
b10 L
1+
b10 8
b11101110000 <
1*
10
#19040000
0*
00
#19045000
0%
b10 '
b10 A
b10000 )
b10000 @
b100 L
b10 E
b11 8
b11101110001 <
1*
10
#19050000
0*
00
#19055000
1%
b1000010000 )
b1000010000 @
b101 L
b100 E
b10 6
b100 8
b10100000000000000000000000000100 ,
b10100000000000000000000000000100 =
b11101110010 <
1*
10
#19060000
0*
00
#19065000
b0 '
b0 A
0(
b110 L
b10001 N
b101 E
b101 8
b100 6
b11101110011 <
1*
10
#19070000
0*
00
#19075000
b0 L
b110 E
b0 J
b1000010001 H
b101 6
b0 8
0+
b0 ,
b0 =
b11101110100 <
1*
10
#19080000
0*
00
#19085000
b1 L
b0 E
b110 6
b11101110101 <
1*
10
#19090000
0*
00
#19095000
1(
b1 E
b1 J
b1000010000 H
b10000 N
b0 6
b11101110110 <
1*
10
#19100000
0*
00
#19105000
b1 8
b1 6
b11101110111 <
1*
10
#19110000
0*
00
#19115000
b10 L
1+
b10 8
b11101111000 <
1*
10
#19120000
0*
00
#19125000
0%
b10 '
b10 A
b10000 )
b10000 @
b100 L
b10 E
b11 8
b11101111001 <
1*
10
#19130000
0*
00
#19135000
1%
b1000010000 )
b1000010000 @
b101 L
b100 E
b10 6
b100 8
b10100000000000000000000000000100 ,
b10100000000000000000000000000100 =
b11101111010 <
1*
10
#19140000
0*
00
#19145000
b0 '
b0 A
0(
b110 L
b10001 N
b101 E
b101 8
b100 6
b11101111011 <
1*
10
#19150000
0*
00
#19155000
b0 L
b110 E
b0 J
b1000010001 H
b101 6
b0 8
0+
b0 ,
b0 =
b11101111100 <
1*
10
#19160000
0*
00
#19165000
b1 L
b0 E
b110 6
b11101111101 <
1*
10
#19170000
0*
00
#19175000
1(
b1 E
b1 J
b1000010000 H
b10000 N
b0 6
b11101111110 <
1*
10
#19180000
0*
00
#19185000
b1 8
b1 6
b11101111111 <
1*
10
#19190000
0*
00
#19195000
b10 L
1+
b10 8
b11110000000 <
1*
10
#19200000
0*
00
#19205000
0%
b10 '
b10 A
b10000 )
b10000 @
b100 L
b10 E
b11 8
b11110000001 <
1*
10
#19210000
0*
00
#19215000
1%
b1000010000 )
b1000010000 @
b101 L
b100 E
b10 6
b100 8
b10100000000000000000000000000100 ,
b10100000000000000000000000000100 =
b11110000010 <
1*
10
#19220000
0*
00
#19225000
b0 '
b0 A
0(
b110 L
b10001 N
b101 E
b101 8
b100 6
b11110000011 <
1*
10
#19230000
0*
00
#19235000
b0 L
b110 E
b0 J
b1000010001 H
b101 6
b0 8
0+
b0 ,
b0 =
b11110000100 <
1*
10
#19240000
0*
00
#19245000
b1 L
b0 E
b110 6
b11110000101 <
1*
10
#19250000
0*
00
#19255000
1(
b1 E
b1 J
b1000010000 H
b10000 N
b0 6
b11110000110 <
1*
10
#19260000
0*
00
#19265000
b1 8
b1 6
b11110000111 <
1*
10
#19270000
0*
00
#19275000
b10 L
1+
b10 8
b11110001000 <
1*
10
#19280000
0*
00
#19285000
0%
b10 '
b10 A
b10000 )
b10000 @
b100 L
b10 E
b11 8
b11110001001 <
1*
10
#19290000
0*
00
#19295000
1%
b1000010000 )
b1000010000 @
b101 L
b100 E
b10 6
b100 8
b10100000000000000000000000000100 ,
b10100000000000000000000000000100 =
b11110001010 <
1*
10
#19300000
0*
00
#19305000
b0 '
b0 A
0(
b110 L
b10001 N
b101 E
b101 8
b100 6
b11110001011 <
1*
10
#19310000
0*
00
#19315000
b0 L
b110 E
b0 J
b1000010001 H
b101 6
b0 8
0+
b0 ,
b0 =
b11110001100 <
1*
10
#19320000
0*
00
#19325000
b1 L
b0 E
b110 6
b11110001101 <
1*
10
#19330000
0*
00
#19335000
1(
b1 E
b1 J
b1000010000 H
b10000 N
b0 6
b11110001110 <
1*
10
#19340000
0*
00
#19345000
b1 8
b1 6
b11110001111 <
1*
10
#19350000
0*
00
#19355000
b10 L
1+
b10 8
b11110010000 <
1*
10
#19360000
0*
00
#19365000
0%
b10 '
b10 A
b10000 )
b10000 @
b100 L
b10 E
b11 8
b11110010001 <
1*
10
#19370000
0*
00
#19375000
1%
b1000010000 )
b1000010000 @
b101 L
b100 E
b10 6
b100 8
b10100000000000000000000000000100 ,
b10100000000000000000000000000100 =
b11110010010 <
1*
10
#19380000
0*
00
#19385000
b0 '
b0 A
0(
b110 L
b10001 N
b101 E
b101 8
b100 6
b11110010011 <
1*
10
#19390000
0*
00
#19395000
b0 L
b110 E
b0 J
b1000010001 H
b101 6
b0 8
0+
b0 ,
b0 =
b11110010100 <
1*
10
#19400000
0*
00
#19405000
b1 L
b0 E
b110 6
b11110010101 <
1*
10
#19410000
0*
00
#19415000
1(
b1 E
b1 J
b1000010000 H
b10000 N
b0 6
b11110010110 <
1*
10
#19420000
0*
00
#19425000
b1 8
b1 6
b11110010111 <
1*
10
#19430000
0*
00
#19435000
b10 L
1+
b10 8
b11110011000 <
1*
10
#19440000
0*
00
#19445000
0%
b10 '
b10 A
b10000 )
b10000 @
b100 L
b10 E
b11 8
b11110011001 <
1*
10
#19450000
0*
00
#19455000
1%
b1000010000 )
b1000010000 @
b101 L
b100 E
b10 6
b100 8
b10100000000000000000000000000100 ,
b10100000000000000000000000000100 =
b11110011010 <
1*
10
#19460000
0*
00
#19465000
b0 '
b0 A
0(
b110 L
b10001 N
b101 E
b101 8
b100 6
b11110011011 <
1*
10
#19470000
0*
00
#19475000
b0 L
b110 E
b0 J
b1000010001 H
b101 6
b0 8
0+
b0 ,
b0 =
b11110011100 <
1*
10
#19480000
0*
00
#19485000
b1 L
b0 E
b110 6
b11110011101 <
1*
10
#19490000
0*
00
#19495000
1(
b1 E
b1 J
b1000010000 H
b10000 N
b0 6
b11110011110 <
1*
10
#19500000
0*
00
#19505000
b1 8
b1 6
b11110011111 <
1*
10
#19510000
0*
00
#19515000
b10 L
1+
b10 8
b11110100000 <
1*
10
#19520000
0*
00
#19525000
0%
b10 '
b10 A
b10000 )
b10000 @
b100 L
b10 E
b11 8
b11110100001 <
1*
10
#19530000
0*
00
#19535000
1%
b1000010000 )
b1000010000 @
b101 L
b100 E
b10 6
b100 8
b10100000000000000000000000000100 ,
b10100000000000000000000000000100 =
b11110100010 <
1*
10
#19540000
0*
00
#19545000
b0 '
b0 A
0(
b110 L
b10001 N
b101 E
b101 8
b100 6
b11110100011 <
1*
10
#19550000
0*
00
#19555000
b0 L
b110 E
b0 J
b1000010001 H
b101 6
b0 8
0+
b0 ,
b0 =
b11110100100 <
1*
10
#19560000
0*
00
#19565000
b1 L
b0 E
b110 6
b11110100101 <
1*
10
#19570000
0*
00
#19575000
1(
b1 E
b1 J
b1000010000 H
b10000 N
b0 6
b11110100110 <
1*
10
#19580000
0*
00
#19585000
b1 8
b1 6
b11110100111 <
1*
10
#19590000
0*
00
#19595000
b10 L
1+
b10 8
b11110101000 <
1*
10
#19600000
0*
00
#19605000
0%
b10 '
b10 A
b10000 )
b10000 @
b100 L
b10 E
b11 8
b11110101001 <
1*
10
#19610000
0*
00
#19615000
1%
b1000010000 )
b1000010000 @
b101 L
b100 E
b10 6
b100 8
b10100000000000000000000000000100 ,
b10100000000000000000000000000100 =
b11110101010 <
1*
10
#19620000
0*
00
#19625000
b0 '
b0 A
0(
b110 L
b10001 N
b101 E
b101 8
b100 6
b11110101011 <
1*
10
#19630000
0*
00
#19635000
b0 L
b110 E
b0 J
b1000010001 H
b101 6
b0 8
0+
b0 ,
b0 =
b11110101100 <
1*
10
#19640000
0*
00
#19645000
b1 L
b0 E
b110 6
b11110101101 <
1*
10
#19650000
0*
00
#19655000
1(
b1 E
b1 J
b1000010000 H
b10000 N
b0 6
b11110101110 <
1*
10
#19660000
0*
00
#19665000
b1 8
b1 6
b11110101111 <
1*
10
#19670000
0*
00
#19675000
b10 L
1+
b10 8
b11110110000 <
1*
10
#19680000
0*
00
#19685000
0%
b10 '
b10 A
b10000 )
b10000 @
b100 L
b10 E
b11 8
b11110110001 <
1*
10
#19690000
0*
00
#19695000
1%
b1000010000 )
b1000010000 @
b101 L
b100 E
b10 6
b100 8
b10100000000000000000000000000100 ,
b10100000000000000000000000000100 =
b11110110010 <
1*
10
#19700000
0*
00
#19705000
b0 '
b0 A
0(
b110 L
b10001 N
b101 E
b101 8
b100 6
b11110110011 <
1*
10
#19710000
0*
00
#19715000
b0 L
b110 E
b0 J
b1000010001 H
b101 6
b0 8
0+
b0 ,
b0 =
b11110110100 <
1*
10
#19720000
0*
00
#19725000
b1 L
b0 E
b110 6
b11110110101 <
1*
10
#19730000
0*
00
#19735000
1(
b1 E
b1 J
b1000010000 H
b10000 N
b0 6
b11110110110 <
1*
10
#19740000
0*
00
#19745000
b1 8
b1 6
b11110110111 <
1*
10
#19750000
0*
00
#19755000
b10 L
1+
b10 8
b11110111000 <
1*
10
#19760000
0*
00
#19765000
0%
b10 '
b10 A
b10000 )
b10000 @
b100 L
b10 E
b11 8
b11110111001 <
1*
10
#19770000
0*
00
#19775000
1%
b1000010000 )
b1000010000 @
b101 L
b100 E
b10 6
b100 8
b10100000000000000000000000000100 ,
b10100000000000000000000000000100 =
b11110111010 <
1*
10
#19780000
0*
00
#19785000
b0 '
b0 A
0(
b110 L
b10001 N
b101 E
b101 8
b100 6
b11110111011 <
1*
10
#19790000
0*
00
#19795000
b0 L
b110 E
b0 J
b1000010001 H
b101 6
b0 8
0+
b0 ,
b0 =
b11110111100 <
1*
10
#19800000
0*
00
#19805000
b1 L
b0 E
b110 6
b11110111101 <
1*
10
#19810000
0*
00
#19815000
1(
b1 E
b1 J
b1000010000 H
b10000 N
b0 6
b11110111110 <
1*
10
#19820000
0*
00
#19825000
b1 8
b1 6
b11110111111 <
1*
10
#19830000
0*
00
#19835000
b10 L
1+
b10 8
b11111000000 <
1*
10
#19840000
0*
00
#19845000
0%
b10 '
b10 A
b10000 )
b10000 @
b100 L
b10 E
b11 8
b11111000001 <
1*
10
#19850000
0*
00
#19855000
1%
b1000010000 )
b1000010000 @
b101 L
b100 E
b10 6
b100 8
b10100000000000000000000000000100 ,
b10100000000000000000000000000100 =
b11111000010 <
1*
10
#19860000
0*
00
#19865000
b0 '
b0 A
0(
b110 L
b10001 N
b101 E
b101 8
b100 6
b11111000011 <
1*
10
#19870000
0*
00
#19875000
b0 L
b110 E
b0 J
b1000010001 H
b101 6
b0 8
0+
b0 ,
b0 =
b11111000100 <
1*
10
#19880000
0*
00
#19885000
b1 L
b0 E
b110 6
b11111000101 <
1*
10
#19890000
0*
00
#19895000
1(
b1 E
b1 J
b1000010000 H
b10000 N
b0 6
b11111000110 <
1*
10
#19900000
0*
00
#19905000
b1 8
b1 6
b11111000111 <
1*
10
#19910000
0*
00
#19915000
b10 L
1+
b10 8
b11111001000 <
1*
10
#19920000
0*
00
#19925000
0%
b10 '
b10 A
b10000 )
b10000 @
b100 L
b10 E
b11 8
b11111001001 <
1*
10
#19930000
0*
00
#19935000
1%
b1000010000 )
b1000010000 @
b101 L
b100 E
b10 6
b100 8
b10100000000000000000000000000100 ,
b10100000000000000000000000000100 =
b11111001010 <
1*
10
#19940000
0*
00
#19945000
b0 '
b0 A
0(
b110 L
b10001 N
b101 E
b101 8
b100 6
b11111001011 <
1*
10
#19950000
0*
00
#19955000
b0 L
b110 E
b0 J
b1000010001 H
b101 6
b0 8
0+
b0 ,
b0 =
b11111001100 <
1*
10
#19960000
0*
00
#19965000
b1 L
b0 E
b110 6
b11111001101 <
1*
10
#19970000
0*
00
#19975000
1(
b1 E
b1 J
b1000010000 H
b10000 N
b0 6
b11111001110 <
1*
10
#19980000
0*
00
#19985000
b1 8
b1 6
b11111001111 <
1*
10
#19990000
0*
00
#19995000
b10 L
1+
b10 8
b11111010000 <
1*
10
#20000000
0*
00
#20005000
0%
b10 '
b10 A
b10000 )
b10000 @
b100 L
b10 E
b11 8
b11111010001 <
1*
10
#20010000
0*
00
#20015000
1%
b1000010000 )
b1000010000 @
b101 L
b100 E
b10 6
b100 8
b10100000000000000000000000000100 ,
b10100000000000000000000000000100 =
b11111010010 <
1*
10
#20020000
0*
00
#20025000
b0 '
b0 A
0(
b110 L
b10001 N
b101 E
b101 8
b100 6
b11111010011 <
1*
10
#20030000
0*
00
#20035000
b0 L
b110 E
b0 J
b1000010001 H
b101 6
b0 8
0+
b0 ,
b0 =
b11111010100 <
1*
10
#20040000
0*
00
#20045000
b1 L
b0 E
b110 6
b11111010101 <
1*
10
#20050000
0*
00
#20055000
1(
b1 E
b1 J
b1000010000 H
b10000 N
b0 6
b11111010110 <
1*
10
#20060000
0*
00
#20065000
b1 8
b1 6
b11111010111 <
1*
10
#20070000
0*
00
#20075000
b10 L
1+
b10 8
b11111011000 <
1*
10
#20080000
0*
00
#20085000
0%
b10 '
b10 A
b10000 )
b10000 @
b100 L
b10 E
b11 8
b11111011001 <
1*
10
#20090000
0*
00
#20095000
1%
b1000010000 )
b1000010000 @
b101 L
b100 E
b10 6
b100 8
b10100000000000000000000000000100 ,
b10100000000000000000000000000100 =
b11111011010 <
1*
10
#20100000
0*
00
#20105000
b0 '
b0 A
0(
b110 L
b10001 N
b101 E
b101 8
b100 6
b11111011011 <
1*
10
#20110000
0*
00
#20115000
b0 L
b110 E
b0 J
b1000010001 H
b101 6
b0 8
0+
b0 ,
b0 =
b11111011100 <
1*
10
#20120000
0*
00
#20125000
b1 L
b0 E
b110 6
b11111011101 <
1*
10
#20130000
0*
00
#20135000
1(
b1 E
b1 J
b1000010000 H
b10000 N
b0 6
b11111011110 <
1*
10
#20140000
0*
00
#20145000
b1 8
b1 6
b11111011111 <
1*
10
#20150000
0*
00
#20155000
b10 L
1+
b10 8
b11111100000 <
1*
10
#20160000
0*
00
#20165000
0%
b10 '
b10 A
b10000 )
b10000 @
b100 L
b10 E
b11 8
b11111100001 <
1*
10
#20170000
0*
00
#20175000
1%
b1000010000 )
b1000010000 @
b101 L
b100 E
b10 6
b100 8
b10100000000000000000000000000100 ,
b10100000000000000000000000000100 =
b11111100010 <
1*
10
#20180000
0*
00
#20185000
b0 '
b0 A
0(
b110 L
b10001 N
b101 E
b101 8
b100 6
b11111100011 <
1*
10
#20190000
0*
00
#20195000
b0 L
b110 E
b0 J
b1000010001 H
b101 6
b0 8
0+
b0 ,
b0 =
b11111100100 <
1*
10
#20200000
0*
00
#20205000
b1 L
b0 E
b110 6
b11111100101 <
1*
10
#20210000
0*
00
#20215000
1(
b1 E
b1 J
b1000010000 H
b10000 N
b0 6
b11111100110 <
1*
10
#20220000
0*
00
#20225000
b1 8
b1 6
b11111100111 <
1*
10
#20230000
0*
00
#20235000
b10 L
1+
b10 8
b11111101000 <
1*
10
#20240000
0*
00
#20245000
0%
b10 '
b10 A
b10000 )
b10000 @
b100 L
b10 E
b11 8
b11111101001 <
1*
10
#20250000
0*
00
#20255000
1%
b1000010000 )
b1000010000 @
b101 L
b100 E
b10 6
b100 8
b10100000000000000000000000000100 ,
b10100000000000000000000000000100 =
b11111101010 <
1*
10
#20260000
0*
00
#20265000
b0 '
b0 A
0(
b110 L
b10001 N
b101 E
b101 8
b100 6
b11111101011 <
1*
10
#20270000
0*
00
#20275000
b0 L
b110 E
b0 J
b1000010001 H
b101 6
b0 8
0+
b0 ,
b0 =
b11111101100 <
1*
10
#20280000
0*
00
#20285000
b1 L
b0 E
b110 6
b11111101101 <
1*
10
#20290000
0*
00
#20295000
1(
b1 E
b1 J
b1000010000 H
b10000 N
b0 6
b11111101110 <
1*
10
#20300000
0*
00
#20305000
b1 8
b1 6
b11111101111 <
1*
10
#20310000
0*
00
#20315000
b10 L
1+
b10 8
b11111110000 <
1*
10
#20320000
0*
00
#20325000
0%
b10 '
b10 A
b10000 )
b10000 @
b100 L
b10 E
b11 8
b11111110001 <
1*
10
#20330000
0*
00
#20335000
1%
b1000010000 )
b1000010000 @
b101 L
b100 E
b10 6
b100 8
b10100000000000000000000000000100 ,
b10100000000000000000000000000100 =
b11111110010 <
1*
10
#20340000
0*
00
#20345000
b0 '
b0 A
0(
b110 L
b10001 N
b101 E
b101 8
b100 6
b11111110011 <
1*
10
#20350000
0*
00
#20355000
b0 L
b110 E
b0 J
b1000010001 H
b101 6
b0 8
0+
b0 ,
b0 =
b11111110100 <
1*
10
#20360000
0*
00
#20365000
b1 L
b0 E
b110 6
b11111110101 <
1*
10
#20370000
0*
00
#20375000
1(
b1 E
b1 J
b1000010000 H
b10000 N
b0 6
b11111110110 <
1*
10
#20380000
0*
00
#20385000
b1 8
b1 6
b11111110111 <
1*
10
#20390000
0*
00
#20395000
b10 L
1+
b10 8
b11111111000 <
1*
10
#20400000
0*
00
#20405000
0%
b10 '
b10 A
b10000 )
b10000 @
b100 L
b10 E
b11 8
b11111111001 <
1*
10
#20410000
0*
00
#20415000
1%
b1000010000 )
b1000010000 @
b101 L
b100 E
b10 6
b100 8
b10100000000000000000000000000100 ,
b10100000000000000000000000000100 =
b11111111010 <
1*
10
#20420000
0*
00
#20425000
b0 '
b0 A
0(
b110 L
b10001 N
b101 E
b101 8
b100 6
b11111111011 <
1*
10
#20430000
0*
00
#20435000
b0 L
b110 E
b0 J
b1000010001 H
b101 6
b0 8
0+
b0 ,
b0 =
b11111111100 <
1*
10
#20440000
0*
00
#20445000
b1 L
b0 E
b110 6
b11111111101 <
1*
10
#20450000
0*
00
#20455000
1(
b1 E
b1 J
b1000010000 H
b10000 N
b0 6
b11111111110 <
1*
10
#20460000
0*
00
#20465000
b1 8
b1 6
b11111111111 <
1*
10
#20470000
0*
00
#20475000
b10 L
1+
b10 8
b100000000000 <
1*
10
#20480000
0*
00
#20485000
0%
b10 '
b10 A
b10000 )
b10000 @
b100 L
b10 E
b11 8
b100000000001 <
1*
10
#20490000
0*
00
#20495000
1%
b1000010000 )
b1000010000 @
b101 L
b100 E
b10 6
b100 8
b10100000000000000000000000000100 ,
b10100000000000000000000000000100 =
b100000000010 <
1*
10
#20500000
0*
00
#20505000
b0 '
b0 A
0(
b110 L
b10001 N
b101 E
b101 8
b100 6
b100000000011 <
1*
10
#20510000
0*
00
#20515000
b0 L
b110 E
b0 J
b1000010001 H
b101 6
b0 8
0+
b0 ,
b0 =
b100000000100 <
1*
10
#20520000
0*
00
#20525000
b1 L
b0 E
b110 6
b100000000101 <
1*
10
#20530000
0*
00
#20535000
1(
b1 E
b1 J
b1000010000 H
b10000 N
b0 6
b100000000110 <
1*
10
#20540000
0*
00
#20545000
b1 8
b1 6
b100000000111 <
1*
10
#20550000
0*
00
#20555000
b10 L
1+
b10 8
b100000001000 <
1*
10
#20560000
0*
00
#20565000
0%
b10 '
b10 A
b10000 )
b10000 @
b100 L
b10 E
b11 8
b100000001001 <
1*
10
#20570000
0*
00
#20575000
1%
b1000010000 )
b1000010000 @
b101 L
b100 E
b10 6
b100 8
b10100000000000000000000000000100 ,
b10100000000000000000000000000100 =
b100000001010 <
1*
10
#20580000
0*
00
#20585000
b0 '
b0 A
0(
b110 L
b10001 N
b101 E
b101 8
b100 6
b100000001011 <
1*
10
#20590000
0*
00
#20595000
b0 L
b110 E
b0 J
b1000010001 H
b101 6
b0 8
0+
b0 ,
b0 =
b100000001100 <
1*
10
#20600000
0*
00
#20605000
b1 L
b0 E
b110 6
b100000001101 <
1*
10
#20610000
0*
00
#20615000
1(
b1 E
b1 J
b1000010000 H
b10000 N
b0 6
b100000001110 <
1*
10
#20620000
0*
00
#20625000
b1 8
b1 6
b100000001111 <
1*
10
#20630000
0*
00
#20635000
b10 L
1+
b10 8
b100000010000 <
1*
10
#20640000
0*
00
#20645000
0%
b10 '
b10 A
b10000 )
b10000 @
b100 L
b10 E
b11 8
b100000010001 <
1*
10
#20650000
0*
00
#20655000
1%
b1000010000 )
b1000010000 @
b101 L
b100 E
b10 6
b100 8
b10100000000000000000000000000100 ,
b10100000000000000000000000000100 =
b100000010010 <
1*
10
#20660000
0*
00
#20665000
b0 '
b0 A
0(
b110 L
b10001 N
b101 E
b101 8
b100 6
b100000010011 <
1*
10
#20670000
0*
00
#20675000
b0 L
b110 E
b0 J
b1000010001 H
b101 6
b0 8
0+
b0 ,
b0 =
b100000010100 <
1*
10
#20680000
0*
00
#20685000
b1 L
b0 E
b110 6
b100000010101 <
1*
10
#20690000
0*
00
#20695000
1(
b1 E
b1 J
b1000010000 H
b10000 N
b0 6
b100000010110 <
1*
10
#20700000
0*
00
#20705000
b1 8
b1 6
b100000010111 <
1*
10
#20710000
0*
00
#20715000
b10 L
1+
b10 8
b100000011000 <
1*
10
#20720000
0*
00
#20725000
0%
b10 '
b10 A
b10000 )
b10000 @
b100 L
b10 E
b11 8
b100000011001 <
1*
10
#20730000
0*
00
#20735000
1%
b1000010000 )
b1000010000 @
b101 L
b100 E
b10 6
b100 8
b10100000000000000000000000000100 ,
b10100000000000000000000000000100 =
b100000011010 <
1*
10
#20740000
0*
00
#20745000
b0 '
b0 A
0(
b110 L
b10001 N
b101 E
b101 8
b100 6
b100000011011 <
1*
10
#20750000
0*
00
#20755000
b0 L
b110 E
b0 J
b1000010001 H
b101 6
b0 8
0+
b0 ,
b0 =
b100000011100 <
1*
10
#20760000
0*
00
#20765000
b1 L
b0 E
b110 6
b100000011101 <
1*
10
#20770000
0*
00
#20775000
1(
b1 E
b1 J
b1000010000 H
b10000 N
b0 6
b100000011110 <
1*
10
#20780000
0*
00
#20785000
b1 8
b1 6
b100000011111 <
1*
10
#20790000
0*
00
#20795000
b10 L
1+
b10 8
b100000100000 <
1*
10
#20800000
0*
00
#20805000
0%
b10 '
b10 A
b10000 )
b10000 @
b100 L
b10 E
b11 8
b100000100001 <
1*
10
#20810000
0*
00
#20815000
1%
b1000010000 )
b1000010000 @
b101 L
b100 E
b10 6
b100 8
b10100000000000000000000000000100 ,
b10100000000000000000000000000100 =
b100000100010 <
1*
10
#20820000
0*
00
#20825000
b0 '
b0 A
0(
b110 L
b10001 N
b101 E
b101 8
b100 6
b100000100011 <
1*
10
#20830000
0*
00
#20835000
b0 L
b110 E
b0 J
b1000010001 H
b101 6
b0 8
0+
b0 ,
b0 =
b100000100100 <
1*
10
#20840000
0*
00
#20845000
b1 L
b0 E
b110 6
b100000100101 <
1*
10
#20850000
0*
00
#20855000
1(
b1 E
b1 J
b1000010000 H
b10000 N
b0 6
b100000100110 <
1*
10
#20860000
0*
00
#20865000
b1 8
b1 6
b100000100111 <
1*
10
#20870000
0*
00
#20875000
b10 L
1+
b10 8
b100000101000 <
1*
10
#20880000
0*
00
#20885000
0%
b10 '
b10 A
b10000 )
b10000 @
b100 L
b10 E
b11 8
b100000101001 <
1*
10
#20890000
0*
00
#20895000
1%
b1000010000 )
b1000010000 @
b101 L
b100 E
b10 6
b100 8
b10100000000000000000000000000100 ,
b10100000000000000000000000000100 =
b100000101010 <
1*
10
#20900000
0*
00
#20905000
b0 '
b0 A
0(
b110 L
b10001 N
b101 E
b101 8
b100 6
b100000101011 <
1*
10
#20910000
0*
00
#20915000
b0 L
b110 E
b0 J
b1000010001 H
b101 6
b0 8
0+
b0 ,
b0 =
b100000101100 <
1*
10
#20920000
0*
00
#20925000
b1 L
b0 E
b110 6
b100000101101 <
1*
10
#20930000
0*
00
#20935000
1(
b1 E
b1 J
b1000010000 H
b10000 N
b0 6
b100000101110 <
1*
10
#20940000
0*
00
#20945000
b1 8
b1 6
b100000101111 <
1*
10
#20950000
0*
00
#20955000
b10 L
1+
b10 8
b100000110000 <
1*
10
#20960000
0*
00
#20965000
0%
b10 '
b10 A
b10000 )
b10000 @
b100 L
b10 E
b11 8
b100000110001 <
1*
10
#20970000
0*
00
#20975000
1%
b1000010000 )
b1000010000 @
b101 L
b100 E
b10 6
b100 8
b10100000000000000000000000000100 ,
b10100000000000000000000000000100 =
b100000110010 <
1*
10
#20980000
0*
00
#20985000
b0 '
b0 A
0(
b110 L
b10001 N
b101 E
b101 8
b100 6
b100000110011 <
1*
10
#20990000
0*
00
#20995000
b0 L
b110 E
b0 J
b1000010001 H
b101 6
b0 8
0+
b0 ,
b0 =
b100000110100 <
1*
10
#21000000
0*
00
#21005000
b1 L
b0 E
b110 6
b100000110101 <
1*
10
#21010000
0*
00
#21015000
1(
b1 E
b1 J
b1000010000 H
b10000 N
b0 6
b100000110110 <
1*
10
#21020000
0*
00
#21025000
b1 8
b1 6
b100000110111 <
1*
10
#21030000
0*
00
#21035000
b10 L
1+
b10 8
b100000111000 <
1*
10
#21040000
0*
00
#21045000
0%
b10 '
b10 A
b10000 )
b10000 @
b100 L
b10 E
b11 8
b100000111001 <
1*
10
#21050000
0*
00
#21055000
1%
b1000010000 )
b1000010000 @
b101 L
b100 E
b10 6
b100 8
b10100000000000000000000000000100 ,
b10100000000000000000000000000100 =
b100000111010 <
1*
10
#21060000
0*
00
#21065000
b0 '
b0 A
0(
b110 L
b10001 N
b101 E
b101 8
b100 6
b100000111011 <
1*
10
#21070000
0*
00
#21075000
b0 L
b110 E
b0 J
b1000010001 H
b101 6
b0 8
0+
b0 ,
b0 =
b100000111100 <
1*
10
#21080000
0*
00
#21085000
b1 L
b0 E
b110 6
b100000111101 <
1*
10
#21090000
0*
00
#21095000
1(
b1 E
b1 J
b1000010000 H
b10000 N
b0 6
b100000111110 <
1*
10
#21100000
0*
00
#21105000
b1 8
b1 6
b100000111111 <
1*
10
#21110000
0*
00
#21115000
b10 L
1+
b10 8
b100001000000 <
1*
10
#21120000
0*
00
#21125000
0%
b10 '
b10 A
b10000 )
b10000 @
b100 L
b10 E
b11 8
b100001000001 <
1*
10
#21130000
0*
00
#21135000
1%
b1000010000 )
b1000010000 @
b101 L
b100 E
b10 6
b100 8
b10100000000000000000000000000100 ,
b10100000000000000000000000000100 =
b100001000010 <
1*
10
#21140000
0*
00
#21145000
b0 '
b0 A
0(
b110 L
b10001 N
b101 E
b101 8
b100 6
b100001000011 <
1*
10
#21150000
0*
00
#21155000
b0 L
b110 E
b0 J
b1000010001 H
b101 6
b0 8
0+
b0 ,
b0 =
b100001000100 <
1*
10
#21160000
0*
00
#21165000
b1 L
b0 E
b110 6
b100001000101 <
1*
10
#21170000
0*
00
#21175000
1(
b1 E
b1 J
b1000010000 H
b10000 N
b0 6
b100001000110 <
1*
10
#21180000
0*
00
#21185000
b1 8
b1 6
b100001000111 <
1*
10
#21190000
0*
00
#21195000
b10 L
1+
b10 8
b100001001000 <
1*
10
#21200000
0*
00
#21205000
0%
b10 '
b10 A
b10000 )
b10000 @
b100 L
b10 E
b11 8
b100001001001 <
1*
10
#21210000
0*
00
#21215000
1%
b1000010000 )
b1000010000 @
b101 L
b100 E
b10 6
b100 8
b10100000000000000000000000000100 ,
b10100000000000000000000000000100 =
b100001001010 <
1*
10
#21220000
0*
00
#21225000
b0 '
b0 A
0(
b110 L
b10001 N
b101 E
b101 8
b100 6
b100001001011 <
1*
10
#21230000
0*
00
#21235000
b0 L
b110 E
b0 J
b1000010001 H
b101 6
b0 8
0+
b0 ,
b0 =
b100001001100 <
1*
10
#21240000
0*
00
#21245000
b1 L
b0 E
b110 6
b100001001101 <
1*
10
#21250000
0*
00
#21255000
1(
b1 E
b1 J
b1000010000 H
b10000 N
b0 6
b100001001110 <
1*
10
#21260000
0*
00
#21265000
b1 8
b1 6
b100001001111 <
1*
10
#21270000
0*
00
#21275000
b10 L
1+
b10 8
b100001010000 <
1*
10
#21280000
0*
00
#21285000
0%
b10 '
b10 A
b10000 )
b10000 @
b100 L
b10 E
b11 8
b100001010001 <
1*
10
#21290000
0*
00
#21295000
1%
b1000010000 )
b1000010000 @
b101 L
b100 E
b10 6
b100 8
b10100000000000000000000000000100 ,
b10100000000000000000000000000100 =
b100001010010 <
1*
10
#21300000
0*
00
#21305000
b0 '
b0 A
0(
b110 L
b10001 N
b101 E
b101 8
b100 6
b100001010011 <
1*
10
#21310000
0*
00
#21315000
b0 L
b110 E
b0 J
b1000010001 H
b101 6
b0 8
0+
b0 ,
b0 =
b100001010100 <
1*
10
#21320000
0*
00
#21325000
b1 L
b0 E
b110 6
b100001010101 <
1*
10
#21330000
0*
00
#21335000
1(
b1 E
b1 J
b1000010000 H
b10000 N
b0 6
b100001010110 <
1*
10
#21340000
0*
00
#21345000
b1 8
b1 6
b100001010111 <
1*
10
#21350000
0*
00
#21355000
b10 L
1+
b10 8
b100001011000 <
1*
10
#21360000
0*
00
#21365000
0%
b10 '
b10 A
b10000 )
b10000 @
b100 L
b10 E
b11 8
b100001011001 <
1*
10
#21370000
0*
00
#21375000
1%
b1000010000 )
b1000010000 @
b101 L
b100 E
b10 6
b100 8
b10100000000000000000000000000100 ,
b10100000000000000000000000000100 =
b100001011010 <
1*
10
#21380000
0*
00
#21385000
b0 '
b0 A
0(
b110 L
b10001 N
b101 E
b101 8
b100 6
b100001011011 <
1*
10
#21390000
0*
00
#21395000
b0 L
b110 E
b0 J
b1000010001 H
b101 6
b0 8
0+
b0 ,
b0 =
b100001011100 <
1*
10
#21400000
0*
00
#21405000
b1 L
b0 E
b110 6
b100001011101 <
1*
10
#21410000
0*
00
#21415000
1(
b1 E
b1 J
b1000010000 H
b10000 N
b0 6
b100001011110 <
1*
10
#21420000
0*
00
#21425000
b1 8
b1 6
b100001011111 <
1*
10
#21430000
0*
00
#21435000
b10 L
1+
b10 8
b100001100000 <
1*
10
#21440000
0*
00
#21445000
0%
b10 '
b10 A
b10000 )
b10000 @
b100 L
b10 E
b11 8
b100001100001 <
1*
10
#21450000
0*
00
#21455000
1%
b1000010000 )
b1000010000 @
b101 L
b100 E
b10 6
b100 8
b10100000000000000000000000000100 ,
b10100000000000000000000000000100 =
b100001100010 <
1*
10
#21460000
0*
00
#21465000
b0 '
b0 A
0(
b110 L
b10001 N
b101 E
b101 8
b100 6
b100001100011 <
1*
10
#21470000
0*
00
#21475000
b0 L
b110 E
b0 J
b1000010001 H
b101 6
b0 8
0+
b0 ,
b0 =
b100001100100 <
1*
10
#21480000
0*
00
#21485000
b1 L
b0 E
b110 6
b100001100101 <
1*
10
#21490000
0*
00
#21495000
1(
b1 E
b1 J
b1000010000 H
b10000 N
b0 6
b100001100110 <
1*
10
#21500000
0*
00
#21505000
b1 8
b1 6
b100001100111 <
1*
10
#21510000
0*
00
#21515000
b10 L
1+
b10 8
b100001101000 <
1*
10
#21520000
0*
00
#21525000
0%
b10 '
b10 A
b10000 )
b10000 @
b100 L
b10 E
b11 8
b100001101001 <
1*
10
#21530000
0*
00
#21535000
1%
b1000010000 )
b1000010000 @
b101 L
b100 E
b10 6
b100 8
b10100000000000000000000000000100 ,
b10100000000000000000000000000100 =
b100001101010 <
1*
10
#21540000
0*
00
#21545000
b0 '
b0 A
0(
b110 L
b10001 N
b101 E
b101 8
b100 6
b100001101011 <
1*
10
#21550000
0*
00
#21555000
b0 L
b110 E
b0 J
b1000010001 H
b101 6
b0 8
0+
b0 ,
b0 =
b100001101100 <
1*
10
#21560000
0*
00
#21565000
b1 L
b0 E
b110 6
b100001101101 <
1*
10
#21570000
0*
00
#21575000
1(
b1 E
b1 J
b1000010000 H
b10000 N
b0 6
b100001101110 <
1*
10
#21580000
0*
00
#21585000
b1 8
b1 6
b100001101111 <
1*
10
#21590000
0*
00
#21595000
b10 L
1+
b10 8
b100001110000 <
1*
10
#21600000
0*
00
#21605000
0%
b10 '
b10 A
b10000 )
b10000 @
b100 L
b10 E
b11 8
b100001110001 <
1*
10
#21610000
0*
00
#21615000
1%
b1000010000 )
b1000010000 @
b101 L
b100 E
b10 6
b100 8
b10100000000000000000000000000100 ,
b10100000000000000000000000000100 =
b100001110010 <
1*
10
#21620000
0*
00
#21625000
b0 '
b0 A
0(
b110 L
b10001 N
b101 E
b101 8
b100 6
b100001110011 <
1*
10
#21630000
0*
00
#21635000
b0 L
b110 E
b0 J
b1000010001 H
b101 6
b0 8
0+
b0 ,
b0 =
b100001110100 <
1*
10
#21640000
0*
00
#21645000
b1 L
b0 E
b110 6
b100001110101 <
1*
10
#21650000
0*
00
#21655000
1(
b1 E
b1 J
b1000010000 H
b10000 N
b0 6
b100001110110 <
1*
10
#21660000
0*
00
#21665000
b1 8
b1 6
b100001110111 <
1*
10
#21670000
0*
00
#21675000
b10 L
1+
b10 8
b100001111000 <
1*
10
#21680000
0*
00
#21685000
0%
b10 '
b10 A
b10000 )
b10000 @
b100 L
b10 E
b11 8
b100001111001 <
1*
10
#21690000
0*
00
#21695000
1%
b1000010000 )
b1000010000 @
b101 L
b100 E
b10 6
b100 8
b10100000000000000000000000000100 ,
b10100000000000000000000000000100 =
b100001111010 <
1*
10
#21700000
0*
00
#21705000
b0 '
b0 A
0(
b110 L
b10001 N
b101 E
b101 8
b100 6
b100001111011 <
1*
10
#21710000
0*
00
#21715000
b0 L
b110 E
b0 J
b1000010001 H
b101 6
b0 8
0+
b0 ,
b0 =
b100001111100 <
1*
10
#21720000
0*
00
#21725000
b1 L
b0 E
b110 6
b100001111101 <
1*
10
#21730000
0*
00
#21735000
1(
b1 E
b1 J
b1000010000 H
b10000 N
b0 6
b100001111110 <
1*
10
#21740000
0*
00
#21745000
b1 8
b1 6
b100001111111 <
1*
10
#21750000
0*
00
#21755000
b10 L
1+
b10 8
b100010000000 <
1*
10
#21760000
0*
00
#21765000
0%
b10 '
b10 A
b10000 )
b10000 @
b100 L
b10 E
b11 8
b100010000001 <
1*
10
#21770000
0*
00
#21775000
1%
b1000010000 )
b1000010000 @
b101 L
b100 E
b10 6
b100 8
b10100000000000000000000000000100 ,
b10100000000000000000000000000100 =
b100010000010 <
1*
10
#21780000
0*
00
#21785000
b0 '
b0 A
0(
b110 L
b10001 N
b101 E
b101 8
b100 6
b100010000011 <
1*
10
#21790000
0*
00
#21795000
b0 L
b110 E
b0 J
b1000010001 H
b101 6
b0 8
0+
b0 ,
b0 =
b100010000100 <
1*
10
#21800000
0*
00
#21805000
b1 L
b0 E
b110 6
b100010000101 <
1*
10
#21810000
0*
00
#21815000
1(
b1 E
b1 J
b1000010000 H
b10000 N
b0 6
b100010000110 <
1*
10
#21820000
0*
00
#21825000
b1 8
b1 6
b100010000111 <
1*
10
#21830000
0*
00
#21835000
b10 L
1+
b10 8
b100010001000 <
1*
10
#21840000
0*
00
#21845000
0%
b10 '
b10 A
b10000 )
b10000 @
b100 L
b10 E
b11 8
b100010001001 <
1*
10
#21850000
0*
00
#21855000
1%
b1000010000 )
b1000010000 @
b101 L
b100 E
b10 6
b100 8
b10100000000000000000000000000100 ,
b10100000000000000000000000000100 =
b100010001010 <
1*
10
#21860000
0*
00
#21865000
b0 '
b0 A
0(
b110 L
b10001 N
b101 E
b101 8
b100 6
b100010001011 <
1*
10
#21870000
0*
00
#21875000
b0 L
b110 E
b0 J
b1000010001 H
b101 6
b0 8
0+
b0 ,
b0 =
b100010001100 <
1*
10
#21880000
0*
00
#21885000
b1 L
b0 E
b110 6
b100010001101 <
1*
10
#21890000
0*
00
#21895000
1(
b1 E
b1 J
b1000010000 H
b10000 N
b0 6
b100010001110 <
1*
10
#21900000
0*
00
#21905000
b1 8
b1 6
b100010001111 <
1*
10
#21910000
0*
00
#21915000
b10 L
1+
b10 8
b100010010000 <
1*
10
#21920000
0*
00
#21925000
0%
b10 '
b10 A
b10000 )
b10000 @
b100 L
b10 E
b11 8
b100010010001 <
1*
10
#21930000
0*
00
#21935000
1%
b1000010000 )
b1000010000 @
b101 L
b100 E
b10 6
b100 8
b10100000000000000000000000000100 ,
b10100000000000000000000000000100 =
b100010010010 <
1*
10
#21940000
0*
00
#21945000
b0 '
b0 A
0(
b110 L
b10001 N
b101 E
b101 8
b100 6
b100010010011 <
1*
10
#21950000
0*
00
#21955000
b0 L
b110 E
b0 J
b1000010001 H
b101 6
b0 8
0+
b0 ,
b0 =
b100010010100 <
1*
10
#21960000
0*
00
#21965000
b1 L
b0 E
b110 6
b100010010101 <
1*
10
#21970000
0*
00
#21975000
1(
b1 E
b1 J
b1000010000 H
b10000 N
b0 6
b100010010110 <
1*
10
#21980000
0*
00
#21985000
b1 8
b1 6
b100010010111 <
1*
10
#21990000
0*
00
#21995000
b10 L
1+
b10 8
b100010011000 <
1*
10
#22000000
0*
00
#22005000
0%
b10 '
b10 A
b10000 )
b10000 @
b100 L
b10 E
b11 8
b100010011001 <
1*
10
#22010000
0*
00
#22015000
1%
b1000010000 )
b1000010000 @
b101 L
b100 E
b10 6
b100 8
b10100000000000000000000000000100 ,
b10100000000000000000000000000100 =
b100010011010 <
1*
10
#22020000
0*
00
#22025000
b0 '
b0 A
0(
b110 L
b10001 N
b101 E
b101 8
b100 6
b100010011011 <
1*
10
#22030000
0*
00
#22035000
b0 L
b110 E
b0 J
b1000010001 H
b101 6
b0 8
0+
b0 ,
b0 =
b100010011100 <
1*
10
#22040000
0*
00
#22045000
b1 L
b0 E
b110 6
b100010011101 <
1*
10
#22050000
0*
00
#22055000
1(
b1 E
b1 J
b1000010000 H
b10000 N
b0 6
b100010011110 <
1*
10
#22060000
0*
00
#22065000
b1 8
b1 6
b100010011111 <
1*
10
#22070000
0*
00
#22075000
b10 L
1+
b10 8
b100010100000 <
1*
10
#22080000
0*
00
#22085000
0%
b10 '
b10 A
b10000 )
b10000 @
b100 L
b10 E
b11 8
b100010100001 <
1*
10
#22090000
0*
00
#22095000
1%
b1000010000 )
b1000010000 @
b101 L
b100 E
b10 6
b100 8
b10100000000000000000000000000100 ,
b10100000000000000000000000000100 =
b100010100010 <
1*
10
#22100000
0*
00
#22105000
b0 '
b0 A
0(
b110 L
b10001 N
b101 E
b101 8
b100 6
b100010100011 <
1*
10
#22110000
0*
00
#22115000
b0 L
b110 E
b0 J
b1000010001 H
b101 6
b0 8
0+
b0 ,
b0 =
b100010100100 <
1*
10
#22120000
0*
00
#22125000
b1 L
b0 E
b110 6
b100010100101 <
1*
10
#22130000
0*
00
#22135000
1(
b1 E
b1 J
b1000010000 H
b10000 N
b0 6
b100010100110 <
1*
10
#22140000
0*
00
#22145000
b1 8
b1 6
b100010100111 <
1*
10
#22150000
0*
00
#22155000
b10 L
1+
b10 8
b100010101000 <
1*
10
#22160000
0*
00
#22165000
0%
b10 '
b10 A
b10000 )
b10000 @
b100 L
b10 E
b11 8
b100010101001 <
1*
10
#22170000
0*
00
#22175000
1%
b1000010000 )
b1000010000 @
b101 L
b100 E
b10 6
b100 8
b10100000000000000000000000000100 ,
b10100000000000000000000000000100 =
b100010101010 <
1*
10
#22180000
0*
00
#22185000
b0 '
b0 A
0(
b110 L
b10001 N
b101 E
b101 8
b100 6
b100010101011 <
1*
10
#22190000
0*
00
#22195000
b0 L
b110 E
b0 J
b1000010001 H
b101 6
b0 8
0+
b0 ,
b0 =
b100010101100 <
1*
10
#22200000
0*
00
#22205000
b1 L
b0 E
b110 6
b100010101101 <
1*
10
#22210000
0*
00
#22215000
1(
b1 E
b1 J
b1000010000 H
b10000 N
b0 6
b100010101110 <
1*
10
#22220000
0*
00
#22225000
b1 8
b1 6
b100010101111 <
1*
10
#22230000
0*
00
#22235000
b10 L
1+
b10 8
b100010110000 <
1*
10
#22240000
0*
00
#22245000
0%
b10 '
b10 A
b10000 )
b10000 @
b100 L
b10 E
b11 8
b100010110001 <
1*
10
#22250000
0*
00
#22255000
1%
b1000010000 )
b1000010000 @
b101 L
b100 E
b10 6
b100 8
b10100000000000000000000000000100 ,
b10100000000000000000000000000100 =
b100010110010 <
1*
10
#22260000
0*
00
#22265000
b0 '
b0 A
0(
b110 L
b10001 N
b101 E
b101 8
b100 6
b100010110011 <
1*
10
#22270000
0*
00
#22275000
b0 L
b110 E
b0 J
b1000010001 H
b101 6
b0 8
0+
b0 ,
b0 =
b100010110100 <
1*
10
#22280000
0*
00
#22285000
b1 L
b0 E
b110 6
b100010110101 <
1*
10
#22290000
0*
00
#22295000
1(
b1 E
b1 J
b1000010000 H
b10000 N
b0 6
b100010110110 <
1*
10
#22300000
0*
00
#22305000
b1 8
b1 6
b100010110111 <
1*
10
#22310000
0*
00
#22315000
b10 L
1+
b10 8
b100010111000 <
1*
10
#22320000
0*
00
#22325000
0%
b10 '
b10 A
b10000 )
b10000 @
b100 L
b10 E
b11 8
b100010111001 <
1*
10
#22330000
0*
00
#22335000
1%
b1000010000 )
b1000010000 @
b101 L
b100 E
b10 6
b100 8
b10100000000000000000000000000100 ,
b10100000000000000000000000000100 =
b100010111010 <
1*
10
#22340000
0*
00
#22345000
b0 '
b0 A
0(
b110 L
b10001 N
b101 E
b101 8
b100 6
b100010111011 <
1*
10
#22350000
0*
00
#22355000
b0 L
b110 E
b0 J
b1000010001 H
b101 6
b0 8
0+
b0 ,
b0 =
b100010111100 <
1*
10
#22360000
0*
00
#22365000
b1 L
b0 E
b110 6
b100010111101 <
1*
10
#22370000
0*
00
#22375000
1(
b1 E
b1 J
b1000010000 H
b10000 N
b0 6
b100010111110 <
1*
10
#22380000
0*
00
#22385000
b1 8
b1 6
b100010111111 <
1*
10
#22390000
0*
00
#22395000
b10 L
1+
b10 8
b100011000000 <
1*
10
#22400000
0*
00
#22405000
0%
b10 '
b10 A
b10000 )
b10000 @
b100 L
b10 E
b11 8
b100011000001 <
1*
10
#22410000
0*
00
#22415000
1%
b1000010000 )
b1000010000 @
b101 L
b100 E
b10 6
b100 8
b10100000000000000000000000000100 ,
b10100000000000000000000000000100 =
b100011000010 <
1*
10
#22420000
0*
00
#22425000
b0 '
b0 A
0(
b110 L
b10001 N
b101 E
b101 8
b100 6
b100011000011 <
1*
10
#22430000
0*
00
#22435000
b0 L
b110 E
b0 J
b1000010001 H
b101 6
b0 8
0+
b0 ,
b0 =
b100011000100 <
1*
10
#22440000
0*
00
#22445000
b1 L
b0 E
b110 6
b100011000101 <
1*
10
#22450000
0*
00
#22455000
1(
b1 E
b1 J
b1000010000 H
b10000 N
b0 6
b100011000110 <
1*
10
#22460000
0*
00
#22465000
b1 8
b1 6
b100011000111 <
1*
10
#22470000
0*
00
#22475000
b10 L
1+
b10 8
b100011001000 <
1*
10
#22480000
0*
00
#22485000
0%
b10 '
b10 A
b10000 )
b10000 @
b100 L
b10 E
b11 8
b100011001001 <
1*
10
#22490000
0*
00
#22495000
1%
b1000010000 )
b1000010000 @
b101 L
b100 E
b10 6
b100 8
b10100000000000000000000000000100 ,
b10100000000000000000000000000100 =
b100011001010 <
1*
10
#22500000
0*
00
#22505000
b0 '
b0 A
0(
b110 L
b10001 N
b101 E
b101 8
b100 6
b100011001011 <
1*
10
#22510000
0*
00
#22515000
b0 L
b110 E
b0 J
b1000010001 H
b101 6
b0 8
0+
b0 ,
b0 =
b100011001100 <
1*
10
#22520000
0*
00
#22525000
b1 L
b0 E
b110 6
b100011001101 <
1*
10
#22530000
0*
00
#22535000
1(
b1 E
b1 J
b1000010000 H
b10000 N
b0 6
b100011001110 <
1*
10
#22540000
0*
00
#22545000
b1 8
b1 6
b100011001111 <
1*
10
#22550000
0*
00
#22555000
b10 L
1+
b10 8
b100011010000 <
1*
10
#22560000
0*
00
#22565000
0%
b10 '
b10 A
b10000 )
b10000 @
b100 L
b10 E
b11 8
b100011010001 <
1*
10
#22570000
0*
00
#22575000
1%
b1000010000 )
b1000010000 @
b101 L
b100 E
b10 6
b100 8
b10100000000000000000000000000100 ,
b10100000000000000000000000000100 =
b100011010010 <
1*
10
#22580000
0*
00
#22585000
b0 '
b0 A
0(
b110 L
b10001 N
b101 E
b101 8
b100 6
b100011010011 <
1*
10
#22590000
0*
00
#22595000
b0 L
b110 E
b0 J
b1000010001 H
b101 6
b0 8
0+
b0 ,
b0 =
b100011010100 <
1*
10
#22600000
0*
00
#22605000
b1 L
b0 E
b110 6
b100011010101 <
1*
10
#22610000
0*
00
#22615000
1(
b1 E
b1 J
b1000010000 H
b10000 N
b0 6
b100011010110 <
1*
10
#22620000
0*
00
#22625000
b1 8
b1 6
b100011010111 <
1*
10
#22630000
0*
00
#22635000
b10 L
1+
b10 8
b100011011000 <
1*
10
#22640000
0*
00
#22645000
0%
b10 '
b10 A
b10000 )
b10000 @
b100 L
b10 E
b11 8
b100011011001 <
1*
10
#22650000
0*
00
#22655000
1%
b1000010000 )
b1000010000 @
b101 L
b100 E
b10 6
b100 8
b10100000000000000000000000000100 ,
b10100000000000000000000000000100 =
b100011011010 <
1*
10
#22660000
0*
00
#22665000
b0 '
b0 A
0(
b110 L
b10001 N
b101 E
b101 8
b100 6
b100011011011 <
1*
10
#22670000
0*
00
#22675000
b0 L
b110 E
b0 J
b1000010001 H
b101 6
b0 8
0+
b0 ,
b0 =
b100011011100 <
1*
10
#22680000
0*
00
#22685000
b1 L
b0 E
b110 6
b100011011101 <
1*
10
#22690000
0*
00
#22695000
1(
b1 E
b1 J
b1000010000 H
b10000 N
b0 6
b100011011110 <
1*
10
#22700000
0*
00
#22705000
b1 8
b1 6
b100011011111 <
1*
10
#22710000
0*
00
#22715000
b10 L
1+
b10 8
b100011100000 <
1*
10
#22720000
0*
00
#22725000
0%
b10 '
b10 A
b10000 )
b10000 @
b100 L
b10 E
b11 8
b100011100001 <
1*
10
#22730000
0*
00
#22735000
1%
b1000010000 )
b1000010000 @
b101 L
b100 E
b10 6
b100 8
b10100000000000000000000000000100 ,
b10100000000000000000000000000100 =
b100011100010 <
1*
10
#22740000
0*
00
#22745000
b0 '
b0 A
0(
b110 L
b10001 N
b101 E
b101 8
b100 6
b100011100011 <
1*
10
#22750000
0*
00
#22755000
b0 L
b110 E
b0 J
b1000010001 H
b101 6
b0 8
0+
b0 ,
b0 =
b100011100100 <
1*
10
#22760000
0*
00
#22765000
b1 L
b0 E
b110 6
b100011100101 <
1*
10
#22770000
0*
00
#22775000
1(
b1 E
b1 J
b1000010000 H
b10000 N
b0 6
b100011100110 <
1*
10
#22780000
0*
00
#22785000
b1 8
b1 6
b100011100111 <
1*
10
#22790000
0*
00
#22795000
b10 L
1+
b10 8
b100011101000 <
1*
10
#22800000
0*
00
#22805000
0%
b10 '
b10 A
b10000 )
b10000 @
b100 L
b10 E
b11 8
b100011101001 <
1*
10
#22810000
0*
00
#22815000
1%
b1000010000 )
b1000010000 @
b101 L
b100 E
b10 6
b100 8
b10100000000000000000000000000100 ,
b10100000000000000000000000000100 =
b100011101010 <
1*
10
#22820000
0*
00
#22825000
b0 '
b0 A
0(
b110 L
b10001 N
b101 E
b101 8
b100 6
b100011101011 <
1*
10
#22830000
0*
00
#22835000
b0 L
b110 E
b0 J
b1000010001 H
b101 6
b0 8
0+
b0 ,
b0 =
b100011101100 <
1*
10
#22840000
0*
00
#22845000
b1 L
b0 E
b110 6
b100011101101 <
1*
10
#22850000
0*
00
#22855000
1(
b1 E
b1 J
b1000010000 H
b10000 N
b0 6
b100011101110 <
1*
10
#22860000
0*
00
#22865000
b1 8
b1 6
b100011101111 <
1*
10
#22870000
0*
00
#22875000
b10 L
1+
b10 8
b100011110000 <
1*
10
#22880000
0*
00
#22885000
0%
b10 '
b10 A
b10000 )
b10000 @
b100 L
b10 E
b11 8
b100011110001 <
1*
10
#22890000
0*
00
#22895000
1%
b1000010000 )
b1000010000 @
b101 L
b100 E
b10 6
b100 8
b10100000000000000000000000000100 ,
b10100000000000000000000000000100 =
b100011110010 <
1*
10
#22900000
0*
00
#22905000
b0 '
b0 A
0(
b110 L
b10001 N
b101 E
b101 8
b100 6
b100011110011 <
1*
10
#22910000
0*
00
#22915000
b0 L
b110 E
b0 J
b1000010001 H
b101 6
b0 8
0+
b0 ,
b0 =
b100011110100 <
1*
10
#22920000
0*
00
#22925000
b1 L
b0 E
b110 6
b100011110101 <
1*
10
#22930000
0*
00
#22935000
1(
b1 E
b1 J
b1000010000 H
b10000 N
b0 6
b100011110110 <
1*
10
#22940000
0*
00
#22945000
b1 8
b1 6
b100011110111 <
1*
10
#22950000
0*
00
#22955000
b10 L
1+
b10 8
b100011111000 <
1*
10
#22960000
0*
00
#22965000
0%
b10 '
b10 A
b10000 )
b10000 @
b100 L
b10 E
b11 8
b100011111001 <
1*
10
#22970000
0*
00
#22975000
1%
b1000010000 )
b1000010000 @
b101 L
b100 E
b10 6
b100 8
b10100000000000000000000000000100 ,
b10100000000000000000000000000100 =
b100011111010 <
1*
10
#22980000
0*
00
#22985000
b0 '
b0 A
0(
b110 L
b10001 N
b101 E
b101 8
b100 6
b100011111011 <
1*
10
#22990000
0*
00
#22995000
b0 L
b110 E
b0 J
b1000010001 H
b101 6
b0 8
0+
b0 ,
b0 =
b100011111100 <
1*
10
#23000000
0*
00
#23005000
b1 L
b0 E
b110 6
b100011111101 <
1*
10
#23010000
0*
00
#23015000
1(
b1 E
b1 J
b1000010000 H
b10000 N
b0 6
b100011111110 <
1*
10
#23020000
0*
00
#23025000
b1 8
b1 6
b100011111111 <
1*
10
#23030000
0*
00
#23035000
b10 L
1+
b10 8
b100100000000 <
1*
10
#23040000
0*
00
#23045000
0%
b10 '
b10 A
b10000 )
b10000 @
b100 L
b10 E
b11 8
b100100000001 <
1*
10
#23050000
0*
00
#23055000
1%
b1000010000 )
b1000010000 @
b101 L
b100 E
b10 6
b100 8
b10100000000000000000000000000100 ,
b10100000000000000000000000000100 =
b100100000010 <
1*
10
#23060000
0*
00
#23065000
b0 '
b0 A
0(
b110 L
b10001 N
b101 E
b101 8
b100 6
b100100000011 <
1*
10
#23070000
0*
00
#23075000
b0 L
b110 E
b0 J
b1000010001 H
b101 6
b0 8
0+
b0 ,
b0 =
b100100000100 <
1*
10
#23080000
0*
00
#23085000
b1 L
b0 E
b110 6
b100100000101 <
1*
10
#23090000
0*
00
#23095000
1(
b1 E
b1 J
b1000010000 H
b10000 N
b0 6
b100100000110 <
1*
10
#23100000
0*
00
#23105000
b1 8
b1 6
b100100000111 <
1*
10
#23110000
0*
00
#23115000
b10 L
1+
b10 8
b100100001000 <
1*
10
#23120000
0*
00
#23125000
0%
b10 '
b10 A
b10000 )
b10000 @
b100 L
b10 E
b11 8
b100100001001 <
1*
10
#23130000
0*
00
#23135000
1%
b1000010000 )
b1000010000 @
b101 L
b100 E
b10 6
b100 8
b10100000000000000000000000000100 ,
b10100000000000000000000000000100 =
b100100001010 <
1*
10
#23140000
0*
00
#23145000
b0 '
b0 A
0(
b110 L
b10001 N
b101 E
b101 8
b100 6
b100100001011 <
1*
10
#23150000
0*
00
#23155000
b0 L
b110 E
b0 J
b1000010001 H
b101 6
b0 8
0+
b0 ,
b0 =
b100100001100 <
1*
10
#23160000
0*
00
#23165000
b1 L
b0 E
b110 6
b100100001101 <
1*
10
#23170000
0*
00
#23175000
1(
b1 E
b1 J
b1000010000 H
b10000 N
b0 6
b100100001110 <
1*
10
#23180000
0*
00
#23185000
b1 8
b1 6
b100100001111 <
1*
10
#23190000
0*
00
#23195000
b10 L
1+
b10 8
b100100010000 <
1*
10
#23200000
0*
00
#23205000
0%
b10 '
b10 A
b10000 )
b10000 @
b100 L
b10 E
b11 8
b100100010001 <
1*
10
#23210000
0*
00
#23215000
1%
b1000010000 )
b1000010000 @
b101 L
b100 E
b10 6
b100 8
b10100000000000000000000000000100 ,
b10100000000000000000000000000100 =
b100100010010 <
1*
10
#23220000
0*
00
#23225000
b0 '
b0 A
0(
b110 L
b10001 N
b101 E
b101 8
b100 6
b100100010011 <
1*
10
#23230000
0*
00
#23235000
b0 L
b110 E
b0 J
b1000010001 H
b101 6
b0 8
0+
b0 ,
b0 =
b100100010100 <
1*
10
#23240000
0*
00
#23245000
b1 L
b0 E
b110 6
b100100010101 <
1*
10
#23250000
0*
00
#23255000
1(
b1 E
b1 J
b1000010000 H
b10000 N
b0 6
b100100010110 <
1*
10
#23260000
0*
00
#23265000
b1 8
b1 6
b100100010111 <
1*
10
#23270000
0*
00
#23275000
b10 L
1+
b10 8
b100100011000 <
1*
10
#23280000
0*
00
#23285000
0%
b10 '
b10 A
b10000 )
b10000 @
b100 L
b10 E
b11 8
b100100011001 <
1*
10
#23290000
0*
00
#23295000
1%
b1000010000 )
b1000010000 @
b101 L
b100 E
b10 6
b100 8
b10100000000000000000000000000100 ,
b10100000000000000000000000000100 =
b100100011010 <
1*
10
#23300000
0*
00
#23305000
b0 '
b0 A
0(
b110 L
b10001 N
b101 E
b101 8
b100 6
b100100011011 <
1*
10
#23310000
0*
00
#23315000
b0 L
b110 E
b0 J
b1000010001 H
b101 6
b0 8
0+
b0 ,
b0 =
b100100011100 <
1*
10
#23320000
0*
00
#23325000
b1 L
b0 E
b110 6
b100100011101 <
1*
10
#23330000
0*
00
#23335000
1(
b1 E
b1 J
b1000010000 H
b10000 N
b0 6
b100100011110 <
1*
10
#23340000
0*
00
#23345000
b1 8
b1 6
b100100011111 <
1*
10
#23350000
0*
00
#23355000
b10 L
1+
b10 8
b100100100000 <
1*
10
#23360000
0*
00
#23365000
0%
b10 '
b10 A
b10000 )
b10000 @
b100 L
b10 E
b11 8
b100100100001 <
1*
10
#23370000
0*
00
#23375000
1%
b1000010000 )
b1000010000 @
b101 L
b100 E
b10 6
b100 8
b10100000000000000000000000000100 ,
b10100000000000000000000000000100 =
b100100100010 <
1*
10
#23380000
0*
00
#23385000
b0 '
b0 A
0(
b110 L
b10001 N
b101 E
b101 8
b100 6
b100100100011 <
1*
10
#23390000
0*
00
#23395000
b0 L
b110 E
b0 J
b1000010001 H
b101 6
b0 8
0+
b0 ,
b0 =
b100100100100 <
1*
10
#23400000
0*
00
#23405000
b1 L
b0 E
b110 6
b100100100101 <
1*
10
#23410000
0*
00
#23415000
1(
b1 E
b1 J
b1000010000 H
b10000 N
b0 6
b100100100110 <
1*
10
#23420000
0*
00
#23425000
b1 8
b1 6
b100100100111 <
1*
10
#23430000
0*
00
#23435000
b10 L
1+
b10 8
b100100101000 <
1*
10
#23440000
0*
00
#23445000
0%
b10 '
b10 A
b10000 )
b10000 @
b100 L
b10 E
b11 8
b100100101001 <
1*
10
#23450000
0*
00
#23455000
1%
b1000010000 )
b1000010000 @
b101 L
b100 E
b10 6
b100 8
b10100000000000000000000000000100 ,
b10100000000000000000000000000100 =
b100100101010 <
1*
10
#23460000
0*
00
#23465000
b0 '
b0 A
0(
b110 L
b10001 N
b101 E
b101 8
b100 6
b100100101011 <
1*
10
#23470000
0*
00
#23475000
b0 L
b110 E
b0 J
b1000010001 H
b101 6
b0 8
0+
b0 ,
b0 =
b100100101100 <
1*
10
#23480000
0*
00
#23485000
b1 L
b0 E
b110 6
b100100101101 <
1*
10
#23490000
0*
00
#23495000
1(
b1 E
b1 J
b1000010000 H
b10000 N
b0 6
b100100101110 <
1*
10
#23500000
0*
00
#23505000
b1 8
b1 6
b100100101111 <
1*
10
#23510000
0*
00
#23515000
b10 L
1+
b10 8
b100100110000 <
1*
10
#23520000
0*
00
#23525000
0%
b10 '
b10 A
b10000 )
b10000 @
b100 L
b10 E
b11 8
b100100110001 <
1*
10
#23530000
0*
00
#23535000
1%
b1000010000 )
b1000010000 @
b101 L
b100 E
b10 6
b100 8
b10100000000000000000000000000100 ,
b10100000000000000000000000000100 =
b100100110010 <
1*
10
#23540000
0*
00
#23545000
b0 '
b0 A
0(
b110 L
b10001 N
b101 E
b101 8
b100 6
b100100110011 <
1*
10
#23550000
0*
00
#23555000
b0 L
b110 E
b0 J
b1000010001 H
b101 6
b0 8
0+
b0 ,
b0 =
b100100110100 <
1*
10
#23560000
0*
00
#23565000
b1 L
b0 E
b110 6
b100100110101 <
1*
10
#23570000
0*
00
#23575000
1(
b1 E
b1 J
b1000010000 H
b10000 N
b0 6
b100100110110 <
1*
10
#23580000
0*
00
#23585000
b1 8
b1 6
b100100110111 <
1*
10
#23590000
0*
00
#23595000
b10 L
1+
b10 8
b100100111000 <
1*
10
#23600000
0*
00
#23605000
0%
b10 '
b10 A
b10000 )
b10000 @
b100 L
b10 E
b11 8
b100100111001 <
1*
10
#23610000
0*
00
#23615000
1%
b1000010000 )
b1000010000 @
b101 L
b100 E
b10 6
b100 8
b10100000000000000000000000000100 ,
b10100000000000000000000000000100 =
b100100111010 <
1*
10
#23620000
0*
00
#23625000
b0 '
b0 A
0(
b110 L
b10001 N
b101 E
b101 8
b100 6
b100100111011 <
1*
10
#23630000
0*
00
#23635000
b0 L
b110 E
b0 J
b1000010001 H
b101 6
b0 8
0+
b0 ,
b0 =
b100100111100 <
1*
10
#23640000
0*
00
#23645000
b1 L
b0 E
b110 6
b100100111101 <
1*
10
#23650000
0*
00
#23655000
1(
b1 E
b1 J
b1000010000 H
b10000 N
b0 6
b100100111110 <
1*
10
#23660000
0*
00
#23665000
b1 8
b1 6
b100100111111 <
1*
10
#23670000
0*
00
#23675000
b10 L
1+
b10 8
b100101000000 <
1*
10
#23680000
0*
00
#23685000
0%
b10 '
b10 A
b10000 )
b10000 @
b100 L
b10 E
b11 8
b100101000001 <
1*
10
#23690000
0*
00
#23695000
1%
b1000010000 )
b1000010000 @
b101 L
b100 E
b10 6
b100 8
b10100000000000000000000000000100 ,
b10100000000000000000000000000100 =
b100101000010 <
1*
10
#23700000
0*
00
#23705000
b0 '
b0 A
0(
b110 L
b10001 N
b101 E
b101 8
b100 6
b100101000011 <
1*
10
#23710000
0*
00
#23715000
b0 L
b110 E
b0 J
b1000010001 H
b101 6
b0 8
0+
b0 ,
b0 =
b100101000100 <
1*
10
#23720000
0*
00
#23725000
b1 L
b0 E
b110 6
b100101000101 <
1*
10
#23730000
0*
00
#23735000
1(
b1 E
b1 J
b1000010000 H
b10000 N
b0 6
b100101000110 <
1*
10
#23740000
0*
00
#23745000
b1 8
b1 6
b100101000111 <
1*
10
#23750000
0*
00
#23755000
b10 L
1+
b10 8
b100101001000 <
1*
10
#23760000
0*
00
#23765000
0%
b10 '
b10 A
b10000 )
b10000 @
b100 L
b10 E
b11 8
b100101001001 <
1*
10
#23770000
0*
00
#23775000
1%
b1000010000 )
b1000010000 @
b101 L
b100 E
b10 6
b100 8
b10100000000000000000000000000100 ,
b10100000000000000000000000000100 =
b100101001010 <
1*
10
#23780000
0*
00
#23785000
b0 '
b0 A
0(
b110 L
b10001 N
b101 E
b101 8
b100 6
b100101001011 <
1*
10
#23790000
0*
00
#23795000
b0 L
b110 E
b0 J
b1000010001 H
b101 6
b0 8
0+
b0 ,
b0 =
b100101001100 <
1*
10
#23800000
0*
00
#23805000
b1 L
b0 E
b110 6
b100101001101 <
1*
10
#23810000
0*
00
#23815000
1(
b1 E
b1 J
b1000010000 H
b10000 N
b0 6
b100101001110 <
1*
10
#23820000
0*
00
#23825000
b1 8
b1 6
b100101001111 <
1*
10
#23830000
0*
00
#23835000
b10 L
1+
b10 8
b100101010000 <
1*
10
#23840000
0*
00
#23845000
0%
b10 '
b10 A
b10000 )
b10000 @
b100 L
b10 E
b11 8
b100101010001 <
1*
10
#23850000
0*
00
#23855000
1%
b1000010000 )
b1000010000 @
b101 L
b100 E
b10 6
b100 8
b10100000000000000000000000000100 ,
b10100000000000000000000000000100 =
b100101010010 <
1*
10
#23860000
0*
00
#23865000
b0 '
b0 A
0(
b110 L
b10001 N
b101 E
b101 8
b100 6
b100101010011 <
1*
10
#23870000
0*
00
#23875000
b0 L
b110 E
b0 J
b1000010001 H
b101 6
b0 8
0+
b0 ,
b0 =
b100101010100 <
1*
10
#23880000
0*
00
#23885000
b1 L
b0 E
b110 6
b100101010101 <
1*
10
#23890000
0*
00
#23895000
1(
b1 E
b1 J
b1000010000 H
b10000 N
b0 6
b100101010110 <
1*
10
#23900000
0*
00
#23905000
b1 8
b1 6
b100101010111 <
1*
10
#23910000
0*
00
#23915000
b10 L
1+
b10 8
b100101011000 <
1*
10
#23920000
0*
00
#23925000
0%
b10 '
b10 A
b10000 )
b10000 @
b100 L
b10 E
b11 8
b100101011001 <
1*
10
#23930000
0*
00
#23935000
1%
b1000010000 )
b1000010000 @
b101 L
b100 E
b10 6
b100 8
b10100000000000000000000000000100 ,
b10100000000000000000000000000100 =
b100101011010 <
1*
10
#23940000
0*
00
#23945000
b0 '
b0 A
0(
b110 L
b10001 N
b101 E
b101 8
b100 6
b100101011011 <
1*
10
#23950000
0*
00
#23955000
b0 L
b110 E
b0 J
b1000010001 H
b101 6
b0 8
0+
b0 ,
b0 =
b100101011100 <
1*
10
#23960000
0*
00
#23965000
b1 L
b0 E
b110 6
b100101011101 <
1*
10
#23970000
0*
00
#23975000
1(
b1 E
b1 J
b1000010000 H
b10000 N
b0 6
b100101011110 <
1*
10
#23980000
0*
00
#23985000
b1 8
b1 6
b100101011111 <
1*
10
#23990000
0*
00
#23995000
b10 L
1+
b10 8
b100101100000 <
1*
10
#24000000
0*
00
#24005000
0%
b10 '
b10 A
b10000 )
b10000 @
b100 L
b10 E
b11 8
b100101100001 <
1*
10
#24010000
0*
00
#24015000
1%
b1000010000 )
b1000010000 @
b101 L
b100 E
b10 6
b100 8
b10100000000000000000000000000100 ,
b10100000000000000000000000000100 =
b100101100010 <
1*
10
#24020000
0*
00
#24025000
b0 '
b0 A
0(
b110 L
b10001 N
b101 E
b101 8
b100 6
b100101100011 <
1*
10
#24030000
0*
00
#24035000
b0 L
b110 E
b0 J
b1000010001 H
b101 6
b0 8
0+
b0 ,
b0 =
b100101100100 <
1*
10
#24040000
0*
00
#24045000
b1 L
b0 E
b110 6
b100101100101 <
1*
10
#24050000
0*
00
#24055000
1(
b1 E
b1 J
b1000010000 H
b10000 N
b0 6
b100101100110 <
1*
10
#24060000
0*
00
#24065000
b1 8
b1 6
b100101100111 <
1*
10
#24070000
0*
00
#24075000
b10 L
1+
b10 8
b100101101000 <
1*
10
#24080000
0*
00
#24085000
0%
b10 '
b10 A
b10000 )
b10000 @
b100 L
b10 E
b11 8
b100101101001 <
1*
10
#24090000
0*
00
#24095000
1%
b1000010000 )
b1000010000 @
b101 L
b100 E
b10 6
b100 8
b10100000000000000000000000000100 ,
b10100000000000000000000000000100 =
b100101101010 <
1*
10
#24100000
0*
00
#24105000
b0 '
b0 A
0(
b110 L
b10001 N
b101 E
b101 8
b100 6
b100101101011 <
1*
10
#24110000
0*
00
#24115000
b0 L
b110 E
b0 J
b1000010001 H
b101 6
b0 8
0+
b0 ,
b0 =
b100101101100 <
1*
10
#24120000
0*
00
#24125000
b1 L
b0 E
b110 6
b100101101101 <
1*
10
#24130000
0*
00
#24135000
1(
b1 E
b1 J
b1000010000 H
b10000 N
b0 6
b100101101110 <
1*
10
#24140000
0*
00
#24145000
b1 8
b1 6
b100101101111 <
1*
10
#24150000
0*
00
#24155000
b10 L
1+
b10 8
b100101110000 <
1*
10
#24160000
0*
00
#24165000
0%
b10 '
b10 A
b10000 )
b10000 @
b100 L
b10 E
b11 8
b100101110001 <
1*
10
#24170000
0*
00
#24175000
1%
b1000010000 )
b1000010000 @
b101 L
b100 E
b10 6
b100 8
b10100000000000000000000000000100 ,
b10100000000000000000000000000100 =
b100101110010 <
1*
10
#24180000
0*
00
#24185000
b0 '
b0 A
0(
b110 L
b10001 N
b101 E
b101 8
b100 6
b100101110011 <
1*
10
#24190000
0*
00
#24195000
b0 L
b110 E
b0 J
b1000010001 H
b101 6
b0 8
0+
b0 ,
b0 =
b100101110100 <
1*
10
#24200000
0*
00
#24205000
b1 L
b0 E
b110 6
b100101110101 <
1*
10
#24210000
0*
00
#24215000
1(
b1 E
b1 J
b1000010000 H
b10000 N
b0 6
b100101110110 <
1*
10
#24220000
0*
00
#24225000
b1 8
b1 6
b100101110111 <
1*
10
#24230000
0*
00
#24235000
b10 L
1+
b10 8
b100101111000 <
1*
10
#24240000
0*
00
#24245000
0%
b10 '
b10 A
b10000 )
b10000 @
b100 L
b10 E
b11 8
b100101111001 <
1*
10
#24250000
0*
00
#24255000
1%
b1000010000 )
b1000010000 @
b101 L
b100 E
b10 6
b100 8
b10100000000000000000000000000100 ,
b10100000000000000000000000000100 =
b100101111010 <
1*
10
#24260000
0*
00
#24265000
b0 '
b0 A
0(
b110 L
b10001 N
b101 E
b101 8
b100 6
b100101111011 <
1*
10
#24270000
0*
00
#24275000
b0 L
b110 E
b0 J
b1000010001 H
b101 6
b0 8
0+
b0 ,
b0 =
b100101111100 <
1*
10
#24280000
0*
00
#24285000
b1 L
b0 E
b110 6
b100101111101 <
1*
10
#24290000
0*
00
#24295000
1(
b1 E
b1 J
b1000010000 H
b10000 N
b0 6
b100101111110 <
1*
10
#24300000
0*
00
#24305000
b1 8
b1 6
b100101111111 <
1*
10
#24310000
0*
00
#24315000
b10 L
1+
b10 8
b100110000000 <
1*
10
#24320000
0*
00
#24325000
0%
b10 '
b10 A
b10000 )
b10000 @
b100 L
b10 E
b11 8
b100110000001 <
1*
10
#24330000
0*
00
#24335000
1%
b1000010000 )
b1000010000 @
b101 L
b100 E
b10 6
b100 8
b10100000000000000000000000000100 ,
b10100000000000000000000000000100 =
b100110000010 <
1*
10
#24340000
0*
00
#24345000
b0 '
b0 A
0(
b110 L
b10001 N
b101 E
b101 8
b100 6
b100110000011 <
1*
10
#24350000
0*
00
#24355000
b0 L
b110 E
b0 J
b1000010001 H
b101 6
b0 8
0+
b0 ,
b0 =
b100110000100 <
1*
10
#24360000
0*
00
#24365000
b1 L
b0 E
b110 6
b100110000101 <
1*
10
#24370000
0*
00
#24375000
1(
b1 E
b1 J
b1000010000 H
b10000 N
b0 6
b100110000110 <
1*
10
#24380000
0*
00
#24385000
b1 8
b1 6
b100110000111 <
1*
10
#24390000
0*
00
#24395000
b10 L
1+
b10 8
b100110001000 <
1*
10
#24400000
0*
00
#24405000
0%
b10 '
b10 A
b10000 )
b10000 @
b100 L
b10 E
b11 8
b100110001001 <
1*
10
#24410000
0*
00
#24415000
1%
b1000010000 )
b1000010000 @
b101 L
b100 E
b10 6
b100 8
b10100000000000000000000000000100 ,
b10100000000000000000000000000100 =
b100110001010 <
1*
10
#24420000
0*
00
#24425000
b0 '
b0 A
0(
b110 L
b10001 N
b101 E
b101 8
b100 6
b100110001011 <
1*
10
#24430000
0*
00
#24435000
b0 L
b110 E
b0 J
b1000010001 H
b101 6
b0 8
0+
b0 ,
b0 =
b100110001100 <
1*
10
#24440000
0*
00
#24445000
b1 L
b0 E
b110 6
b100110001101 <
1*
10
#24450000
0*
00
#24455000
1(
b1 E
b1 J
b1000010000 H
b10000 N
b0 6
b100110001110 <
1*
10
#24460000
0*
00
#24465000
b1 8
b1 6
b100110001111 <
1*
10
#24470000
0*
00
#24475000
b10 L
1+
b10 8
b100110010000 <
1*
10
#24480000
0*
00
#24485000
0%
b10 '
b10 A
b10000 )
b10000 @
b100 L
b10 E
b11 8
b100110010001 <
1*
10
#24490000
0*
00
#24495000
1%
b1000010000 )
b1000010000 @
b101 L
b100 E
b10 6
b100 8
b10100000000000000000000000000100 ,
b10100000000000000000000000000100 =
b100110010010 <
1*
10
#24500000
0*
00
#24505000
b0 '
b0 A
0(
b110 L
b10001 N
b101 E
b101 8
b100 6
b100110010011 <
1*
10
#24510000
0*
00
#24515000
b0 L
b110 E
b0 J
b1000010001 H
b101 6
b0 8
0+
b0 ,
b0 =
b100110010100 <
1*
10
#24520000
0*
00
#24525000
b1 L
b0 E
b110 6
b100110010101 <
1*
10
#24530000
0*
00
#24535000
1(
b1 E
b1 J
b1000010000 H
b10000 N
b0 6
b100110010110 <
1*
10
#24540000
0*
00
#24545000
b1 8
b1 6
b100110010111 <
1*
10
#24550000
0*
00
#24555000
b10 L
1+
b10 8
b100110011000 <
1*
10
#24560000
0*
00
#24565000
0%
b10 '
b10 A
b10000 )
b10000 @
b100 L
b10 E
b11 8
b100110011001 <
1*
10
#24570000
0*
00
#24575000
1%
b1000010000 )
b1000010000 @
b101 L
b100 E
b10 6
b100 8
b10100000000000000000000000000100 ,
b10100000000000000000000000000100 =
b100110011010 <
1*
10
#24580000
0*
00
#24585000
b0 '
b0 A
0(
b110 L
b10001 N
b101 E
b101 8
b100 6
b100110011011 <
1*
10
#24590000
0*
00
#24595000
b0 L
b110 E
b0 J
b1000010001 H
b101 6
b0 8
0+
b0 ,
b0 =
b100110011100 <
1*
10
#24600000
0*
00
#24605000
b1 L
b0 E
b110 6
b100110011101 <
1*
10
#24610000
0*
00
#24615000
1(
b1 E
b1 J
b1000010000 H
b10000 N
b0 6
b100110011110 <
1*
10
#24620000
0*
00
#24625000
b1 8
b1 6
b100110011111 <
1*
10
#24630000
0*
00
#24635000
b10 L
1+
b10 8
b100110100000 <
1*
10
#24640000
0*
00
#24645000
0%
b10 '
b10 A
b10000 )
b10000 @
b100 L
b10 E
b11 8
b100110100001 <
1*
10
#24650000
0*
00
#24655000
1%
b1000010000 )
b1000010000 @
b101 L
b100 E
b10 6
b100 8
b10100000000000000000000000000100 ,
b10100000000000000000000000000100 =
b100110100010 <
1*
10
#24660000
0*
00
#24665000
b0 '
b0 A
0(
b110 L
b10001 N
b101 E
b101 8
b100 6
b100110100011 <
1*
10
#24670000
0*
00
#24675000
b0 L
b110 E
b0 J
b1000010001 H
b101 6
b0 8
0+
b0 ,
b0 =
b100110100100 <
1*
10
#24680000
0*
00
#24685000
b1 L
b0 E
b110 6
b100110100101 <
1*
10
#24690000
0*
00
#24695000
1(
b1 E
b1 J
b1000010000 H
b10000 N
b0 6
b100110100110 <
1*
10
#24700000
0*
00
#24705000
b1 8
b1 6
b100110100111 <
1*
10
#24710000
0*
00
#24715000
b10 L
1+
b10 8
b100110101000 <
1*
10
#24720000
0*
00
#24725000
0%
b10 '
b10 A
b10000 )
b10000 @
b100 L
b10 E
b11 8
b100110101001 <
1*
10
#24730000
0*
00
#24735000
1%
b1000010000 )
b1000010000 @
b101 L
b100 E
b10 6
b100 8
b10100000000000000000000000000100 ,
b10100000000000000000000000000100 =
b100110101010 <
1*
10
#24740000
0*
00
#24745000
b0 '
b0 A
0(
b110 L
b10001 N
b101 E
b101 8
b100 6
b100110101011 <
1*
10
#24750000
0*
00
#24755000
b0 L
b110 E
b0 J
b1000010001 H
b101 6
b0 8
0+
b0 ,
b0 =
b100110101100 <
1*
10
#24760000
0*
00
#24765000
b1 L
b0 E
b110 6
b100110101101 <
1*
10
#24770000
0*
00
#24775000
1(
b1 E
b1 J
b1000010000 H
b10000 N
b0 6
b100110101110 <
1*
10
#24780000
0*
00
#24785000
b1 8
b1 6
b100110101111 <
1*
10
#24790000
0*
00
#24795000
b10 L
1+
b10 8
b100110110000 <
1*
10
#24800000
0*
00
#24805000
0%
b10 '
b10 A
b10000 )
b10000 @
b100 L
b10 E
b11 8
b100110110001 <
1*
10
#24810000
0*
00
#24815000
1%
b1000010000 )
b1000010000 @
b101 L
b100 E
b10 6
b100 8
b10100000000000000000000000000100 ,
b10100000000000000000000000000100 =
b100110110010 <
1*
10
#24820000
0*
00
#24825000
b0 '
b0 A
0(
b110 L
b10001 N
b101 E
b101 8
b100 6
b100110110011 <
1*
10
#24830000
0*
00
#24835000
b0 L
b110 E
b0 J
b1000010001 H
b101 6
b0 8
0+
b0 ,
b0 =
b100110110100 <
1*
10
#24840000
0*
00
#24845000
b1 L
b0 E
b110 6
b100110110101 <
1*
10
#24850000
0*
00
#24855000
1(
b1 E
b1 J
b1000010000 H
b10000 N
b0 6
b100110110110 <
1*
10
#24860000
0*
00
#24865000
b1 8
b1 6
b100110110111 <
1*
10
#24870000
0*
00
#24875000
b10 L
1+
b10 8
b100110111000 <
1*
10
#24880000
0*
00
#24885000
0%
b10 '
b10 A
b10000 )
b10000 @
b100 L
b10 E
b11 8
b100110111001 <
1*
10
#24890000
0*
00
#24895000
1%
b1000010000 )
b1000010000 @
b101 L
b100 E
b10 6
b100 8
b10100000000000000000000000000100 ,
b10100000000000000000000000000100 =
b100110111010 <
1*
10
#24900000
0*
00
#24905000
b0 '
b0 A
0(
b110 L
b10001 N
b101 E
b101 8
b100 6
b100110111011 <
1*
10
#24910000
0*
00
#24915000
b0 L
b110 E
b0 J
b1000010001 H
b101 6
b0 8
0+
b0 ,
b0 =
b100110111100 <
1*
10
#24920000
0*
00
#24925000
b1 L
b0 E
b110 6
b100110111101 <
1*
10
#24930000
0*
00
#24935000
1(
b1 E
b1 J
b1000010000 H
b10000 N
b0 6
b100110111110 <
1*
10
#24940000
0*
00
#24945000
b1 8
b1 6
b100110111111 <
1*
10
#24950000
0*
00
#24955000
b10 L
1+
b10 8
b100111000000 <
1*
10
#24960000
0*
00
#24965000
0%
b10 '
b10 A
b10000 )
b10000 @
b100 L
b10 E
b11 8
b100111000001 <
1*
10
#24970000
0*
00
#24975000
1%
b1000010000 )
b1000010000 @
b101 L
b100 E
b10 6
b100 8
b10100000000000000000000000000100 ,
b10100000000000000000000000000100 =
b100111000010 <
1*
10
#24980000
0*
00
#24985000
b0 '
b0 A
0(
b110 L
b10001 N
b101 E
b101 8
b100 6
b100111000011 <
1*
10
#24990000
0*
00
#24995000
b0 L
b110 E
b0 J
b1000010001 H
b101 6
b0 8
0+
b0 ,
b0 =
b100111000100 <
1*
10
#25000000
0*
00
#25005000
b1 L
b0 E
b110 6
b100111000101 <
1*
10
#25010000
0*
00
#25015000
1(
b1 E
b1 J
b1000010000 H
b10000 N
b0 6
b100111000110 <
1*
10
#25020000
0*
00
#25025000
b1 8
b1 6
b100111000111 <
1*
10
#25030000
0*
00
#25035000
b10 L
1+
b10 8
b100111001000 <
1*
10
#25040000
0*
00
#25045000
0%
b10 '
b10 A
b10000 )
b10000 @
b100 L
b10 E
b11 8
b100111001001 <
1*
10
#25050000
0*
00
#25055000
1%
b1000010000 )
b1000010000 @
b101 L
b100 E
b10 6
b100 8
b10100000000000000000000000000100 ,
b10100000000000000000000000000100 =
b100111001010 <
1*
10
#25060000
0*
00
#25065000
b0 '
b0 A
0(
b110 L
b10001 N
b101 E
b101 8
b100 6
b100111001011 <
1*
10
#25070000
0*
00
#25075000
b0 L
b110 E
b0 J
b1000010001 H
b101 6
b0 8
0+
b0 ,
b0 =
b100111001100 <
1*
10
#25080000
0*
00
#25085000
b1 L
b0 E
b110 6
b100111001101 <
1*
10
#25090000
0*
00
#25095000
1(
b1 E
b1 J
b1000010000 H
b10000 N
b0 6
b100111001110 <
1*
10
#25100000
0*
00
#25105000
b1 8
b1 6
b100111001111 <
1*
10
#25110000
0*
00
#25115000
b10 L
1+
b10 8
b100111010000 <
1*
10
#25120000
0*
00
#25125000
0%
b10 '
b10 A
b10000 )
b10000 @
b100 L
b10 E
b11 8
b100111010001 <
1*
10
#25130000
0*
00
#25135000
1%
b1000010000 )
b1000010000 @
b101 L
b100 E
b10 6
b100 8
b10100000000000000000000000000100 ,
b10100000000000000000000000000100 =
b100111010010 <
1*
10
#25140000
0*
00
#25145000
b0 '
b0 A
0(
b110 L
b10001 N
b101 E
b101 8
b100 6
b100111010011 <
1*
10
#25150000
0*
00
#25155000
b0 L
b110 E
b0 J
b1000010001 H
b101 6
b0 8
0+
b0 ,
b0 =
b100111010100 <
1*
10
#25160000
0*
00
#25165000
b1 L
b0 E
b110 6
b100111010101 <
1*
10
#25170000
0*
00
#25175000
1(
b1 E
b1 J
b1000010000 H
b10000 N
b0 6
b100111010110 <
1*
10
#25180000
0*
00
#25185000
b1 8
b1 6
b100111010111 <
1*
10
#25190000
0*
00
#25195000
b10 L
1+
b10 8
b100111011000 <
1*
10
#25200000
0*
00
#25205000
0%
b10 '
b10 A
b10000 )
b10000 @
b100 L
b10 E
b11 8
b100111011001 <
1*
10
#25210000
0*
00
#25215000
1%
b1000010000 )
b1000010000 @
b101 L
b100 E
b10 6
b100 8
b10100000000000000000000000000100 ,
b10100000000000000000000000000100 =
b100111011010 <
1*
10
#25220000
0*
00
#25225000
b0 '
b0 A
0(
b110 L
b10001 N
b101 E
b101 8
b100 6
b100111011011 <
1*
10
#25230000
0*
00
#25235000
b0 L
b110 E
b0 J
b1000010001 H
b101 6
b0 8
0+
b0 ,
b0 =
b100111011100 <
1*
10
#25240000
0*
00
#25245000
b1 L
b0 E
b110 6
b100111011101 <
1*
10
#25250000
0*
00
#25255000
1(
b1 E
b1 J
b1000010000 H
b10000 N
b0 6
b100111011110 <
1*
10
#25260000
0*
00
#25265000
b1 8
b1 6
b100111011111 <
1*
10
#25270000
0*
00
#25275000
b10 L
1+
b10 8
b100111100000 <
1*
10
#25280000
0*
00
#25285000
0%
b10 '
b10 A
b10000 )
b10000 @
b100 L
b10 E
b11 8
b100111100001 <
1*
10
#25290000
0*
00
#25295000
1%
b1000010000 )
b1000010000 @
b101 L
b100 E
b10 6
b100 8
b10100000000000000000000000000100 ,
b10100000000000000000000000000100 =
b100111100010 <
1*
10
#25300000
0*
00
#25305000
b0 '
b0 A
0(
b110 L
b10001 N
b101 E
b101 8
b100 6
b100111100011 <
1*
10
#25310000
0*
00
#25315000
b0 L
b110 E
b0 J
b1000010001 H
b101 6
b0 8
0+
b0 ,
b0 =
b100111100100 <
1*
10
#25320000
0*
00
#25325000
b1 L
b0 E
b110 6
b100111100101 <
1*
10
#25330000
0*
00
#25335000
1(
b1 E
b1 J
b1000010000 H
b10000 N
b0 6
b100111100110 <
1*
10
#25340000
0*
00
#25345000
b1 8
b1 6
b100111100111 <
1*
10
#25350000
0*
00
#25355000
b10 L
1+
b10 8
b100111101000 <
1*
10
#25360000
0*
00
#25365000
0%
b10 '
b10 A
b10000 )
b10000 @
b100 L
b10 E
b11 8
b100111101001 <
1*
10
#25370000
0*
00
#25375000
1%
b1000010000 )
b1000010000 @
b101 L
b100 E
b10 6
b100 8
b10100000000000000000000000000100 ,
b10100000000000000000000000000100 =
b100111101010 <
1*
10
#25380000
0*
00
#25385000
b0 '
b0 A
0(
b110 L
b10001 N
b101 E
b101 8
b100 6
b100111101011 <
1*
10
#25390000
0*
00
#25395000
b0 L
b110 E
b0 J
b1000010001 H
b101 6
b0 8
0+
b0 ,
b0 =
b100111101100 <
1*
10
#25400000
0*
00
#25405000
b1 L
b0 E
b110 6
b100111101101 <
1*
10
#25410000
0*
00
#25415000
1(
b1 E
b1 J
b1000010000 H
b10000 N
b0 6
b100111101110 <
1*
10
#25420000
0*
00
#25425000
b1 8
b1 6
b100111101111 <
1*
10
#25430000
0*
00
#25435000
b10 L
1+
b10 8
b100111110000 <
1*
10
#25440000
0*
00
#25445000
0%
b10 '
b10 A
b10000 )
b10000 @
b100 L
b10 E
b11 8
b100111110001 <
1*
10
#25450000
0*
00
#25455000
1%
b1000010000 )
b1000010000 @
b101 L
b100 E
b10 6
b100 8
b10100000000000000000000000000100 ,
b10100000000000000000000000000100 =
b100111110010 <
1*
10
#25460000
0*
00
#25465000
b0 '
b0 A
0(
b110 L
b10001 N
b101 E
b101 8
b100 6
b100111110011 <
1*
10
#25470000
0*
00
#25475000
b0 L
b110 E
b0 J
b1000010001 H
b101 6
b0 8
0+
b0 ,
b0 =
b100111110100 <
1*
10
#25480000
0*
00
#25485000
b1 L
b0 E
b110 6
b100111110101 <
1*
10
#25490000
0*
00
#25495000
1(
b1 E
b1 J
b1000010000 H
b10000 N
b0 6
b100111110110 <
1*
10
#25500000
0*
00
#25505000
b1 8
b1 6
b100111110111 <
1*
10
#25510000
0*
00
#25515000
b10 L
1+
b10 8
b100111111000 <
1*
10
#25520000
0*
00
#25525000
0%
b10 '
b10 A
b10000 )
b10000 @
b100 L
b10 E
b11 8
b100111111001 <
1*
10
#25530000
0*
00
#25535000
1%
b1000010000 )
b1000010000 @
b101 L
b100 E
b10 6
b100 8
b10100000000000000000000000000100 ,
b10100000000000000000000000000100 =
b100111111010 <
1*
10
#25540000
0*
00
#25545000
b0 '
b0 A
0(
b110 L
b10001 N
b101 E
b101 8
b100 6
b100111111011 <
1*
10
#25550000
0*
00
#25555000
b0 L
b110 E
b0 J
b1000010001 H
b101 6
b0 8
0+
b0 ,
b0 =
b100111111100 <
1*
10
#25560000
0*
00
#25565000
b1 L
b0 E
b110 6
b100111111101 <
1*
10
#25570000
0*
00
#25575000
1(
b1 E
b1 J
b1000010000 H
b10000 N
b0 6
b100111111110 <
1*
10
#25580000
0*
00
#25585000
b1 8
b1 6
b100111111111 <
1*
10
#25590000
0*
00
#25595000
b10 L
1+
b10 8
b101000000000 <
1*
10
#25600000
0*
00
#25605000
0%
b10 '
b10 A
b10000 )
b10000 @
b100 L
b10 E
b11 8
b101000000001 <
1*
10
#25610000
0*
00
#25615000
1%
b1000010000 )
b1000010000 @
b101 L
b100 E
b10 6
b100 8
b10100000000000000000000000000100 ,
b10100000000000000000000000000100 =
b101000000010 <
1*
10
#25620000
0*
00
#25625000
b0 '
b0 A
0(
b110 L
b10001 N
b101 E
b101 8
b100 6
b101000000011 <
1*
10
#25630000
0*
00
#25635000
b0 L
b110 E
b0 J
b1000010001 H
b101 6
b0 8
0+
b0 ,
b0 =
b101000000100 <
1*
10
#25640000
0*
00
#25645000
b1 L
b0 E
b110 6
b101000000101 <
1*
10
#25650000
0*
00
#25655000
1(
b1 E
b1 J
b1000010000 H
b10000 N
b0 6
b101000000110 <
1*
10
#25660000
0*
00
#25665000
b1 8
b1 6
b101000000111 <
1*
10
#25670000
0*
00
#25675000
b10 L
1+
b10 8
b101000001000 <
1*
10
#25680000
0*
00
#25685000
0%
b10 '
b10 A
b10000 )
b10000 @
b100 L
b10 E
b11 8
b101000001001 <
1*
10
#25690000
0*
00
#25695000
1%
b1000010000 )
b1000010000 @
b101 L
b100 E
b10 6
b100 8
b10100000000000000000000000000100 ,
b10100000000000000000000000000100 =
b101000001010 <
1*
10
#25700000
0*
00
#25705000
b0 '
b0 A
0(
b110 L
b10001 N
b101 E
b101 8
b100 6
b101000001011 <
1*
10
#25710000
0*
00
#25715000
b0 L
b110 E
b0 J
b1000010001 H
b101 6
b0 8
0+
b0 ,
b0 =
b101000001100 <
1*
10
#25720000
0*
00
#25725000
b1 L
b0 E
b110 6
b101000001101 <
1*
10
#25730000
0*
00
#25735000
1(
b1 E
b1 J
b1000010000 H
b10000 N
b0 6
b101000001110 <
1*
10
#25740000
0*
00
#25745000
b1 8
b1 6
b101000001111 <
1*
10
#25750000
0*
00
#25755000
b10 L
1+
b10 8
b101000010000 <
1*
10
#25760000
0*
00
#25765000
0%
b10 '
b10 A
b10000 )
b10000 @
b100 L
b10 E
b11 8
b101000010001 <
1*
10
#25770000
0*
00
#25775000
1%
b1000010000 )
b1000010000 @
b101 L
b100 E
b10 6
b100 8
b10100000000000000000000000000100 ,
b10100000000000000000000000000100 =
b101000010010 <
1*
10
#25780000
0*
00
#25785000
b0 '
b0 A
0(
b110 L
b10001 N
b101 E
b101 8
b100 6
b101000010011 <
1*
10
#25790000
0*
00
#25795000
b0 L
b110 E
b0 J
b1000010001 H
b101 6
b0 8
0+
b0 ,
b0 =
b101000010100 <
1*
10
#25800000
0*
00
#25805000
b1 L
b0 E
b110 6
b101000010101 <
1*
10
#25810000
0*
00
#25815000
1(
b1 E
b1 J
b1000010000 H
b10000 N
b0 6
b101000010110 <
1*
10
#25820000
0*
00
#25825000
b1 8
b1 6
b101000010111 <
1*
10
#25830000
0*
00
#25835000
b10 L
1+
b10 8
b101000011000 <
1*
10
#25840000
0*
00
#25845000
0%
b10 '
b10 A
b10000 )
b10000 @
b100 L
b10 E
b11 8
b101000011001 <
1*
10
#25850000
0*
00
#25855000
1%
b1000010000 )
b1000010000 @
b101 L
b100 E
b10 6
b100 8
b10100000000000000000000000000100 ,
b10100000000000000000000000000100 =
b101000011010 <
1*
10
#25860000
0*
00
#25865000
b0 '
b0 A
0(
b110 L
b10001 N
b101 E
b101 8
b100 6
b101000011011 <
1*
10
#25870000
0*
00
#25875000
b0 L
b110 E
b0 J
b1000010001 H
b101 6
b0 8
0+
b0 ,
b0 =
b101000011100 <
1*
10
#25880000
0*
00
#25885000
b1 L
b0 E
b110 6
b101000011101 <
1*
10
#25890000
0*
00
#25895000
1(
b1 E
b1 J
b1000010000 H
b10000 N
b0 6
b101000011110 <
1*
10
#25900000
0*
00
#25905000
b1 8
b1 6
b101000011111 <
1*
10
#25910000
0*
00
#25915000
b10 L
1+
b10 8
b101000100000 <
1*
10
#25920000
0*
00
#25925000
0%
b10 '
b10 A
b10000 )
b10000 @
b100 L
b10 E
b11 8
b101000100001 <
1*
10
#25930000
0*
00
#25935000
1%
b1000010000 )
b1000010000 @
b101 L
b100 E
b10 6
b100 8
b10100000000000000000000000000100 ,
b10100000000000000000000000000100 =
b101000100010 <
1*
10
#25940000
0*
00
#25945000
b0 '
b0 A
0(
b110 L
b10001 N
b101 E
b101 8
b100 6
b101000100011 <
1*
10
#25950000
0*
00
#25955000
b0 L
b110 E
b0 J
b1000010001 H
b101 6
b0 8
0+
b0 ,
b0 =
b101000100100 <
1*
10
#25960000
0*
00
#25965000
b1 L
b0 E
b110 6
b101000100101 <
1*
10
#25970000
0*
00
#25975000
1(
b1 E
b1 J
b1000010000 H
b10000 N
b0 6
b101000100110 <
1*
10
#25980000
0*
00
#25985000
b1 8
b1 6
b101000100111 <
1*
10
#25990000
0*
00
#25995000
b10 L
1+
b10 8
b101000101000 <
1*
10
#26000000
0*
00
#26005000
0%
b10 '
b10 A
b10000 )
b10000 @
b100 L
b10 E
b11 8
b101000101001 <
1*
10
#26010000
0*
00
#26015000
1%
b1000010000 )
b1000010000 @
b101 L
b100 E
b10 6
b100 8
b10100000000000000000000000000100 ,
b10100000000000000000000000000100 =
b101000101010 <
1*
10
#26020000
0*
00
#26025000
b0 '
b0 A
0(
b110 L
b10001 N
b101 E
b101 8
b100 6
b101000101011 <
1*
10
#26030000
0*
00
#26035000
b0 L
b110 E
b0 J
b1000010001 H
b101 6
b0 8
0+
b0 ,
b0 =
b101000101100 <
1*
10
#26040000
0*
00
#26045000
b1 L
b0 E
b110 6
b101000101101 <
1*
10
#26050000
0*
00
#26055000
1(
b1 E
b1 J
b1000010000 H
b10000 N
b0 6
b101000101110 <
1*
10
#26060000
0*
00
#26065000
b1 8
b1 6
b101000101111 <
1*
10
#26070000
0*
00
#26075000
b10 L
1+
b10 8
b101000110000 <
1*
10
#26080000
0*
00
#26085000
0%
b10 '
b10 A
b10000 )
b10000 @
b100 L
b10 E
b11 8
b101000110001 <
1*
10
#26090000
0*
00
#26095000
1%
b1000010000 )
b1000010000 @
b101 L
b100 E
b10 6
b100 8
b10100000000000000000000000000100 ,
b10100000000000000000000000000100 =
b101000110010 <
1*
10
#26100000
0*
00
#26105000
b0 '
b0 A
0(
b110 L
b10001 N
b101 E
b101 8
b100 6
b101000110011 <
1*
10
#26110000
0*
00
#26115000
b0 L
b110 E
b0 J
b1000010001 H
b101 6
b0 8
0+
b0 ,
b0 =
b101000110100 <
1*
10
#26120000
0*
00
#26125000
b1 L
b0 E
b110 6
b101000110101 <
1*
10
#26130000
0*
00
#26135000
1(
b1 E
b1 J
b1000010000 H
b10000 N
b0 6
b101000110110 <
1*
10
#26140000
0*
00
#26145000
b1 8
b1 6
b101000110111 <
1*
10
#26150000
0*
00
#26155000
b10 L
1+
b10 8
b101000111000 <
1*
10
#26160000
0*
00
#26165000
0%
b10 '
b10 A
b10000 )
b10000 @
b100 L
b10 E
b11 8
b101000111001 <
1*
10
#26170000
0*
00
#26175000
1%
b1000010000 )
b1000010000 @
b101 L
b100 E
b10 6
b100 8
b10100000000000000000000000000100 ,
b10100000000000000000000000000100 =
b101000111010 <
1*
10
#26180000
0*
00
#26185000
b0 '
b0 A
0(
b110 L
b10001 N
b101 E
b101 8
b100 6
b101000111011 <
1*
10
#26190000
0*
00
#26195000
b0 L
b110 E
b0 J
b1000010001 H
b101 6
b0 8
0+
b0 ,
b0 =
b101000111100 <
1*
10
#26200000
0*
00
#26205000
b1 L
b0 E
b110 6
b101000111101 <
1*
10
#26210000
0*
00
#26215000
1(
b1 E
b1 J
b1000010000 H
b10000 N
b0 6
b101000111110 <
1*
10
#26220000
0*
00
#26225000
b1 8
b1 6
b101000111111 <
1*
10
#26230000
0*
00
#26235000
b10 L
1+
b10 8
b101001000000 <
1*
10
#26240000
0*
00
#26245000
0%
b10 '
b10 A
b10000 )
b10000 @
b100 L
b10 E
b11 8
b101001000001 <
1*
10
#26250000
0*
00
#26255000
1%
b1000010000 )
b1000010000 @
b101 L
b100 E
b10 6
b100 8
b10100000000000000000000000000100 ,
b10100000000000000000000000000100 =
b101001000010 <
1*
10
#26260000
0*
00
#26265000
b0 '
b0 A
0(
b110 L
b10001 N
b101 E
b101 8
b100 6
b101001000011 <
1*
10
#26270000
0*
00
#26275000
b0 L
b110 E
b0 J
b1000010001 H
b101 6
b0 8
0+
b0 ,
b0 =
b101001000100 <
1*
10
#26280000
0*
00
#26285000
b1 L
b0 E
b110 6
b101001000101 <
1*
10
#26290000
0*
00
#26295000
1(
b1 E
b1 J
b1000010000 H
b10000 N
b0 6
b101001000110 <
1*
10
#26300000
0*
00
#26305000
b1 8
b1 6
b101001000111 <
1*
10
#26310000
0*
00
#26315000
b10 L
1+
b10 8
b101001001000 <
1*
10
#26320000
0*
00
#26325000
0%
b10 '
b10 A
b10000 )
b10000 @
b100 L
b10 E
b11 8
b101001001001 <
1*
10
#26330000
0*
00
#26335000
1%
b1000010000 )
b1000010000 @
b101 L
b100 E
b10 6
b100 8
b10100000000000000000000000000100 ,
b10100000000000000000000000000100 =
b101001001010 <
1*
10
#26340000
0*
00
#26345000
b0 '
b0 A
0(
b110 L
b10001 N
b101 E
b101 8
b100 6
b101001001011 <
1*
10
#26350000
0*
00
#26355000
b0 L
b110 E
b0 J
b1000010001 H
b101 6
b0 8
0+
b0 ,
b0 =
b101001001100 <
1*
10
#26360000
0*
00
#26365000
b1 L
b0 E
b110 6
b101001001101 <
1*
10
#26370000
0*
00
#26375000
1(
b1 E
b1 J
b1000010000 H
b10000 N
b0 6
b101001001110 <
1*
10
#26380000
0*
00
#26385000
b1 8
b1 6
b101001001111 <
1*
10
#26390000
0*
00
#26395000
b10 L
1+
b10 8
b101001010000 <
1*
10
#26400000
0*
00
#26405000
0%
b10 '
b10 A
b10000 )
b10000 @
b100 L
b10 E
b11 8
b101001010001 <
1*
10
#26410000
0*
00
#26415000
1%
b1000010000 )
b1000010000 @
b101 L
b100 E
b10 6
b100 8
b10100000000000000000000000000100 ,
b10100000000000000000000000000100 =
b101001010010 <
1*
10
#26420000
0*
00
#26425000
b0 '
b0 A
0(
b110 L
b10001 N
b101 E
b101 8
b100 6
b101001010011 <
1*
10
#26430000
0*
00
#26435000
b0 L
b110 E
b0 J
b1000010001 H
b101 6
b0 8
0+
b0 ,
b0 =
b101001010100 <
1*
10
#26440000
0*
00
#26445000
b1 L
b0 E
b110 6
b101001010101 <
1*
10
#26450000
0*
00
#26455000
1(
b1 E
b1 J
b1000010000 H
b10000 N
b0 6
b101001010110 <
1*
10
#26460000
0*
00
#26465000
b1 8
b1 6
b101001010111 <
1*
10
#26470000
0*
00
#26475000
b10 L
1+
b10 8
b101001011000 <
1*
10
#26480000
0*
00
#26485000
0%
b10 '
b10 A
b10000 )
b10000 @
b100 L
b10 E
b11 8
b101001011001 <
1*
10
#26490000
0*
00
#26495000
1%
b1000010000 )
b1000010000 @
b101 L
b100 E
b10 6
b100 8
b10100000000000000000000000000100 ,
b10100000000000000000000000000100 =
b101001011010 <
1*
10
#26500000
0*
00
#26505000
b0 '
b0 A
0(
b110 L
b10001 N
b101 E
b101 8
b100 6
b101001011011 <
1*
10
#26510000
0*
00
#26515000
b0 L
b110 E
b0 J
b1000010001 H
b101 6
b0 8
0+
b0 ,
b0 =
b101001011100 <
1*
10
#26520000
0*
00
#26525000
b1 L
b0 E
b110 6
b101001011101 <
1*
10
#26530000
0*
00
#26535000
1(
b1 E
b1 J
b1000010000 H
b10000 N
b0 6
b101001011110 <
1*
10
#26540000
0*
00
#26545000
b1 8
b1 6
b101001011111 <
1*
10
#26550000
0*
00
#26555000
b10 L
1+
b10 8
b101001100000 <
1*
10
#26560000
0*
00
#26565000
0%
b10 '
b10 A
b10000 )
b10000 @
b100 L
b10 E
b11 8
b101001100001 <
1*
10
#26570000
0*
00
#26575000
1%
b1000010000 )
b1000010000 @
b101 L
b100 E
b10 6
b100 8
b10100000000000000000000000000100 ,
b10100000000000000000000000000100 =
b101001100010 <
1*
10
#26580000
0*
00
#26585000
b0 '
b0 A
0(
b110 L
b10001 N
b101 E
b101 8
b100 6
b101001100011 <
1*
10
#26590000
0*
00
#26595000
b0 L
b110 E
b0 J
b1000010001 H
b101 6
b0 8
0+
b0 ,
b0 =
b101001100100 <
1*
10
#26600000
0*
00
#26605000
b1 L
b0 E
b110 6
b101001100101 <
1*
10
#26610000
0*
00
#26615000
1(
b1 E
b1 J
b1000010000 H
b10000 N
b0 6
b101001100110 <
1*
10
#26620000
0*
00
#26625000
b1 8
b1 6
b101001100111 <
1*
10
#26630000
0*
00
#26635000
b10 L
1+
b10 8
b101001101000 <
1*
10
#26640000
0*
00
#26645000
0%
b10 '
b10 A
b10000 )
b10000 @
b100 L
b10 E
b11 8
b101001101001 <
1*
10
#26650000
0*
00
#26655000
1%
b1000010000 )
b1000010000 @
b101 L
b100 E
b10 6
b100 8
b10100000000000000000000000000100 ,
b10100000000000000000000000000100 =
b101001101010 <
1*
10
#26660000
0*
00
#26665000
b0 '
b0 A
0(
b110 L
b10001 N
b101 E
b101 8
b100 6
b101001101011 <
1*
10
#26670000
0*
00
#26675000
b0 L
b110 E
b0 J
b1000010001 H
b101 6
b0 8
0+
b0 ,
b0 =
b101001101100 <
1*
10
#26680000
0*
00
#26685000
b1 L
b0 E
b110 6
b101001101101 <
1*
10
#26690000
0*
00
#26695000
1(
b1 E
b1 J
b1000010000 H
b10000 N
b0 6
b101001101110 <
1*
10
#26700000
0*
00
#26705000
b1 8
b1 6
b101001101111 <
1*
10
#26710000
0*
00
#26715000
b10 L
1+
b10 8
b101001110000 <
1*
10
#26720000
0*
00
#26725000
0%
b10 '
b10 A
b10000 )
b10000 @
b100 L
b10 E
b11 8
b101001110001 <
1*
10
#26730000
0*
00
#26735000
1%
b1000010000 )
b1000010000 @
b101 L
b100 E
b10 6
b100 8
b10100000000000000000000000000100 ,
b10100000000000000000000000000100 =
b101001110010 <
1*
10
#26740000
0*
00
#26745000
b0 '
b0 A
0(
b110 L
b10001 N
b101 E
b101 8
b100 6
b101001110011 <
1*
10
#26750000
0*
00
#26755000
b0 L
b110 E
b0 J
b1000010001 H
b101 6
b0 8
0+
b0 ,
b0 =
b101001110100 <
1*
10
#26760000
0*
00
#26765000
b1 L
b0 E
b110 6
b101001110101 <
1*
10
#26770000
0*
00
#26775000
1(
b1 E
b1 J
b1000010000 H
b10000 N
b0 6
b101001110110 <
1*
10
#26780000
0*
00
#26785000
b1 8
b1 6
b101001110111 <
1*
10
#26790000
0*
00
#26795000
b10 L
1+
b10 8
b101001111000 <
1*
10
#26800000
0*
00
#26805000
0%
b10 '
b10 A
b10000 )
b10000 @
b100 L
b10 E
b11 8
b101001111001 <
1*
10
#26810000
0*
00
#26815000
1%
b1000010000 )
b1000010000 @
b101 L
b100 E
b10 6
b100 8
b10100000000000000000000000000100 ,
b10100000000000000000000000000100 =
b101001111010 <
1*
10
#26820000
0*
00
#26825000
b0 '
b0 A
0(
b110 L
b10001 N
b101 E
b101 8
b100 6
b101001111011 <
1*
10
#26830000
0*
00
#26835000
b0 L
b110 E
b0 J
b1000010001 H
b101 6
b0 8
0+
b0 ,
b0 =
b101001111100 <
1*
10
#26840000
0*
00
#26845000
b1 L
b0 E
b110 6
b101001111101 <
1*
10
#26850000
0*
00
#26855000
1(
b1 E
b1 J
b1000010000 H
b10000 N
b0 6
b101001111110 <
1*
10
#26860000
0*
00
#26865000
b1 8
b1 6
b101001111111 <
1*
10
#26870000
0*
00
#26875000
b10 L
1+
b10 8
b101010000000 <
1*
10
#26880000
0*
00
#26885000
0%
b10 '
b10 A
b10000 )
b10000 @
b100 L
b10 E
b11 8
b101010000001 <
1*
10
#26890000
0*
00
#26895000
1%
b1000010000 )
b1000010000 @
b101 L
b100 E
b10 6
b100 8
b10100000000000000000000000000100 ,
b10100000000000000000000000000100 =
b101010000010 <
1*
10
#26900000
0*
00
#26905000
b0 '
b0 A
0(
b110 L
b10001 N
b101 E
b101 8
b100 6
b101010000011 <
1*
10
#26910000
0*
00
#26915000
b0 L
b110 E
b0 J
b1000010001 H
b101 6
b0 8
0+
b0 ,
b0 =
b101010000100 <
1*
10
#26920000
0*
00
#26925000
b1 L
b0 E
b110 6
b101010000101 <
1*
10
#26930000
0*
00
#26935000
1(
b1 E
b1 J
b1000010000 H
b10000 N
b0 6
b101010000110 <
1*
10
#26940000
0*
00
#26945000
b1 8
b1 6
b101010000111 <
1*
10
#26950000
0*
00
#26955000
b10 L
1+
b10 8
b101010001000 <
1*
10
#26960000
0*
00
#26965000
0%
b10 '
b10 A
b10000 )
b10000 @
b100 L
b10 E
b11 8
b101010001001 <
1*
10
#26970000
0*
00
#26975000
1%
b1000010000 )
b1000010000 @
b101 L
b100 E
b10 6
b100 8
b10100000000000000000000000000100 ,
b10100000000000000000000000000100 =
b101010001010 <
1*
10
#26980000
0*
00
#26985000
b0 '
b0 A
0(
b110 L
b10001 N
b101 E
b101 8
b100 6
b101010001011 <
1*
10
#26990000
0*
00
#26995000
b0 L
b110 E
b0 J
b1000010001 H
b101 6
b0 8
0+
b0 ,
b0 =
b101010001100 <
1*
10
#27000000
0*
00
#27005000
b1 L
b0 E
b110 6
b101010001101 <
1*
10
#27010000
0*
00
#27015000
1(
b1 E
b1 J
b1000010000 H
b10000 N
b0 6
b101010001110 <
1*
10
#27020000
0*
00
#27025000
b1 8
b1 6
b101010001111 <
1*
10
#27030000
0*
00
#27035000
b10 L
1+
b10 8
b101010010000 <
1*
10
#27040000
0*
00
#27045000
0%
b10 '
b10 A
b10000 )
b10000 @
b100 L
b10 E
b11 8
b101010010001 <
1*
10
#27050000
0*
00
#27055000
1%
b1000010000 )
b1000010000 @
b101 L
b100 E
b10 6
b100 8
b10100000000000000000000000000100 ,
b10100000000000000000000000000100 =
b101010010010 <
1*
10
#27060000
0*
00
#27065000
b0 '
b0 A
0(
b110 L
b10001 N
b101 E
b101 8
b100 6
b101010010011 <
1*
10
#27070000
0*
00
#27075000
b0 L
b110 E
b0 J
b1000010001 H
b101 6
b0 8
0+
b0 ,
b0 =
b101010010100 <
1*
10
#27080000
0*
00
#27085000
b1 L
b0 E
b110 6
b101010010101 <
1*
10
#27090000
0*
00
#27095000
1(
b1 E
b1 J
b1000010000 H
b10000 N
b0 6
b101010010110 <
1*
10
#27100000
0*
00
#27105000
b1 8
b1 6
b101010010111 <
1*
10
#27110000
0*
00
#27115000
b10 L
1+
b10 8
b101010011000 <
1*
10
#27120000
0*
00
#27125000
0%
b10 '
b10 A
b10000 )
b10000 @
b100 L
b10 E
b11 8
b101010011001 <
1*
10
#27130000
0*
00
#27135000
1%
b1000010000 )
b1000010000 @
b101 L
b100 E
b10 6
b100 8
b10100000000000000000000000000100 ,
b10100000000000000000000000000100 =
b101010011010 <
1*
10
#27140000
0*
00
#27145000
b0 '
b0 A
0(
b110 L
b10001 N
b101 E
b101 8
b100 6
b101010011011 <
1*
10
#27150000
0*
00
#27155000
b0 L
b110 E
b0 J
b1000010001 H
b101 6
b0 8
0+
b0 ,
b0 =
b101010011100 <
1*
10
#27160000
0*
00
#27165000
b1 L
b0 E
b110 6
b101010011101 <
1*
10
#27170000
0*
00
#27175000
1(
b1 E
b1 J
b1000010000 H
b10000 N
b0 6
b101010011110 <
1*
10
#27180000
0*
00
#27185000
b1 8
b1 6
b101010011111 <
1*
10
#27190000
0*
00
#27195000
b10 L
1+
b10 8
b101010100000 <
1*
10
#27200000
0*
00
#27205000
0%
b10 '
b10 A
b10000 )
b10000 @
b100 L
b10 E
b11 8
b101010100001 <
1*
10
#27210000
0*
00
#27215000
1%
b1000010000 )
b1000010000 @
b101 L
b100 E
b10 6
b100 8
b10100000000000000000000000000100 ,
b10100000000000000000000000000100 =
b101010100010 <
1*
10
#27220000
0*
00
#27225000
b0 '
b0 A
0(
b110 L
b10001 N
b101 E
b101 8
b100 6
b101010100011 <
1*
10
#27230000
0*
00
#27235000
b0 L
b110 E
b0 J
b1000010001 H
b101 6
b0 8
0+
b0 ,
b0 =
b101010100100 <
1*
10
#27240000
0*
00
#27245000
b1 L
b0 E
b110 6
b101010100101 <
1*
10
#27250000
0*
00
#27255000
1(
b1 E
b1 J
b1000010000 H
b10000 N
b0 6
b101010100110 <
1*
10
#27260000
0*
00
#27265000
b1 8
b1 6
b101010100111 <
1*
10
#27270000
0*
00
#27275000
b10 L
1+
b10 8
b101010101000 <
1*
10
#27280000
0*
00
#27285000
0%
b10 '
b10 A
b10000 )
b10000 @
b100 L
b10 E
b11 8
b101010101001 <
1*
10
#27290000
0*
00
#27295000
1%
b1000010000 )
b1000010000 @
b101 L
b100 E
b10 6
b100 8
b10100000000000000000000000000100 ,
b10100000000000000000000000000100 =
b101010101010 <
1*
10
#27300000
0*
00
#27305000
b0 '
b0 A
0(
b110 L
b10001 N
b101 E
b101 8
b100 6
b101010101011 <
1*
10
#27310000
0*
00
#27315000
b0 L
b110 E
b0 J
b1000010001 H
b101 6
b0 8
0+
b0 ,
b0 =
b101010101100 <
1*
10
#27320000
0*
00
#27325000
b1 L
b0 E
b110 6
b101010101101 <
1*
10
#27330000
0*
00
#27335000
1(
b1 E
b1 J
b1000010000 H
b10000 N
b0 6
b101010101110 <
1*
10
#27340000
0*
00
#27345000
b1 8
b1 6
b101010101111 <
1*
10
#27350000
0*
00
#27355000
b10 L
1+
b10 8
b101010110000 <
1*
10
#27360000
0*
00
#27365000
0%
b10 '
b10 A
b10000 )
b10000 @
b100 L
b10 E
b11 8
b101010110001 <
1*
10
#27370000
0*
00
#27375000
1%
b1000010000 )
b1000010000 @
b101 L
b100 E
b10 6
b100 8
b10100000000000000000000000000100 ,
b10100000000000000000000000000100 =
b101010110010 <
1*
10
#27380000
0*
00
#27385000
b0 '
b0 A
0(
b110 L
b10001 N
b101 E
b101 8
b100 6
b101010110011 <
1*
10
#27390000
0*
00
#27395000
b0 L
b110 E
b0 J
b1000010001 H
b101 6
b0 8
0+
b0 ,
b0 =
b101010110100 <
1*
10
#27400000
0*
00
#27405000
b1 L
b0 E
b110 6
b101010110101 <
1*
10
#27410000
0*
00
#27415000
1(
b1 E
b1 J
b1000010000 H
b10000 N
b0 6
b101010110110 <
1*
10
#27420000
0*
00
#27425000
b1 8
b1 6
b101010110111 <
1*
10
#27430000
0*
00
#27435000
b10 L
1+
b10 8
b101010111000 <
1*
10
#27440000
0*
00
#27445000
0%
b10 '
b10 A
b10000 )
b10000 @
b100 L
b10 E
b11 8
b101010111001 <
1*
10
#27450000
0*
00
#27455000
1%
b1000010000 )
b1000010000 @
b101 L
b100 E
b10 6
b100 8
b10100000000000000000000000000100 ,
b10100000000000000000000000000100 =
b101010111010 <
1*
10
#27460000
0*
00
#27465000
b0 '
b0 A
0(
b110 L
b10001 N
b101 E
b101 8
b100 6
b101010111011 <
1*
10
#27470000
0*
00
#27475000
b0 L
b110 E
b0 J
b1000010001 H
b101 6
b0 8
0+
b0 ,
b0 =
b101010111100 <
1*
10
#27480000
0*
00
#27485000
b1 L
b0 E
b110 6
b101010111101 <
1*
10
#27490000
0*
00
#27495000
1(
b1 E
b1 J
b1000010000 H
b10000 N
b0 6
b101010111110 <
1*
10
#27500000
0*
00
#27505000
b1 8
b1 6
b101010111111 <
1*
10
#27510000
0*
00
#27515000
b10 L
1+
b10 8
b101011000000 <
1*
10
#27520000
0*
00
#27525000
0%
b10 '
b10 A
b10000 )
b10000 @
b100 L
b10 E
b11 8
b101011000001 <
1*
10
#27530000
0*
00
#27535000
1%
b1000010000 )
b1000010000 @
b101 L
b100 E
b10 6
b100 8
b10100000000000000000000000000100 ,
b10100000000000000000000000000100 =
b101011000010 <
1*
10
#27540000
0*
00
#27545000
b0 '
b0 A
0(
b110 L
b10001 N
b101 E
b101 8
b100 6
b101011000011 <
1*
10
#27550000
0*
00
#27555000
b0 L
b110 E
b0 J
b1000010001 H
b101 6
b0 8
0+
b0 ,
b0 =
b101011000100 <
1*
10
#27560000
0*
00
#27565000
b1 L
b0 E
b110 6
b101011000101 <
1*
10
#27570000
0*
00
#27575000
1(
b1 E
b1 J
b1000010000 H
b10000 N
b0 6
b101011000110 <
1*
10
#27580000
0*
00
#27585000
b1 8
b1 6
b101011000111 <
1*
10
#27590000
0*
00
#27595000
b10 L
1+
b10 8
b101011001000 <
1*
10
#27600000
0*
00
#27605000
0%
b10 '
b10 A
b10000 )
b10000 @
b100 L
b10 E
b11 8
b101011001001 <
1*
10
#27610000
0*
00
#27615000
1%
b1000010000 )
b1000010000 @
b101 L
b100 E
b10 6
b100 8
b10100000000000000000000000000100 ,
b10100000000000000000000000000100 =
b101011001010 <
1*
10
#27620000
0*
00
#27625000
b0 '
b0 A
0(
b110 L
b10001 N
b101 E
b101 8
b100 6
b101011001011 <
1*
10
#27630000
0*
00
#27635000
b0 L
b110 E
b0 J
b1000010001 H
b101 6
b0 8
0+
b0 ,
b0 =
b101011001100 <
1*
10
#27640000
0*
00
#27645000
b1 L
b0 E
b110 6
b101011001101 <
1*
10
#27650000
0*
00
#27655000
1(
b1 E
b1 J
b1000010000 H
b10000 N
b0 6
b101011001110 <
1*
10
#27660000
0*
00
#27665000
b1 8
b1 6
b101011001111 <
1*
10
#27670000
0*
00
#27675000
b10 L
1+
b10 8
b101011010000 <
1*
10
#27680000
0*
00
#27685000
0%
b10 '
b10 A
b10000 )
b10000 @
b100 L
b10 E
b11 8
b101011010001 <
1*
10
#27690000
0*
00
#27695000
1%
b1000010000 )
b1000010000 @
b101 L
b100 E
b10 6
b100 8
b10100000000000000000000000000100 ,
b10100000000000000000000000000100 =
b101011010010 <
1*
10
#27700000
0*
00
#27705000
b0 '
b0 A
0(
b110 L
b10001 N
b101 E
b101 8
b100 6
b101011010011 <
1*
10
#27710000
0*
00
#27715000
b0 L
b110 E
b0 J
b1000010001 H
b101 6
b0 8
0+
b0 ,
b0 =
b101011010100 <
1*
10
#27720000
0*
00
#27725000
b1 L
b0 E
b110 6
b101011010101 <
1*
10
#27730000
0*
00
#27735000
1(
b1 E
b1 J
b1000010000 H
b10000 N
b0 6
b101011010110 <
1*
10
#27740000
0*
00
#27745000
b1 8
b1 6
b101011010111 <
1*
10
#27750000
0*
00
#27755000
b10 L
1+
b10 8
b101011011000 <
1*
10
#27760000
0*
00
#27765000
0%
b10 '
b10 A
b10000 )
b10000 @
b100 L
b10 E
b11 8
b101011011001 <
1*
10
#27770000
0*
00
#27775000
1%
b1000010000 )
b1000010000 @
b101 L
b100 E
b10 6
b100 8
b10100000000000000000000000000100 ,
b10100000000000000000000000000100 =
b101011011010 <
1*
10
#27780000
0*
00
#27785000
b0 '
b0 A
0(
b110 L
b10001 N
b101 E
b101 8
b100 6
b101011011011 <
1*
10
#27790000
0*
00
#27795000
b0 L
b110 E
b0 J
b1000010001 H
b101 6
b0 8
0+
b0 ,
b0 =
b101011011100 <
1*
10
#27800000
0*
00
#27805000
b1 L
b0 E
b110 6
b101011011101 <
1*
10
#27810000
0*
00
#27815000
1(
b1 E
b1 J
b1000010000 H
b10000 N
b0 6
b101011011110 <
1*
10
#27820000
0*
00
#27825000
b1 8
b1 6
b101011011111 <
1*
10
#27830000
0*
00
#27835000
b10 L
1+
b10 8
b101011100000 <
1*
10
#27840000
0*
00
#27845000
0%
b10 '
b10 A
b10000 )
b10000 @
b100 L
b10 E
b11 8
b101011100001 <
1*
10
#27850000
0*
00
#27855000
1%
b1000010000 )
b1000010000 @
b101 L
b100 E
b10 6
b100 8
b10100000000000000000000000000100 ,
b10100000000000000000000000000100 =
b101011100010 <
1*
10
#27860000
0*
00
#27865000
b0 '
b0 A
0(
b110 L
b10001 N
b101 E
b101 8
b100 6
b101011100011 <
1*
10
#27870000
0*
00
#27875000
b0 L
b110 E
b0 J
b1000010001 H
b101 6
b0 8
0+
b0 ,
b0 =
b101011100100 <
1*
10
#27880000
0*
00
#27885000
b1 L
b0 E
b110 6
b101011100101 <
1*
10
#27890000
0*
00
#27895000
1(
b1 E
b1 J
b1000010000 H
b10000 N
b0 6
b101011100110 <
1*
10
#27900000
0*
00
#27905000
b1 8
b1 6
b101011100111 <
1*
10
#27910000
0*
00
#27915000
b10 L
1+
b10 8
b101011101000 <
1*
10
#27920000
0*
00
#27925000
0%
b10 '
b10 A
b10000 )
b10000 @
b100 L
b10 E
b11 8
b101011101001 <
1*
10
#27930000
0*
00
#27935000
1%
b1000010000 )
b1000010000 @
b101 L
b100 E
b10 6
b100 8
b10100000000000000000000000000100 ,
b10100000000000000000000000000100 =
b101011101010 <
1*
10
#27940000
0*
00
#27945000
b0 '
b0 A
0(
b110 L
b10001 N
b101 E
b101 8
b100 6
b101011101011 <
1*
10
#27950000
0*
00
#27955000
b0 L
b110 E
b0 J
b1000010001 H
b101 6
b0 8
0+
b0 ,
b0 =
b101011101100 <
1*
10
#27960000
0*
00
#27965000
b1 L
b0 E
b110 6
b101011101101 <
1*
10
#27970000
0*
00
#27975000
1(
b1 E
b1 J
b1000010000 H
b10000 N
b0 6
b101011101110 <
1*
10
#27980000
0*
00
#27985000
b1 8
b1 6
b101011101111 <
1*
10
#27990000
0*
00
#27995000
b10 L
1+
b10 8
b101011110000 <
1*
10
#28000000
0*
00
#28005000
0%
b10 '
b10 A
b10000 )
b10000 @
b100 L
b10 E
b11 8
b101011110001 <
1*
10
#28010000
0*
00
#28015000
1%
b1000010000 )
b1000010000 @
b101 L
b100 E
b10 6
b100 8
b10100000000000000000000000000100 ,
b10100000000000000000000000000100 =
b101011110010 <
1*
10
#28020000
0*
00
#28025000
b0 '
b0 A
0(
b110 L
b10001 N
b101 E
b101 8
b100 6
b101011110011 <
1*
10
#28030000
0*
00
#28035000
b0 L
b110 E
b0 J
b1000010001 H
b101 6
b0 8
0+
b0 ,
b0 =
b101011110100 <
1*
10
#28040000
0*
00
#28045000
b1 L
b0 E
b110 6
b101011110101 <
1*
10
#28050000
0*
00
#28055000
1(
b1 E
b1 J
b1000010000 H
b10000 N
b0 6
b101011110110 <
1*
10
#28060000
0*
00
#28065000
b1 8
b1 6
b101011110111 <
1*
10
#28070000
0*
00
#28075000
b10 L
1+
b10 8
b101011111000 <
1*
10
#28080000
0*
00
#28085000
0%
b10 '
b10 A
b10000 )
b10000 @
b100 L
b10 E
b11 8
b101011111001 <
1*
10
#28090000
0*
00
#28095000
1%
b1000010000 )
b1000010000 @
b101 L
b100 E
b10 6
b100 8
b10100000000000000000000000000100 ,
b10100000000000000000000000000100 =
b101011111010 <
1*
10
#28100000
0*
00
#28105000
b0 '
b0 A
0(
b110 L
b10001 N
b101 E
b101 8
b100 6
b101011111011 <
1*
10
#28110000
0*
00
#28115000
b0 L
b110 E
b0 J
b1000010001 H
b101 6
b0 8
0+
b0 ,
b0 =
b101011111100 <
1*
10
#28120000
0*
00
#28125000
b1 L
b0 E
b110 6
b101011111101 <
1*
10
#28130000
0*
00
#28135000
1(
b1 E
b1 J
b1000010000 H
b10000 N
b0 6
b101011111110 <
1*
10
#28140000
0*
00
#28145000
b1 8
b1 6
b101011111111 <
1*
10
#28150000
0*
00
#28155000
b10 L
1+
b10 8
b101100000000 <
1*
10
#28160000
0*
00
#28165000
0%
b10 '
b10 A
b10000 )
b10000 @
b100 L
b10 E
b11 8
b101100000001 <
1*
10
#28170000
0*
00
#28175000
1%
b1000010000 )
b1000010000 @
b101 L
b100 E
b10 6
b100 8
b10100000000000000000000000000100 ,
b10100000000000000000000000000100 =
b101100000010 <
1*
10
#28180000
0*
00
#28185000
b0 '
b0 A
0(
b110 L
b10001 N
b101 E
b101 8
b100 6
b101100000011 <
1*
10
#28190000
0*
00
#28195000
b0 L
b110 E
b0 J
b1000010001 H
b101 6
b0 8
0+
b0 ,
b0 =
b101100000100 <
1*
10
#28200000
0*
00
#28205000
b1 L
b0 E
b110 6
b101100000101 <
1*
10
#28210000
0*
00
#28215000
1(
b1 E
b1 J
b1000010000 H
b10000 N
b0 6
b101100000110 <
1*
10
#28220000
0*
00
#28225000
b1 8
b1 6
b101100000111 <
1*
10
#28230000
0*
00
#28235000
b10 L
1+
b10 8
b101100001000 <
1*
10
#28240000
0*
00
#28245000
0%
b10 '
b10 A
b10000 )
b10000 @
b100 L
b10 E
b11 8
b101100001001 <
1*
10
#28250000
0*
00
#28255000
1%
b1000010000 )
b1000010000 @
b101 L
b100 E
b10 6
b100 8
b10100000000000000000000000000100 ,
b10100000000000000000000000000100 =
b101100001010 <
1*
10
#28260000
0*
00
#28265000
b0 '
b0 A
0(
b110 L
b10001 N
b101 E
b101 8
b100 6
b101100001011 <
1*
10
#28270000
0*
00
#28275000
b0 L
b110 E
b0 J
b1000010001 H
b101 6
b0 8
0+
b0 ,
b0 =
b101100001100 <
1*
10
#28280000
0*
00
#28285000
b1 L
b0 E
b110 6
b101100001101 <
1*
10
#28290000
0*
00
#28295000
1(
b1 E
b1 J
b1000010000 H
b10000 N
b0 6
b101100001110 <
1*
10
#28300000
0*
00
#28305000
b1 8
b1 6
b101100001111 <
1*
10
#28310000
0*
00
#28315000
b10 L
1+
b10 8
b101100010000 <
1*
10
#28320000
0*
00
#28325000
0%
b10 '
b10 A
b10000 )
b10000 @
b100 L
b10 E
b11 8
b101100010001 <
1*
10
#28330000
0*
00
#28335000
1%
b1000010000 )
b1000010000 @
b101 L
b100 E
b10 6
b100 8
b10100000000000000000000000000100 ,
b10100000000000000000000000000100 =
b101100010010 <
1*
10
#28340000
0*
00
#28345000
b0 '
b0 A
0(
b110 L
b10001 N
b101 E
b101 8
b100 6
b101100010011 <
1*
10
#28350000
0*
00
#28355000
b0 L
b110 E
b0 J
b1000010001 H
b101 6
b0 8
0+
b0 ,
b0 =
b101100010100 <
1*
10
#28360000
0*
00
#28365000
b1 L
b0 E
b110 6
b101100010101 <
1*
10
#28370000
0*
00
#28375000
1(
b1 E
b1 J
b1000010000 H
b10000 N
b0 6
b101100010110 <
1*
10
#28380000
0*
00
#28385000
b1 8
b1 6
b101100010111 <
1*
10
#28390000
0*
00
#28395000
b10 L
1+
b10 8
b101100011000 <
1*
10
#28400000
0*
00
#28405000
0%
b10 '
b10 A
b10000 )
b10000 @
b100 L
b10 E
b11 8
b101100011001 <
1*
10
#28410000
0*
00
#28415000
1%
b1000010000 )
b1000010000 @
b101 L
b100 E
b10 6
b100 8
b10100000000000000000000000000100 ,
b10100000000000000000000000000100 =
b101100011010 <
1*
10
#28420000
0*
00
#28425000
b0 '
b0 A
0(
b110 L
b10001 N
b101 E
b101 8
b100 6
b101100011011 <
1*
10
#28430000
0*
00
#28435000
b0 L
b110 E
b0 J
b1000010001 H
b101 6
b0 8
0+
b0 ,
b0 =
b101100011100 <
1*
10
#28440000
0*
00
#28445000
b1 L
b0 E
b110 6
b101100011101 <
1*
10
#28450000
0*
00
#28455000
1(
b1 E
b1 J
b1000010000 H
b10000 N
b0 6
b101100011110 <
1*
10
#28460000
0*
00
#28465000
b1 8
b1 6
b101100011111 <
1*
10
#28470000
0*
00
#28475000
b10 L
1+
b10 8
b101100100000 <
1*
10
#28480000
0*
00
#28485000
0%
b10 '
b10 A
b10000 )
b10000 @
b100 L
b10 E
b11 8
b101100100001 <
1*
10
#28490000
0*
00
#28495000
1%
b1000010000 )
b1000010000 @
b101 L
b100 E
b10 6
b100 8
b10100000000000000000000000000100 ,
b10100000000000000000000000000100 =
b101100100010 <
1*
10
#28500000
0*
00
#28505000
b0 '
b0 A
0(
b110 L
b10001 N
b101 E
b101 8
b100 6
b101100100011 <
1*
10
#28510000
0*
00
#28515000
b0 L
b110 E
b0 J
b1000010001 H
b101 6
b0 8
0+
b0 ,
b0 =
b101100100100 <
1*
10
#28520000
0*
00
#28525000
b1 L
b0 E
b110 6
b101100100101 <
1*
10
#28530000
0*
00
#28535000
1(
b1 E
b1 J
b1000010000 H
b10000 N
b0 6
b101100100110 <
1*
10
#28540000
0*
00
#28545000
b1 8
b1 6
b101100100111 <
1*
10
#28550000
0*
00
#28555000
b10 L
1+
b10 8
b101100101000 <
1*
10
#28560000
0*
00
#28565000
0%
b10 '
b10 A
b10000 )
b10000 @
b100 L
b10 E
b11 8
b101100101001 <
1*
10
#28570000
0*
00
#28575000
1%
b1000010000 )
b1000010000 @
b101 L
b100 E
b10 6
b100 8
b10100000000000000000000000000100 ,
b10100000000000000000000000000100 =
b101100101010 <
1*
10
#28580000
0*
00
#28585000
b0 '
b0 A
0(
b110 L
b10001 N
b101 E
b101 8
b100 6
b101100101011 <
1*
10
#28590000
0*
00
#28595000
b0 L
b110 E
b0 J
b1000010001 H
b101 6
b0 8
0+
b0 ,
b0 =
b101100101100 <
1*
10
#28600000
0*
00
#28605000
b1 L
b0 E
b110 6
b101100101101 <
1*
10
#28610000
0*
00
#28615000
1(
b1 E
b1 J
b1000010000 H
b10000 N
b0 6
b101100101110 <
1*
10
#28620000
0*
00
#28625000
b1 8
b1 6
b101100101111 <
1*
10
#28630000
0*
00
#28635000
b10 L
1+
b10 8
b101100110000 <
1*
10
#28640000
0*
00
#28645000
0%
b10 '
b10 A
b10000 )
b10000 @
b100 L
b10 E
b11 8
b101100110001 <
1*
10
#28650000
0*
00
#28655000
1%
b1000010000 )
b1000010000 @
b101 L
b100 E
b10 6
b100 8
b10100000000000000000000000000100 ,
b10100000000000000000000000000100 =
b101100110010 <
1*
10
#28660000
0*
00
#28665000
b0 '
b0 A
0(
b110 L
b10001 N
b101 E
b101 8
b100 6
b101100110011 <
1*
10
#28670000
0*
00
#28675000
b0 L
b110 E
b0 J
b1000010001 H
b101 6
b0 8
0+
b0 ,
b0 =
b101100110100 <
1*
10
#28680000
0*
00
#28685000
b1 L
b0 E
b110 6
b101100110101 <
1*
10
#28690000
0*
00
#28695000
1(
b1 E
b1 J
b1000010000 H
b10000 N
b0 6
b101100110110 <
1*
10
#28700000
0*
00
#28705000
b1 8
b1 6
b101100110111 <
1*
10
#28710000
0*
00
#28715000
b10 L
1+
b10 8
b101100111000 <
1*
10
#28720000
0*
00
#28725000
0%
b10 '
b10 A
b10000 )
b10000 @
b100 L
b10 E
b11 8
b101100111001 <
1*
10
#28730000
0*
00
#28735000
1%
b1000010000 )
b1000010000 @
b101 L
b100 E
b10 6
b100 8
b10100000000000000000000000000100 ,
b10100000000000000000000000000100 =
b101100111010 <
1*
10
#28740000
0*
00
#28745000
b0 '
b0 A
0(
b110 L
b10001 N
b101 E
b101 8
b100 6
b101100111011 <
1*
10
#28750000
0*
00
#28755000
b0 L
b110 E
b0 J
b1000010001 H
b101 6
b0 8
0+
b0 ,
b0 =
b101100111100 <
1*
10
#28760000
0*
00
#28765000
b1 L
b0 E
b110 6
b101100111101 <
1*
10
#28770000
0*
00
#28775000
1(
b1 E
b1 J
b1000010000 H
b10000 N
b0 6
b101100111110 <
1*
10
#28780000
0*
00
#28785000
b1 8
b1 6
b101100111111 <
1*
10
#28790000
0*
00
#28795000
b10 L
1+
b10 8
b101101000000 <
1*
10
#28800000
0*
00
#28805000
0%
b10 '
b10 A
b10000 )
b10000 @
b100 L
b10 E
b11 8
b101101000001 <
1*
10
#28810000
0*
00
#28815000
1%
b1000010000 )
b1000010000 @
b101 L
b100 E
b10 6
b100 8
b10100000000000000000000000000100 ,
b10100000000000000000000000000100 =
b101101000010 <
1*
10
#28820000
0*
00
#28825000
b0 '
b0 A
0(
b110 L
b10001 N
b101 E
b101 8
b100 6
b101101000011 <
1*
10
#28830000
0*
00
#28835000
b0 L
b110 E
b0 J
b1000010001 H
b101 6
b0 8
0+
b0 ,
b0 =
b101101000100 <
1*
10
#28840000
0*
00
#28845000
b1 L
b0 E
b110 6
b101101000101 <
1*
10
#28850000
0*
00
#28855000
1(
b1 E
b1 J
b1000010000 H
b10000 N
b0 6
b101101000110 <
1*
10
#28860000
0*
00
#28865000
b1 8
b1 6
b101101000111 <
1*
10
#28870000
0*
00
#28875000
b10 L
1+
b10 8
b101101001000 <
1*
10
#28880000
0*
00
#28885000
0%
b10 '
b10 A
b10000 )
b10000 @
b100 L
b10 E
b11 8
b101101001001 <
1*
10
#28890000
0*
00
#28895000
1%
b1000010000 )
b1000010000 @
b101 L
b100 E
b10 6
b100 8
b10100000000000000000000000000100 ,
b10100000000000000000000000000100 =
b101101001010 <
1*
10
#28900000
0*
00
#28905000
b0 '
b0 A
0(
b110 L
b10001 N
b101 E
b101 8
b100 6
b101101001011 <
1*
10
#28910000
0*
00
#28915000
b0 L
b110 E
b0 J
b1000010001 H
b101 6
b0 8
0+
b0 ,
b0 =
b101101001100 <
1*
10
#28920000
0*
00
#28925000
b1 L
b0 E
b110 6
b101101001101 <
1*
10
#28930000
0*
00
#28935000
1(
b1 E
b1 J
b1000010000 H
b10000 N
b0 6
b101101001110 <
1*
10
#28940000
0*
00
#28945000
b1 8
b1 6
b101101001111 <
1*
10
#28950000
0*
00
#28955000
b10 L
1+
b10 8
b101101010000 <
1*
10
#28960000
0*
00
#28965000
0%
b10 '
b10 A
b10000 )
b10000 @
b100 L
b10 E
b11 8
b101101010001 <
1*
10
#28970000
0*
00
#28975000
1%
b1000010000 )
b1000010000 @
b101 L
b100 E
b10 6
b100 8
b10100000000000000000000000000100 ,
b10100000000000000000000000000100 =
b101101010010 <
1*
10
#28980000
0*
00
#28985000
b0 '
b0 A
0(
b110 L
b10001 N
b101 E
b101 8
b100 6
b101101010011 <
1*
10
#28990000
0*
00
#28995000
b0 L
b110 E
b0 J
b1000010001 H
b101 6
b0 8
0+
b0 ,
b0 =
b101101010100 <
1*
10
#29000000
0*
00
#29005000
b1 L
b0 E
b110 6
b101101010101 <
1*
10
#29010000
0*
00
#29015000
1(
b1 E
b1 J
b1000010000 H
b10000 N
b0 6
b101101010110 <
1*
10
#29020000
0*
00
#29025000
b1 8
b1 6
b101101010111 <
1*
10
#29030000
0*
00
#29035000
b10 L
1+
b10 8
b101101011000 <
1*
10
#29040000
0*
00
#29045000
0%
b10 '
b10 A
b10000 )
b10000 @
b100 L
b10 E
b11 8
b101101011001 <
1*
10
#29050000
0*
00
#29055000
1%
b1000010000 )
b1000010000 @
b101 L
b100 E
b10 6
b100 8
b10100000000000000000000000000100 ,
b10100000000000000000000000000100 =
b101101011010 <
1*
10
#29060000
0*
00
#29065000
b0 '
b0 A
0(
b110 L
b10001 N
b101 E
b101 8
b100 6
b101101011011 <
1*
10
#29070000
0*
00
#29075000
b0 L
b110 E
b0 J
b1000010001 H
b101 6
b0 8
0+
b0 ,
b0 =
b101101011100 <
1*
10
#29080000
0*
00
#29085000
b1 L
b0 E
b110 6
b101101011101 <
1*
10
#29090000
0*
00
#29095000
1(
b1 E
b1 J
b1000010000 H
b10000 N
b0 6
b101101011110 <
1*
10
#29100000
0*
00
#29105000
b1 8
b1 6
b101101011111 <
1*
10
#29110000
0*
00
#29115000
b10 L
1+
b10 8
b101101100000 <
1*
10
#29120000
0*
00
#29125000
0%
b10 '
b10 A
b10000 )
b10000 @
b100 L
b10 E
b11 8
b101101100001 <
1*
10
#29130000
0*
00
#29135000
1%
b1000010000 )
b1000010000 @
b101 L
b100 E
b10 6
b100 8
b10100000000000000000000000000100 ,
b10100000000000000000000000000100 =
b101101100010 <
1*
10
#29140000
0*
00
#29145000
b0 '
b0 A
0(
b110 L
b10001 N
b101 E
b101 8
b100 6
b101101100011 <
1*
10
#29150000
0*
00
#29155000
b0 L
b110 E
b0 J
b1000010001 H
b101 6
b0 8
0+
b0 ,
b0 =
b101101100100 <
1*
10
#29160000
0*
00
#29165000
b1 L
b0 E
b110 6
b101101100101 <
1*
10
#29170000
0*
00
#29175000
1(
b1 E
b1 J
b1000010000 H
b10000 N
b0 6
b101101100110 <
1*
10
#29180000
0*
00
#29185000
b1 8
b1 6
b101101100111 <
1*
10
#29190000
0*
00
#29195000
b10 L
1+
b10 8
b101101101000 <
1*
10
#29200000
0*
00
#29205000
0%
b10 '
b10 A
b10000 )
b10000 @
b100 L
b10 E
b11 8
b101101101001 <
1*
10
#29210000
0*
00
#29215000
1%
b1000010000 )
b1000010000 @
b101 L
b100 E
b10 6
b100 8
b10100000000000000000000000000100 ,
b10100000000000000000000000000100 =
b101101101010 <
1*
10
#29220000
0*
00
#29225000
b0 '
b0 A
0(
b110 L
b10001 N
b101 E
b101 8
b100 6
b101101101011 <
1*
10
#29230000
0*
00
#29235000
b0 L
b110 E
b0 J
b1000010001 H
b101 6
b0 8
0+
b0 ,
b0 =
b101101101100 <
1*
10
#29240000
0*
00
#29245000
b1 L
b0 E
b110 6
b101101101101 <
1*
10
#29250000
0*
00
#29255000
1(
b1 E
b1 J
b1000010000 H
b10000 N
b0 6
b101101101110 <
1*
10
#29260000
0*
00
#29265000
b1 8
b1 6
b101101101111 <
1*
10
#29270000
0*
00
#29275000
b10 L
1+
b10 8
b101101110000 <
1*
10
#29280000
0*
00
#29285000
0%
b10 '
b10 A
b10000 )
b10000 @
b100 L
b10 E
b11 8
b101101110001 <
1*
10
#29290000
0*
00
#29295000
1%
b1000010000 )
b1000010000 @
b101 L
b100 E
b10 6
b100 8
b10100000000000000000000000000100 ,
b10100000000000000000000000000100 =
b101101110010 <
1*
10
#29300000
0*
00
#29305000
b0 '
b0 A
0(
b110 L
b10001 N
b101 E
b101 8
b100 6
b101101110011 <
1*
10
#29310000
0*
00
#29315000
b0 L
b110 E
b0 J
b1000010001 H
b101 6
b0 8
0+
b0 ,
b0 =
b101101110100 <
1*
10
#29320000
0*
00
#29325000
b1 L
b0 E
b110 6
b101101110101 <
1*
10
#29330000
0*
00
#29335000
1(
b1 E
b1 J
b1000010000 H
b10000 N
b0 6
b101101110110 <
1*
10
#29340000
0*
00
#29345000
b1 8
b1 6
b101101110111 <
1*
10
#29350000
0*
00
#29355000
b10 L
1+
b10 8
b101101111000 <
1*
10
#29360000
0*
00
#29365000
0%
b10 '
b10 A
b10000 )
b10000 @
b100 L
b10 E
b11 8
b101101111001 <
1*
10
#29370000
0*
00
#29375000
1%
b1000010000 )
b1000010000 @
b101 L
b100 E
b10 6
b100 8
b10100000000000000000000000000100 ,
b10100000000000000000000000000100 =
b101101111010 <
1*
10
#29380000
0*
00
#29385000
b0 '
b0 A
0(
b110 L
b10001 N
b101 E
b101 8
b100 6
b101101111011 <
1*
10
#29390000
0*
00
#29395000
b0 L
b110 E
b0 J
b1000010001 H
b101 6
b0 8
0+
b0 ,
b0 =
b101101111100 <
1*
10
#29400000
0*
00
#29405000
b1 L
b0 E
b110 6
b101101111101 <
1*
10
#29410000
0*
00
#29415000
1(
b1 E
b1 J
b1000010000 H
b10000 N
b0 6
b101101111110 <
1*
10
#29420000
0*
00
#29425000
b1 8
b1 6
b101101111111 <
1*
10
#29430000
0*
00
#29435000
b10 L
1+
b10 8
b101110000000 <
1*
10
#29440000
0*
00
#29445000
0%
b10 '
b10 A
b10000 )
b10000 @
b100 L
b10 E
b11 8
b101110000001 <
1*
10
#29450000
0*
00
#29455000
1%
b1000010000 )
b1000010000 @
b101 L
b100 E
b10 6
b100 8
b10100000000000000000000000000100 ,
b10100000000000000000000000000100 =
b101110000010 <
1*
10
#29460000
0*
00
#29465000
b0 '
b0 A
0(
b110 L
b10001 N
b101 E
b101 8
b100 6
b101110000011 <
1*
10
#29470000
0*
00
#29475000
b0 L
b110 E
b0 J
b1000010001 H
b101 6
b0 8
0+
b0 ,
b0 =
b101110000100 <
1*
10
#29480000
0*
00
#29485000
b1 L
b0 E
b110 6
b101110000101 <
1*
10
#29490000
0*
00
#29495000
1(
b1 E
b1 J
b1000010000 H
b10000 N
b0 6
b101110000110 <
1*
10
#29500000
0*
00
#29505000
b1 8
b1 6
b101110000111 <
1*
10
#29510000
0*
00
#29515000
b10 L
1+
b10 8
b101110001000 <
1*
10
#29520000
0*
00
#29525000
0%
b10 '
b10 A
b10000 )
b10000 @
b100 L
b10 E
b11 8
b101110001001 <
1*
10
#29530000
0*
00
#29535000
1%
b1000010000 )
b1000010000 @
b101 L
b100 E
b10 6
b100 8
b10100000000000000000000000000100 ,
b10100000000000000000000000000100 =
b101110001010 <
1*
10
#29540000
0*
00
#29545000
b0 '
b0 A
0(
b110 L
b10001 N
b101 E
b101 8
b100 6
b101110001011 <
1*
10
#29550000
0*
00
#29555000
b0 L
b110 E
b0 J
b1000010001 H
b101 6
b0 8
0+
b0 ,
b0 =
b101110001100 <
1*
10
#29560000
0*
00
#29565000
b1 L
b0 E
b110 6
b101110001101 <
1*
10
#29570000
0*
00
#29575000
1(
b1 E
b1 J
b1000010000 H
b10000 N
b0 6
b101110001110 <
1*
10
#29580000
0*
00
#29585000
b1 8
b1 6
b101110001111 <
1*
10
#29590000
0*
00
#29595000
b10 L
1+
b10 8
b101110010000 <
1*
10
#29600000
0*
00
#29605000
0%
b10 '
b10 A
b10000 )
b10000 @
b100 L
b10 E
b11 8
b101110010001 <
1*
10
#29610000
0*
00
#29615000
1%
b1000010000 )
b1000010000 @
b101 L
b100 E
b10 6
b100 8
b10100000000000000000000000000100 ,
b10100000000000000000000000000100 =
b101110010010 <
1*
10
#29620000
0*
00
#29625000
b0 '
b0 A
0(
b110 L
b10001 N
b101 E
b101 8
b100 6
b101110010011 <
1*
10
#29630000
0*
00
#29635000
b0 L
b110 E
b0 J
b1000010001 H
b101 6
b0 8
0+
b0 ,
b0 =
b101110010100 <
1*
10
#29640000
0*
00
#29645000
b1 L
b0 E
b110 6
b101110010101 <
1*
10
#29650000
0*
00
#29655000
1(
b1 E
b1 J
b1000010000 H
b10000 N
b0 6
b101110010110 <
1*
10
#29660000
0*
00
#29665000
b1 8
b1 6
b101110010111 <
1*
10
#29670000
0*
00
#29675000
b10 L
1+
b10 8
b101110011000 <
1*
10
#29680000
0*
00
#29685000
0%
b10 '
b10 A
b10000 )
b10000 @
b100 L
b10 E
b11 8
b101110011001 <
1*
10
#29690000
0*
00
#29695000
1%
b1000010000 )
b1000010000 @
b101 L
b100 E
b10 6
b100 8
b10100000000000000000000000000100 ,
b10100000000000000000000000000100 =
b101110011010 <
1*
10
#29700000
0*
00
#29705000
b0 '
b0 A
0(
b110 L
b10001 N
b101 E
b101 8
b100 6
b101110011011 <
1*
10
#29710000
0*
00
#29715000
b0 L
b110 E
b0 J
b1000010001 H
b101 6
b0 8
0+
b0 ,
b0 =
b101110011100 <
1*
10
#29720000
0*
00
#29725000
b1 L
b0 E
b110 6
b101110011101 <
1*
10
#29730000
0*
00
#29735000
1(
b1 E
b1 J
b1000010000 H
b10000 N
b0 6
b101110011110 <
1*
10
#29740000
0*
00
#29745000
b1 8
b1 6
b101110011111 <
1*
10
#29750000
0*
00
#29755000
b10 L
1+
b10 8
b101110100000 <
1*
10
#29760000
0*
00
#29765000
0%
b10 '
b10 A
b10000 )
b10000 @
b100 L
b10 E
b11 8
b101110100001 <
1*
10
#29770000
0*
00
#29775000
1%
b1000010000 )
b1000010000 @
b101 L
b100 E
b10 6
b100 8
b10100000000000000000000000000100 ,
b10100000000000000000000000000100 =
b101110100010 <
1*
10
#29780000
0*
00
#29785000
b0 '
b0 A
0(
b110 L
b10001 N
b101 E
b101 8
b100 6
b101110100011 <
1*
10
#29790000
0*
00
#29795000
b0 L
b110 E
b0 J
b1000010001 H
b101 6
b0 8
0+
b0 ,
b0 =
b101110100100 <
1*
10
#29800000
0*
00
#29805000
b1 L
b0 E
b110 6
b101110100101 <
1*
10
#29810000
0*
00
#29815000
1(
b1 E
b1 J
b1000010000 H
b10000 N
b0 6
b101110100110 <
1*
10
#29820000
0*
00
#29825000
b1 8
b1 6
b101110100111 <
1*
10
#29830000
0*
00
#29835000
b10 L
1+
b10 8
b101110101000 <
1*
10
#29840000
0*
00
#29845000
0%
b10 '
b10 A
b10000 )
b10000 @
b100 L
b10 E
b11 8
b101110101001 <
1*
10
#29850000
0*
00
#29855000
1%
b1000010000 )
b1000010000 @
b101 L
b100 E
b10 6
b100 8
b10100000000000000000000000000100 ,
b10100000000000000000000000000100 =
b101110101010 <
1*
10
#29860000
0*
00
#29865000
b0 '
b0 A
0(
b110 L
b10001 N
b101 E
b101 8
b100 6
b101110101011 <
1*
10
#29870000
0*
00
#29875000
b0 L
b110 E
b0 J
b1000010001 H
b101 6
b0 8
0+
b0 ,
b0 =
b101110101100 <
1*
10
#29880000
0*
00
#29885000
b1 L
b0 E
b110 6
b101110101101 <
1*
10
#29890000
0*
00
#29895000
1(
b1 E
b1 J
b1000010000 H
b10000 N
b0 6
b101110101110 <
1*
10
#29900000
0*
00
#29905000
b1 8
b1 6
b101110101111 <
1*
10
#29910000
0*
00
#29915000
b10 L
1+
b10 8
b101110110000 <
1*
10
#29920000
0*
00
#29925000
0%
b10 '
b10 A
b10000 )
b10000 @
b100 L
b10 E
b11 8
b101110110001 <
1*
10
#29930000
0*
00
#29935000
1%
b1000010000 )
b1000010000 @
b101 L
b100 E
b10 6
b100 8
b10100000000000000000000000000100 ,
b10100000000000000000000000000100 =
b101110110010 <
1*
10
#29940000
0*
00
#29945000
b0 '
b0 A
0(
b110 L
b10001 N
b101 E
b101 8
b100 6
b101110110011 <
1*
10
#29950000
0*
00
#29955000
b0 L
b110 E
b0 J
b1000010001 H
b101 6
b0 8
0+
b0 ,
b0 =
b101110110100 <
1*
10
#29960000
0*
00
#29965000
b1 L
b0 E
b110 6
b101110110101 <
1*
10
#29970000
0*
00
#29975000
1(
b1 E
b1 J
b1000010000 H
b10000 N
b0 6
b101110110110 <
1*
10
#29980000
0*
00
#29985000
b1 8
b1 6
b101110110111 <
1*
10
#29990000
0*
00
#29995000
b10 L
1+
b10 8
b101110111000 <
1*
10
#30000000
0*
00
#30005000
0%
b10 '
b10 A
b10000 )
b10000 @
b100 L
b10 E
b11 8
b101110111001 <
1*
10
#30010000
0*
00
#30015000
1%
b1000010000 )
b1000010000 @
b101 L
b100 E
b10 6
b100 8
b10100000000000000000000000000100 ,
b10100000000000000000000000000100 =
b101110111010 <
1*
10
#30020000
0*
00
#30025000
b0 '
b0 A
0(
b110 L
b10001 N
b101 E
b101 8
b100 6
b101110111011 <
1*
10
#30030000
0*
00
#30035000
b0 L
b110 E
b0 J
b1000010001 H
b101 6
b0 8
0+
b0 ,
b0 =
b101110111100 <
1*
10
#30040000
0*
00
#30045000
b1 L
b0 E
b110 6
b101110111101 <
1*
10
#30050000
0*
00
#30055000
1(
b1 E
b1 J
b1000010000 H
b10000 N
b0 6
b101110111110 <
1*
10
#30060000
0*
00
#30065000
b1 8
b1 6
b101110111111 <
1*
10
#30070000
0*
00
#30075000
b10 L
1+
b10 8
b101111000000 <
1*
10
#30080000
0*
00
#30085000
0%
b10 '
b10 A
b10000 )
b10000 @
b100 L
b10 E
b11 8
b101111000001 <
1*
10
#30090000
0*
00
#30095000
1%
b1000010000 )
b1000010000 @
b101 L
b100 E
b10 6
b100 8
b10100000000000000000000000000100 ,
b10100000000000000000000000000100 =
b101111000010 <
1*
10
#30100000
0*
00
#30105000
b0 '
b0 A
0(
b110 L
b10001 N
b101 E
b101 8
b100 6
b101111000011 <
1*
10
#30110000
0*
00
#30115000
b0 L
b110 E
b0 J
b1000010001 H
b101 6
b0 8
0+
b0 ,
b0 =
b101111000100 <
1*
10
#30120000
0*
00
#30125000
b1 L
b0 E
b110 6
b101111000101 <
1*
10
#30130000
0*
00
#30135000
1(
b1 E
b1 J
b1000010000 H
b10000 N
b0 6
b101111000110 <
1*
10
#30140000
0*
00
#30145000
b1 8
b1 6
b101111000111 <
1*
10
#30150000
0*
00
#30155000
b10 L
1+
b10 8
b101111001000 <
1*
10
#30160000
0*
00
#30165000
0%
b10 '
b10 A
b10000 )
b10000 @
b100 L
b10 E
b11 8
b101111001001 <
1*
10
#30170000
0*
00
#30175000
1%
b1000010000 )
b1000010000 @
b101 L
b100 E
b10 6
b100 8
b10100000000000000000000000000100 ,
b10100000000000000000000000000100 =
b101111001010 <
1*
10
#30180000
0*
00
#30185000
b0 '
b0 A
0(
b110 L
b10001 N
b101 E
b101 8
b100 6
b101111001011 <
1*
10
#30190000
0*
00
#30195000
b0 L
b110 E
b0 J
b1000010001 H
b101 6
b0 8
0+
b0 ,
b0 =
b101111001100 <
1*
10
#30200000
0*
00
#30205000
b1 L
b0 E
b110 6
b101111001101 <
1*
10
#30210000
0*
00
#30215000
1(
b1 E
b1 J
b1000010000 H
b10000 N
b0 6
b101111001110 <
1*
10
#30220000
0*
00
#30225000
b1 8
b1 6
b101111001111 <
1*
10
#30230000
0*
00
#30235000
b10 L
1+
b10 8
b101111010000 <
1*
10
#30240000
0*
00
#30245000
0%
b10 '
b10 A
b10000 )
b10000 @
b100 L
b10 E
b11 8
b101111010001 <
1*
10
#30250000
0*
00
#30255000
1%
b1000010000 )
b1000010000 @
b101 L
b100 E
b10 6
b100 8
b10100000000000000000000000000100 ,
b10100000000000000000000000000100 =
b101111010010 <
1*
10
#30260000
0*
00
#30265000
b0 '
b0 A
0(
b110 L
b10001 N
b101 E
b101 8
b100 6
b101111010011 <
1*
10
#30270000
0*
00
#30275000
b0 L
b110 E
b0 J
b1000010001 H
b101 6
b0 8
0+
b0 ,
b0 =
b101111010100 <
1*
10
#30280000
0*
00
#30285000
b1 L
b0 E
b110 6
b101111010101 <
1*
10
#30290000
0*
00
#30295000
1(
b1 E
b1 J
b1000010000 H
b10000 N
b0 6
b101111010110 <
1*
10
#30300000
0*
00
#30305000
b1 8
b1 6
b101111010111 <
1*
10
#30310000
0*
00
#30315000
b10 L
1+
b10 8
b101111011000 <
1*
10
#30320000
0*
00
#30325000
0%
b10 '
b10 A
b10000 )
b10000 @
b100 L
b10 E
b11 8
b101111011001 <
1*
10
#30330000
0*
00
#30335000
1%
b1000010000 )
b1000010000 @
b101 L
b100 E
b10 6
b100 8
b10100000000000000000000000000100 ,
b10100000000000000000000000000100 =
b101111011010 <
1*
10
#30340000
0*
00
#30345000
b0 '
b0 A
0(
b110 L
b10001 N
b101 E
b101 8
b100 6
b101111011011 <
1*
10
#30350000
0*
00
#30355000
b0 L
b110 E
b0 J
b1000010001 H
b101 6
b0 8
0+
b0 ,
b0 =
b101111011100 <
1*
10
#30360000
0*
00
#30365000
b1 L
b0 E
b110 6
b101111011101 <
1*
10
#30370000
0*
00
#30375000
1(
b1 E
b1 J
b1000010000 H
b10000 N
b0 6
b101111011110 <
1*
10
#30380000
0*
00
#30385000
b1 8
b1 6
b101111011111 <
1*
10
#30390000
0*
00
#30395000
b10 L
1+
b10 8
b101111100000 <
1*
10
#30400000
0*
00
#30405000
0%
b10 '
b10 A
b10000 )
b10000 @
b100 L
b10 E
b11 8
b101111100001 <
1*
10
#30410000
0*
00
#30415000
1%
b1000010000 )
b1000010000 @
b101 L
b100 E
b10 6
b100 8
b10100000000000000000000000000100 ,
b10100000000000000000000000000100 =
b101111100010 <
1*
10
#30420000
0*
00
#30425000
b0 '
b0 A
0(
b110 L
b10001 N
b101 E
b101 8
b100 6
b101111100011 <
1*
10
#30430000
0*
00
#30435000
b0 L
b110 E
b0 J
b1000010001 H
b101 6
b0 8
0+
b0 ,
b0 =
b101111100100 <
1*
10
#30440000
0*
00
#30445000
b1 L
b0 E
b110 6
b101111100101 <
1*
10
#30450000
0*
00
#30455000
1(
b1 E
b1 J
b1000010000 H
b10000 N
b0 6
b101111100110 <
1*
10
#30460000
0*
00
#30465000
b1 8
b1 6
b101111100111 <
1*
10
#30470000
0*
00
#30475000
b10 L
1+
b10 8
b101111101000 <
1*
10
#30480000
0*
00
#30485000
0%
b10 '
b10 A
b10000 )
b10000 @
b100 L
b10 E
b11 8
b101111101001 <
1*
10
#30490000
0*
00
#30495000
1%
b1000010000 )
b1000010000 @
b101 L
b100 E
b10 6
b100 8
b10100000000000000000000000000100 ,
b10100000000000000000000000000100 =
b101111101010 <
1*
10
#30500000
0*
00
#30505000
b0 '
b0 A
0(
b110 L
b10001 N
b101 E
b101 8
b100 6
b101111101011 <
1*
10
#30510000
0*
00
#30515000
b0 L
b110 E
b0 J
b1000010001 H
b101 6
b0 8
0+
b0 ,
b0 =
b101111101100 <
1*
10
#30520000
0*
00
#30525000
b1 L
b0 E
b110 6
b101111101101 <
1*
10
#30530000
0*
00
#30535000
1(
b1 E
b1 J
b1000010000 H
b10000 N
b0 6
b101111101110 <
1*
10
#30540000
0*
00
#30545000
b1 8
b1 6
b101111101111 <
1*
10
#30550000
0*
00
#30555000
b10 L
1+
b10 8
b101111110000 <
1*
10
#30560000
0*
00
#30565000
0%
b10 '
b10 A
b10000 )
b10000 @
b100 L
b10 E
b11 8
b101111110001 <
1*
10
#30570000
0*
00
#30575000
1%
b1000010000 )
b1000010000 @
b101 L
b100 E
b10 6
b100 8
b10100000000000000000000000000100 ,
b10100000000000000000000000000100 =
b101111110010 <
1*
10
#30580000
0*
00
#30585000
b0 '
b0 A
0(
b110 L
b10001 N
b101 E
b101 8
b100 6
b101111110011 <
1*
10
#30590000
0*
00
#30595000
b0 L
b110 E
b0 J
b1000010001 H
b101 6
b0 8
0+
b0 ,
b0 =
b101111110100 <
1*
10
#30600000
0*
00
#30605000
b1 L
b0 E
b110 6
b101111110101 <
1*
10
#30610000
0*
00
#30615000
1(
b1 E
b1 J
b1000010000 H
b10000 N
b0 6
b101111110110 <
1*
10
#30620000
0*
00
#30625000
b1 8
b1 6
b101111110111 <
1*
10
#30630000
0*
00
#30635000
b10 L
1+
b10 8
b101111111000 <
1*
10
#30640000
0*
00
#30645000
0%
b10 '
b10 A
b10000 )
b10000 @
b100 L
b10 E
b11 8
b101111111001 <
1*
10
#30650000
0*
00
#30655000
1%
b1000010000 )
b1000010000 @
b101 L
b100 E
b10 6
b100 8
b10100000000000000000000000000100 ,
b10100000000000000000000000000100 =
b101111111010 <
1*
10
#30660000
0*
00
#30665000
b0 '
b0 A
0(
b110 L
b10001 N
b101 E
b101 8
b100 6
b101111111011 <
1*
10
#30670000
0*
00
#30675000
b0 L
b110 E
b0 J
b1000010001 H
b101 6
b0 8
0+
b0 ,
b0 =
b101111111100 <
1*
10
#30680000
0*
00
#30685000
b1 L
b0 E
b110 6
b101111111101 <
1*
10
#30690000
0*
00
#30695000
1(
b1 E
b1 J
b1000010000 H
b10000 N
b0 6
b101111111110 <
1*
10
#30700000
0*
00
#30705000
b1 8
b1 6
b101111111111 <
1*
10
#30710000
0*
00
#30715000
b10 L
1+
b10 8
b110000000000 <
1*
10
#30720000
0*
00
#30725000
0%
b10 '
b10 A
b10000 )
b10000 @
b100 L
b10 E
b11 8
b110000000001 <
1*
10
#30730000
0*
00
#30735000
1%
b1000010000 )
b1000010000 @
b101 L
b100 E
b10 6
b100 8
b10100000000000000000000000000100 ,
b10100000000000000000000000000100 =
b110000000010 <
1*
10
#30740000
0*
00
#30745000
b0 '
b0 A
0(
b110 L
b10001 N
b101 E
b101 8
b100 6
b110000000011 <
1*
10
#30750000
0*
00
#30755000
b0 L
b110 E
b0 J
b1000010001 H
b101 6
b0 8
0+
b0 ,
b0 =
b110000000100 <
1*
10
#30760000
0*
00
#30765000
b1 L
b0 E
b110 6
b110000000101 <
1*
10
#30770000
0*
00
#30775000
1(
b1 E
b1 J
b1000010000 H
b10000 N
b0 6
b110000000110 <
1*
10
#30780000
0*
00
#30785000
b1 8
b1 6
b110000000111 <
1*
10
#30790000
0*
00
#30795000
b10 L
1+
b10 8
b110000001000 <
1*
10
#30800000
0*
00
#30805000
0%
b10 '
b10 A
b10000 )
b10000 @
b100 L
b10 E
b11 8
b110000001001 <
1*
10
#30810000
0*
00
#30815000
1%
b1000010000 )
b1000010000 @
b101 L
b100 E
b10 6
b100 8
b10100000000000000000000000000100 ,
b10100000000000000000000000000100 =
b110000001010 <
1*
10
#30820000
0*
00
#30825000
b0 '
b0 A
0(
b110 L
b10001 N
b101 E
b101 8
b100 6
b110000001011 <
1*
10
#30830000
0*
00
#30835000
b0 L
b110 E
b0 J
b1000010001 H
b101 6
b0 8
0+
b0 ,
b0 =
b110000001100 <
1*
10
#30840000
0*
00
#30845000
b1 L
b0 E
b110 6
b110000001101 <
1*
10
#30850000
0*
00
#30855000
1(
b1 E
b1 J
b1000010000 H
b10000 N
b0 6
b110000001110 <
1*
10
#30860000
0*
00
#30865000
b1 8
b1 6
b110000001111 <
1*
10
#30870000
0*
00
#30875000
b10 L
1+
b10 8
b110000010000 <
1*
10
#30880000
0*
00
#30885000
0%
b10 '
b10 A
b10000 )
b10000 @
b100 L
b10 E
b11 8
b110000010001 <
1*
10
#30890000
0*
00
#30895000
1%
b1000010000 )
b1000010000 @
b101 L
b100 E
b10 6
b100 8
b10100000000000000000000000000100 ,
b10100000000000000000000000000100 =
b110000010010 <
1*
10
#30900000
0*
00
#30905000
b0 '
b0 A
0(
b110 L
b10001 N
b101 E
b101 8
b100 6
b110000010011 <
1*
10
#30910000
0*
00
#30915000
b0 L
b110 E
b0 J
b1000010001 H
b101 6
b0 8
0+
b0 ,
b0 =
b110000010100 <
1*
10
#30920000
0*
00
#30925000
b1 L
b0 E
b110 6
b110000010101 <
1*
10
#30930000
0*
00
#30935000
1(
b1 E
b1 J
b1000010000 H
b10000 N
b0 6
b110000010110 <
1*
10
#30940000
0*
00
#30945000
b1 8
b1 6
b110000010111 <
1*
10
#30950000
0*
00
#30955000
b10 L
1+
b10 8
b110000011000 <
1*
10
#30960000
0*
00
#30965000
0%
b10 '
b10 A
b10000 )
b10000 @
b100 L
b10 E
b11 8
b110000011001 <
1*
10
#30970000
0*
00
#30975000
1%
b1000010000 )
b1000010000 @
b101 L
b100 E
b10 6
b100 8
b10100000000000000000000000000100 ,
b10100000000000000000000000000100 =
b110000011010 <
1*
10
#30980000
0*
00
#30985000
b0 '
b0 A
0(
b110 L
b10001 N
b101 E
b101 8
b100 6
b110000011011 <
1*
10
#30990000
0*
00
#30995000
b0 L
b110 E
b0 J
b1000010001 H
b101 6
b0 8
0+
b0 ,
b0 =
b110000011100 <
1*
10
#31000000
0*
00
#31005000
b1 L
b0 E
b110 6
b110000011101 <
1*
10
#31010000
0*
00
#31015000
1(
b1 E
b1 J
b1000010000 H
b10000 N
b0 6
b110000011110 <
1*
10
#31020000
0*
00
#31025000
b1 8
b1 6
b110000011111 <
1*
10
#31030000
0*
00
#31035000
b10 L
1+
b10 8
b110000100000 <
1*
10
#31040000
0*
00
#31045000
0%
b10 '
b10 A
b10000 )
b10000 @
b100 L
b10 E
b11 8
b110000100001 <
1*
10
#31050000
0*
00
#31055000
1%
b1000010000 )
b1000010000 @
b101 L
b100 E
b10 6
b100 8
b10100000000000000000000000000100 ,
b10100000000000000000000000000100 =
b110000100010 <
1*
10
#31060000
0*
00
#31065000
b0 '
b0 A
0(
b110 L
b10001 N
b101 E
b101 8
b100 6
b110000100011 <
1*
10
#31070000
0*
00
#31075000
b0 L
b110 E
b0 J
b1000010001 H
b101 6
b0 8
0+
b0 ,
b0 =
b110000100100 <
1*
10
#31080000
0*
00
#31085000
b1 L
b0 E
b110 6
b110000100101 <
1*
10
#31090000
0*
00
#31095000
1(
b1 E
b1 J
b1000010000 H
b10000 N
b0 6
b110000100110 <
1*
10
#31100000
0*
00
#31105000
b1 8
b1 6
b110000100111 <
1*
10
#31110000
0*
00
#31115000
b10 L
1+
b10 8
b110000101000 <
1*
10
#31120000
0*
00
#31125000
0%
b10 '
b10 A
b10000 )
b10000 @
b100 L
b10 E
b11 8
b110000101001 <
1*
10
#31130000
0*
00
#31135000
1%
b1000010000 )
b1000010000 @
b101 L
b100 E
b10 6
b100 8
b10100000000000000000000000000100 ,
b10100000000000000000000000000100 =
b110000101010 <
1*
10
#31140000
0*
00
#31145000
b0 '
b0 A
0(
b110 L
b10001 N
b101 E
b101 8
b100 6
b110000101011 <
1*
10
#31150000
0*
00
#31155000
b0 L
b110 E
b0 J
b1000010001 H
b101 6
b0 8
0+
b0 ,
b0 =
b110000101100 <
1*
10
#31160000
0*
00
#31165000
b1 L
b0 E
b110 6
b110000101101 <
1*
10
#31170000
0*
00
#31175000
1(
b1 E
b1 J
b1000010000 H
b10000 N
b0 6
b110000101110 <
1*
10
#31180000
0*
00
#31185000
b1 8
b1 6
b110000101111 <
1*
10
#31190000
0*
00
#31195000
b10 L
1+
b10 8
b110000110000 <
1*
10
#31200000
0*
00
#31205000
0%
b10 '
b10 A
b10000 )
b10000 @
b100 L
b10 E
b11 8
b110000110001 <
1*
10
#31210000
0*
00
#31215000
1%
b1000010000 )
b1000010000 @
b101 L
b100 E
b10 6
b100 8
b10100000000000000000000000000100 ,
b10100000000000000000000000000100 =
b110000110010 <
1*
10
#31220000
0*
00
#31225000
b0 '
b0 A
0(
b110 L
b10001 N
b101 E
b101 8
b100 6
b110000110011 <
1*
10
#31230000
0*
00
#31235000
b0 L
b110 E
b0 J
b1000010001 H
b101 6
b0 8
0+
b0 ,
b0 =
b110000110100 <
1*
10
#31240000
0*
00
#31245000
b1 L
b0 E
b110 6
b110000110101 <
1*
10
#31250000
0*
00
#31255000
1(
b1 E
b1 J
b1000010000 H
b10000 N
b0 6
b110000110110 <
1*
10
#31260000
0*
00
#31265000
b1 8
b1 6
b110000110111 <
1*
10
#31270000
0*
00
#31275000
b10 L
1+
b10 8
b110000111000 <
1*
10
#31280000
0*
00
#31285000
0%
b10 '
b10 A
b10000 )
b10000 @
b100 L
b10 E
b11 8
b110000111001 <
1*
10
#31290000
0*
00
#31295000
1%
b1000010000 )
b1000010000 @
b101 L
b100 E
b10 6
b100 8
b10100000000000000000000000000100 ,
b10100000000000000000000000000100 =
b110000111010 <
1*
10
#31300000
0*
00
#31305000
b0 '
b0 A
0(
b110 L
b10001 N
b101 E
b101 8
b100 6
b110000111011 <
1*
10
#31310000
0*
00
#31315000
b0 L
b110 E
b0 J
b1000010001 H
b101 6
b0 8
0+
b0 ,
b0 =
b110000111100 <
1*
10
#31320000
0*
00
#31325000
b1 L
b0 E
b110 6
b110000111101 <
1*
10
#31330000
0*
00
#31335000
1(
b1 E
b1 J
b1000010000 H
b10000 N
b0 6
b110000111110 <
1*
10
#31340000
0*
00
#31345000
b1 8
b1 6
b110000111111 <
1*
10
#31350000
0*
00
#31355000
b10 L
1+
b10 8
b110001000000 <
1*
10
#31360000
0*
00
#31365000
0%
b10 '
b10 A
b10000 )
b10000 @
b100 L
b10 E
b11 8
b110001000001 <
1*
10
#31370000
0*
00
#31375000
1%
b1000010000 )
b1000010000 @
b101 L
b100 E
b10 6
b100 8
b10100000000000000000000000000100 ,
b10100000000000000000000000000100 =
b110001000010 <
1*
10
#31380000
0*
00
#31385000
b0 '
b0 A
0(
b110 L
b10001 N
b101 E
b101 8
b100 6
b110001000011 <
1*
10
#31390000
0*
00
#31395000
b0 L
b110 E
b0 J
b1000010001 H
b101 6
b0 8
0+
b0 ,
b0 =
b110001000100 <
1*
10
#31400000
0*
00
#31405000
b1 L
b0 E
b110 6
b110001000101 <
1*
10
#31410000
0*
00
#31415000
1(
b1 E
b1 J
b1000010000 H
b10000 N
b0 6
b110001000110 <
1*
10
#31420000
0*
00
#31425000
b1 8
b1 6
b110001000111 <
1*
10
#31430000
0*
00
#31435000
b10 L
1+
b10 8
b110001001000 <
1*
10
#31440000
0*
00
#31445000
0%
b10 '
b10 A
b10000 )
b10000 @
b100 L
b10 E
b11 8
b110001001001 <
1*
10
#31450000
0*
00
#31455000
1%
b1000010000 )
b1000010000 @
b101 L
b100 E
b10 6
b100 8
b10100000000000000000000000000100 ,
b10100000000000000000000000000100 =
b110001001010 <
1*
10
#31460000
0*
00
#31465000
b0 '
b0 A
0(
b110 L
b10001 N
b101 E
b101 8
b100 6
b110001001011 <
1*
10
#31470000
0*
00
#31475000
b0 L
b110 E
b0 J
b1000010001 H
b101 6
b0 8
0+
b0 ,
b0 =
b110001001100 <
1*
10
#31480000
0*
00
#31485000
b1 L
b0 E
b110 6
b110001001101 <
1*
10
#31490000
0*
00
#31495000
1(
b1 E
b1 J
b1000010000 H
b10000 N
b0 6
b110001001110 <
1*
10
#31500000
0*
00
#31505000
b1 8
b1 6
b110001001111 <
1*
10
#31510000
0*
00
#31515000
b10 L
1+
b10 8
b110001010000 <
1*
10
#31520000
0*
00
#31525000
0%
b10 '
b10 A
b10000 )
b10000 @
b100 L
b10 E
b11 8
b110001010001 <
1*
10
#31530000
0*
00
#31535000
1%
b1000010000 )
b1000010000 @
b101 L
b100 E
b10 6
b100 8
b10100000000000000000000000000100 ,
b10100000000000000000000000000100 =
b110001010010 <
1*
10
#31540000
0*
00
#31545000
b0 '
b0 A
0(
b110 L
b10001 N
b101 E
b101 8
b100 6
b110001010011 <
1*
10
#31550000
0*
00
#31555000
b0 L
b110 E
b0 J
b1000010001 H
b101 6
b0 8
0+
b0 ,
b0 =
b110001010100 <
1*
10
#31560000
0*
00
#31565000
b1 L
b0 E
b110 6
b110001010101 <
1*
10
#31570000
0*
00
#31575000
1(
b1 E
b1 J
b1000010000 H
b10000 N
b0 6
b110001010110 <
1*
10
#31580000
0*
00
#31585000
b1 8
b1 6
b110001010111 <
1*
10
#31590000
0*
00
#31595000
b10 L
1+
b10 8
b110001011000 <
1*
10
#31600000
0*
00
#31605000
0%
b10 '
b10 A
b10000 )
b10000 @
b100 L
b10 E
b11 8
b110001011001 <
1*
10
#31610000
0*
00
#31615000
1%
b1000010000 )
b1000010000 @
b101 L
b100 E
b10 6
b100 8
b10100000000000000000000000000100 ,
b10100000000000000000000000000100 =
b110001011010 <
1*
10
#31620000
0*
00
#31625000
b0 '
b0 A
0(
b110 L
b10001 N
b101 E
b101 8
b100 6
b110001011011 <
1*
10
#31630000
0*
00
#31635000
b0 L
b110 E
b0 J
b1000010001 H
b101 6
b0 8
0+
b0 ,
b0 =
b110001011100 <
1*
10
#31640000
0*
00
#31645000
b1 L
b0 E
b110 6
b110001011101 <
1*
10
#31650000
0*
00
#31655000
1(
b1 E
b1 J
b1000010000 H
b10000 N
b0 6
b110001011110 <
1*
10
#31660000
0*
00
#31665000
b1 8
b1 6
b110001011111 <
1*
10
#31670000
0*
00
#31675000
b10 L
1+
b10 8
b110001100000 <
1*
10
#31680000
0*
00
#31685000
0%
b10 '
b10 A
b10000 )
b10000 @
b100 L
b10 E
b11 8
b110001100001 <
1*
10
#31690000
0*
00
#31695000
1%
b1000010000 )
b1000010000 @
b101 L
b100 E
b10 6
b100 8
b10100000000000000000000000000100 ,
b10100000000000000000000000000100 =
b110001100010 <
1*
10
#31700000
0*
00
#31705000
b0 '
b0 A
0(
b110 L
b10001 N
b101 E
b101 8
b100 6
b110001100011 <
1*
10
#31710000
0*
00
#31715000
b0 L
b110 E
b0 J
b1000010001 H
b101 6
b0 8
0+
b0 ,
b0 =
b110001100100 <
1*
10
#31720000
0*
00
#31725000
b1 L
b0 E
b110 6
b110001100101 <
1*
10
#31730000
0*
00
#31735000
1(
b1 E
b1 J
b1000010000 H
b10000 N
b0 6
b110001100110 <
1*
10
#31740000
0*
00
#31745000
b1 8
b1 6
b110001100111 <
1*
10
#31750000
0*
00
#31755000
b10 L
1+
b10 8
b110001101000 <
1*
10
#31760000
0*
00
#31765000
0%
b10 '
b10 A
b10000 )
b10000 @
b100 L
b10 E
b11 8
b110001101001 <
1*
10
#31770000
0*
00
#31775000
1%
b1000010000 )
b1000010000 @
b101 L
b100 E
b10 6
b100 8
b10100000000000000000000000000100 ,
b10100000000000000000000000000100 =
b110001101010 <
1*
10
#31780000
0*
00
#31785000
b0 '
b0 A
0(
b110 L
b10001 N
b101 E
b101 8
b100 6
b110001101011 <
1*
10
#31790000
0*
00
#31795000
b0 L
b110 E
b0 J
b1000010001 H
b101 6
b0 8
0+
b0 ,
b0 =
b110001101100 <
1*
10
#31800000
0*
00
#31805000
b1 L
b0 E
b110 6
b110001101101 <
1*
10
#31810000
0*
00
#31815000
1(
b1 E
b1 J
b1000010000 H
b10000 N
b0 6
b110001101110 <
1*
10
#31820000
0*
00
#31825000
b1 8
b1 6
b110001101111 <
1*
10
#31830000
0*
00
#31835000
b10 L
1+
b10 8
b110001110000 <
1*
10
#31840000
0*
00
#31845000
0%
b10 '
b10 A
b10000 )
b10000 @
b100 L
b10 E
b11 8
b110001110001 <
1*
10
#31850000
0*
00
#31855000
1%
b1000010000 )
b1000010000 @
b101 L
b100 E
b10 6
b100 8
b10100000000000000000000000000100 ,
b10100000000000000000000000000100 =
b110001110010 <
1*
10
#31860000
0*
00
#31865000
b0 '
b0 A
0(
b110 L
b10001 N
b101 E
b101 8
b100 6
b110001110011 <
1*
10
#31870000
0*
00
#31875000
b0 L
b110 E
b0 J
b1000010001 H
b101 6
b0 8
0+
b0 ,
b0 =
b110001110100 <
1*
10
#31880000
0*
00
#31885000
b1 L
b0 E
b110 6
b110001110101 <
1*
10
#31890000
0*
00
#31895000
1(
b1 E
b1 J
b1000010000 H
b10000 N
b0 6
b110001110110 <
1*
10
#31900000
0*
00
#31905000
b1 8
b1 6
b110001110111 <
1*
10
#31910000
0*
00
#31915000
b10 L
1+
b10 8
b110001111000 <
1*
10
#31920000
0*
00
#31925000
0%
b10 '
b10 A
b10000 )
b10000 @
b100 L
b10 E
b11 8
b110001111001 <
1*
10
#31930000
0*
00
#31935000
1%
b1000010000 )
b1000010000 @
b101 L
b100 E
b10 6
b100 8
b10100000000000000000000000000100 ,
b10100000000000000000000000000100 =
b110001111010 <
1*
10
#31940000
0*
00
#31945000
b0 '
b0 A
0(
b110 L
b10001 N
b101 E
b101 8
b100 6
b110001111011 <
1*
10
#31950000
0*
00
#31955000
b0 L
b110 E
b0 J
b1000010001 H
b101 6
b0 8
0+
b0 ,
b0 =
b110001111100 <
1*
10
#31960000
0*
00
#31965000
b1 L
b0 E
b110 6
b110001111101 <
1*
10
#31970000
0*
00
#31975000
1(
b1 E
b1 J
b1000010000 H
b10000 N
b0 6
b110001111110 <
1*
10
#31980000
0*
00
#31985000
b1 8
b1 6
b110001111111 <
1*
10
#31990000
0*
00
#31995000
b10 L
1+
b10 8
b110010000000 <
1*
10
#32000000
0*
00
#32005000
0%
b10 '
b10 A
b10000 )
b10000 @
b100 L
b10 E
b11 8
b110010000001 <
1*
10
#32010000
0*
00
#32015000
1%
b1000010000 )
b1000010000 @
b101 L
b100 E
b10 6
b100 8
b10100000000000000000000000000100 ,
b10100000000000000000000000000100 =
b110010000010 <
1*
10
#32020000
0*
00
#32025000
b0 '
b0 A
0(
b110 L
b10001 N
b101 E
b101 8
b100 6
b110010000011 <
1*
10
#32030000
0*
00
#32035000
b0 L
b110 E
b0 J
b1000010001 H
b101 6
b0 8
0+
b0 ,
b0 =
b110010000100 <
1*
10
#32040000
0*
00
#32045000
b1 L
b0 E
b110 6
b110010000101 <
1*
10
#32050000
0*
00
#32055000
1(
b1 E
b1 J
b1000010000 H
b10000 N
b0 6
b110010000110 <
1*
10
#32060000
0*
00
#32065000
b1 8
b1 6
b110010000111 <
1*
10
#32070000
0*
00
#32075000
b10 L
1+
b10 8
b110010001000 <
1*
10
#32080000
0*
00
#32085000
0%
b10 '
b10 A
b10000 )
b10000 @
b100 L
b10 E
b11 8
b110010001001 <
1*
10
#32090000
0*
00
#32095000
1%
b1000010000 )
b1000010000 @
b101 L
b100 E
b10 6
b100 8
b10100000000000000000000000000100 ,
b10100000000000000000000000000100 =
b110010001010 <
1*
10
#32100000
0*
00
#32105000
b0 '
b0 A
0(
b110 L
b10001 N
b101 E
b101 8
b100 6
b110010001011 <
1*
10
#32110000
0*
00
#32115000
b0 L
b110 E
b0 J
b1000010001 H
b101 6
b0 8
0+
b0 ,
b0 =
b110010001100 <
1*
10
#32120000
0*
00
#32125000
b1 L
b0 E
b110 6
b110010001101 <
1*
10
#32130000
0*
00
#32135000
1(
b1 E
b1 J
b1000010000 H
b10000 N
b0 6
b110010001110 <
1*
10
#32140000
0*
00
#32145000
b1 8
b1 6
b110010001111 <
1*
10
#32150000
0*
00
#32155000
b10 L
1+
b10 8
b110010010000 <
1*
10
#32160000
0*
00
#32165000
0%
b10 '
b10 A
b10000 )
b10000 @
b100 L
b10 E
b11 8
b110010010001 <
1*
10
#32170000
0*
00
#32175000
1%
b1000010000 )
b1000010000 @
b101 L
b100 E
b10 6
b100 8
b10100000000000000000000000000100 ,
b10100000000000000000000000000100 =
b110010010010 <
1*
10
#32180000
0*
00
#32185000
b0 '
b0 A
0(
b110 L
b10001 N
b101 E
b101 8
b100 6
b110010010011 <
1*
10
#32190000
0*
00
#32195000
b0 L
b110 E
b0 J
b1000010001 H
b101 6
b0 8
0+
b0 ,
b0 =
b110010010100 <
1*
10
#32200000
0*
00
#32205000
b1 L
b0 E
b110 6
b110010010101 <
1*
10
#32210000
0*
00
#32215000
1(
b1 E
b1 J
b1000010000 H
b10000 N
b0 6
b110010010110 <
1*
10
#32220000
0*
00
#32225000
b1 8
b1 6
b110010010111 <
1*
10
#32230000
0*
00
#32235000
b10 L
1+
b10 8
b110010011000 <
1*
10
#32240000
0*
00
#32245000
0%
b10 '
b10 A
b10000 )
b10000 @
b100 L
b10 E
b11 8
b110010011001 <
1*
10
#32250000
0*
00
#32255000
1%
b1000010000 )
b1000010000 @
b101 L
b100 E
b10 6
b100 8
b10100000000000000000000000000100 ,
b10100000000000000000000000000100 =
b110010011010 <
1*
10
#32260000
0*
00
#32265000
b0 '
b0 A
0(
b110 L
b10001 N
b101 E
b101 8
b100 6
b110010011011 <
1*
10
#32270000
0*
00
#32275000
b0 L
b110 E
b0 J
b1000010001 H
b101 6
b0 8
0+
b0 ,
b0 =
b110010011100 <
1*
10
#32280000
0*
00
#32285000
b1 L
b0 E
b110 6
b110010011101 <
1*
10
#32290000
0*
00
#32295000
1(
b1 E
b1 J
b1000010000 H
b10000 N
b0 6
b110010011110 <
1*
10
#32300000
0*
00
#32305000
b1 8
b1 6
b110010011111 <
1*
10
#32310000
0*
00
#32315000
b10 L
1+
b10 8
b110010100000 <
1*
10
#32320000
0*
00
#32325000
0%
b10 '
b10 A
b10000 )
b10000 @
b100 L
b10 E
b11 8
b110010100001 <
1*
10
#32330000
0*
00
#32335000
1%
b1000010000 )
b1000010000 @
b101 L
b100 E
b10 6
b100 8
b10100000000000000000000000000100 ,
b10100000000000000000000000000100 =
b110010100010 <
1*
10
#32340000
0*
00
#32345000
b0 '
b0 A
0(
b110 L
b10001 N
b101 E
b101 8
b100 6
b110010100011 <
1*
10
#32350000
0*
00
#32355000
b0 L
b110 E
b0 J
b1000010001 H
b101 6
b0 8
0+
b0 ,
b0 =
b110010100100 <
1*
10
#32360000
0*
00
#32365000
b1 L
b0 E
b110 6
b110010100101 <
1*
10
#32370000
0*
00
#32375000
1(
b1 E
b1 J
b1000010000 H
b10000 N
b0 6
b110010100110 <
1*
10
#32380000
0*
00
#32385000
b1 8
b1 6
b110010100111 <
1*
10
#32390000
0*
00
#32395000
b10 L
1+
b10 8
b110010101000 <
1*
10
#32400000
0*
00
#32405000
0%
b10 '
b10 A
b10000 )
b10000 @
b100 L
b10 E
b11 8
b110010101001 <
1*
10
#32410000
0*
00
#32415000
1%
b1000010000 )
b1000010000 @
b101 L
b100 E
b10 6
b100 8
b10100000000000000000000000000100 ,
b10100000000000000000000000000100 =
b110010101010 <
1*
10
#32420000
0*
00
#32425000
b0 '
b0 A
0(
b110 L
b10001 N
b101 E
b101 8
b100 6
b110010101011 <
1*
10
#32430000
0*
00
#32435000
b0 L
b110 E
b0 J
b1000010001 H
b101 6
b0 8
0+
b0 ,
b0 =
b110010101100 <
1*
10
#32440000
0*
00
#32445000
b1 L
b0 E
b110 6
b110010101101 <
1*
10
#32450000
0*
00
#32455000
1(
b1 E
b1 J
b1000010000 H
b10000 N
b0 6
b110010101110 <
1*
10
#32460000
0*
00
#32465000
b1 8
b1 6
b110010101111 <
1*
10
#32470000
0*
00
#32475000
b10 L
1+
b10 8
b110010110000 <
1*
10
#32480000
0*
00
#32485000
0%
b10 '
b10 A
b10000 )
b10000 @
b100 L
b10 E
b11 8
b110010110001 <
1*
10
#32490000
0*
00
#32495000
1%
b1000010000 )
b1000010000 @
b101 L
b100 E
b10 6
b100 8
b10100000000000000000000000000100 ,
b10100000000000000000000000000100 =
b110010110010 <
1*
10
#32500000
0*
00
#32505000
b0 '
b0 A
0(
b110 L
b10001 N
b101 E
b101 8
b100 6
b110010110011 <
1*
10
#32510000
0*
00
#32515000
b0 L
b110 E
b0 J
b1000010001 H
b101 6
b0 8
0+
b0 ,
b0 =
b110010110100 <
1*
10
#32520000
0*
00
#32525000
b1 L
b0 E
b110 6
b110010110101 <
1*
10
#32530000
0*
00
#32535000
1(
b1 E
b1 J
b1000010000 H
b10000 N
b0 6
b110010110110 <
1*
10
#32540000
0*
00
#32545000
b1 8
b1 6
b110010110111 <
1*
10
#32550000
0*
00
#32555000
b10 L
1+
b10 8
b110010111000 <
1*
10
#32560000
0*
00
#32565000
0%
b10 '
b10 A
b10000 )
b10000 @
b100 L
b10 E
b11 8
b110010111001 <
1*
10
#32570000
0*
00
#32575000
1%
b1000010000 )
b1000010000 @
b101 L
b100 E
b10 6
b100 8
b10100000000000000000000000000100 ,
b10100000000000000000000000000100 =
b110010111010 <
1*
10
#32580000
0*
00
#32585000
b0 '
b0 A
0(
b110 L
b10001 N
b101 E
b101 8
b100 6
b110010111011 <
1*
10
#32590000
0*
00
#32595000
b0 L
b110 E
b0 J
b1000010001 H
b101 6
b0 8
0+
b0 ,
b0 =
b110010111100 <
1*
10
#32600000
0*
00
#32605000
b1 L
b0 E
b110 6
b110010111101 <
1*
10
#32610000
0*
00
#32615000
1(
b1 E
b1 J
b1000010000 H
b10000 N
b0 6
b110010111110 <
1*
10
#32620000
0*
00
#32625000
b1 8
b1 6
b110010111111 <
1*
10
#32630000
0*
00
#32635000
b10 L
1+
b10 8
b110011000000 <
1*
10
#32640000
0*
00
#32645000
0%
b10 '
b10 A
b10000 )
b10000 @
b100 L
b10 E
b11 8
b110011000001 <
1*
10
#32650000
0*
00
#32655000
1%
b1000010000 )
b1000010000 @
b101 L
b100 E
b10 6
b100 8
b10100000000000000000000000000100 ,
b10100000000000000000000000000100 =
b110011000010 <
1*
10
#32660000
0*
00
#32665000
b0 '
b0 A
0(
b110 L
b10001 N
b101 E
b101 8
b100 6
b110011000011 <
1*
10
#32670000
0*
00
#32675000
b0 L
b110 E
b0 J
b1000010001 H
b101 6
b0 8
0+
b0 ,
b0 =
b110011000100 <
1*
10
#32680000
0*
00
#32685000
b1 L
b0 E
b110 6
b110011000101 <
1*
10
#32690000
0*
00
#32695000
1(
b1 E
b1 J
b1000010000 H
b10000 N
b0 6
b110011000110 <
1*
10
#32700000
0*
00
#32705000
b1 8
b1 6
b110011000111 <
1*
10
#32710000
0*
00
#32715000
b10 L
1+
b10 8
b110011001000 <
1*
10
#32720000
0*
00
#32725000
0%
b10 '
b10 A
b10000 )
b10000 @
b100 L
b10 E
b11 8
b110011001001 <
1*
10
#32730000
0*
00
#32735000
1%
b1000010000 )
b1000010000 @
b101 L
b100 E
b10 6
b100 8
b10100000000000000000000000000100 ,
b10100000000000000000000000000100 =
b110011001010 <
1*
10
#32740000
0*
00
#32745000
b0 '
b0 A
0(
b110 L
b10001 N
b101 E
b101 8
b100 6
b110011001011 <
1*
10
#32750000
0*
00
#32755000
b0 L
b110 E
b0 J
b1000010001 H
b101 6
b0 8
0+
b0 ,
b0 =
b110011001100 <
1*
10
#32760000
0*
00
#32765000
b1 L
b0 E
b110 6
b110011001101 <
1*
10
#32770000
0*
00
#32775000
1(
b1 E
b1 J
b1000010000 H
b10000 N
b0 6
b110011001110 <
1*
10
#32780000
0*
00
#32785000
b1 8
b1 6
b110011001111 <
1*
10
#32790000
0*
00
#32795000
b10 L
1+
b10 8
b110011010000 <
1*
10
#32800000
0*
00
#32805000
0%
b10 '
b10 A
b10000 )
b10000 @
b100 L
b10 E
b11 8
b110011010001 <
1*
10
#32810000
0*
00
#32815000
1%
b1000010000 )
b1000010000 @
b101 L
b100 E
b10 6
b100 8
b10100000000000000000000000000100 ,
b10100000000000000000000000000100 =
b110011010010 <
1*
10
#32820000
0*
00
#32825000
b0 '
b0 A
0(
b110 L
b10001 N
b101 E
b101 8
b100 6
b110011010011 <
1*
10
#32830000
0*
00
#32835000
b0 L
b110 E
b0 J
b1000010001 H
b101 6
b0 8
0+
b0 ,
b0 =
b110011010100 <
1*
10
#32840000
0*
00
#32845000
b1 L
b0 E
b110 6
b110011010101 <
1*
10
#32850000
0*
00
#32855000
1(
b1 E
b1 J
b1000010000 H
b10000 N
b0 6
b110011010110 <
1*
10
#32860000
0*
00
#32865000
b1 8
b1 6
b110011010111 <
1*
10
#32870000
0*
00
#32875000
b10 L
1+
b10 8
b110011011000 <
1*
10
#32880000
0*
00
#32885000
0%
b10 '
b10 A
b10000 )
b10000 @
b100 L
b10 E
b11 8
b110011011001 <
1*
10
#32890000
0*
00
#32895000
1%
b1000010000 )
b1000010000 @
b101 L
b100 E
b10 6
b100 8
b10100000000000000000000000000100 ,
b10100000000000000000000000000100 =
b110011011010 <
1*
10
#32900000
0*
00
#32905000
b0 '
b0 A
0(
b110 L
b10001 N
b101 E
b101 8
b100 6
b110011011011 <
1*
10
#32910000
0*
00
#32915000
b0 L
b110 E
b0 J
b1000010001 H
b101 6
b0 8
0+
b0 ,
b0 =
b110011011100 <
1*
10
#32920000
0*
00
#32925000
b1 L
b0 E
b110 6
b110011011101 <
1*
10
#32930000
0*
00
#32935000
1(
b1 E
b1 J
b1000010000 H
b10000 N
b0 6
b110011011110 <
1*
10
#32940000
0*
00
#32945000
b1 8
b1 6
b110011011111 <
1*
10
#32950000
0*
00
#32955000
b10 L
1+
b10 8
b110011100000 <
1*
10
#32960000
0*
00
#32965000
0%
b10 '
b10 A
b10000 )
b10000 @
b100 L
b10 E
b11 8
b110011100001 <
1*
10
#32970000
0*
00
#32975000
1%
b1000010000 )
b1000010000 @
b101 L
b100 E
b10 6
b100 8
b10100000000000000000000000000100 ,
b10100000000000000000000000000100 =
b110011100010 <
1*
10
#32980000
0*
00
#32985000
b0 '
b0 A
0(
b110 L
b10001 N
b101 E
b101 8
b100 6
b110011100011 <
1*
10
#32990000
0*
00
#32995000
b0 L
b110 E
b0 J
b1000010001 H
b101 6
b0 8
0+
b0 ,
b0 =
b110011100100 <
1*
10
#33000000
0*
00
#33005000
b1 L
b0 E
b110 6
b110011100101 <
1*
10
#33010000
0*
00
#33015000
1(
b1 E
b1 J
b1000010000 H
b10000 N
b0 6
b110011100110 <
1*
10
#33020000
0*
00
#33025000
b1 8
b1 6
b110011100111 <
1*
10
#33030000
0*
00
#33035000
b10 L
1+
b10 8
b110011101000 <
1*
10
#33040000
0*
00
#33045000
0%
b10 '
b10 A
b10000 )
b10000 @
b100 L
b10 E
b11 8
b110011101001 <
1*
10
#33050000
0*
00
#33055000
1%
b1000010000 )
b1000010000 @
b101 L
b100 E
b10 6
b100 8
b10100000000000000000000000000100 ,
b10100000000000000000000000000100 =
b110011101010 <
1*
10
#33060000
0*
00
#33065000
b0 '
b0 A
0(
b110 L
b10001 N
b101 E
b101 8
b100 6
b110011101011 <
1*
10
#33070000
0*
00
#33075000
b0 L
b110 E
b0 J
b1000010001 H
b101 6
b0 8
0+
b0 ,
b0 =
b110011101100 <
1*
10
#33080000
0*
00
#33085000
b1 L
b0 E
b110 6
b110011101101 <
1*
10
#33090000
0*
00
#33095000
1(
b1 E
b1 J
b1000010000 H
b10000 N
b0 6
b110011101110 <
1*
10
#33100000
0*
00
#33105000
b1 8
b1 6
b110011101111 <
1*
10
#33110000
0*
00
#33115000
b10 L
1+
b10 8
b110011110000 <
1*
10
#33120000
0*
00
#33125000
0%
b10 '
b10 A
b10000 )
b10000 @
b100 L
b10 E
b11 8
b110011110001 <
1*
10
#33130000
0*
00
#33135000
1%
b1000010000 )
b1000010000 @
b101 L
b100 E
b10 6
b100 8
b10100000000000000000000000000100 ,
b10100000000000000000000000000100 =
b110011110010 <
1*
10
#33140000
0*
00
#33145000
b0 '
b0 A
0(
b110 L
b10001 N
b101 E
b101 8
b100 6
b110011110011 <
1*
10
#33150000
0*
00
#33155000
b0 L
b110 E
b0 J
b1000010001 H
b101 6
b0 8
0+
b0 ,
b0 =
b110011110100 <
1*
10
#33160000
0*
00
#33165000
b1 L
b0 E
b110 6
b110011110101 <
1*
10
#33170000
0*
00
#33175000
1(
b1 E
b1 J
b1000010000 H
b10000 N
b0 6
b110011110110 <
1*
10
#33180000
0*
00
#33185000
b1 8
b1 6
b110011110111 <
1*
10
#33190000
0*
00
#33195000
b10 L
1+
b10 8
b110011111000 <
1*
10
#33200000
0*
00
#33205000
0%
b10 '
b10 A
b10000 )
b10000 @
b100 L
b10 E
b11 8
b110011111001 <
1*
10
#33210000
0*
00
#33215000
1%
b1000010000 )
b1000010000 @
b101 L
b100 E
b10 6
b100 8
b10100000000000000000000000000100 ,
b10100000000000000000000000000100 =
b110011111010 <
1*
10
#33220000
0*
00
#33225000
b0 '
b0 A
0(
b110 L
b10001 N
b101 E
b101 8
b100 6
b110011111011 <
1*
10
#33230000
0*
00
#33235000
b0 L
b110 E
b0 J
b1000010001 H
b101 6
b0 8
0+
b0 ,
b0 =
b110011111100 <
1*
10
#33240000
0*
00
#33245000
b1 L
b0 E
b110 6
b110011111101 <
1*
10
#33250000
0*
00
#33255000
1(
b1 E
b1 J
b1000010000 H
b10000 N
b0 6
b110011111110 <
1*
10
#33260000
0*
00
#33265000
b1 8
b1 6
b110011111111 <
1*
10
#33270000
0*
00
#33275000
b10 L
1+
b10 8
b110100000000 <
1*
10
#33280000
0*
00
#33285000
0%
b10 '
b10 A
b10000 )
b10000 @
b100 L
b10 E
b11 8
b110100000001 <
1*
10
#33290000
0*
00
#33295000
1%
b1000010000 )
b1000010000 @
b101 L
b100 E
b10 6
b100 8
b10100000000000000000000000000100 ,
b10100000000000000000000000000100 =
b110100000010 <
1*
10
#33300000
0*
00
#33305000
b0 '
b0 A
0(
b110 L
b10001 N
b101 E
b101 8
b100 6
b110100000011 <
1*
10
#33310000
0*
00
#33315000
b0 L
b110 E
b0 J
b1000010001 H
b101 6
b0 8
0+
b0 ,
b0 =
b110100000100 <
1*
10
#33320000
0*
00
#33325000
b1 L
b0 E
b110 6
b110100000101 <
1*
10
#33330000
0*
00
#33335000
1(
b1 E
b1 J
b1000010000 H
b10000 N
b0 6
b110100000110 <
1*
10
#33340000
0*
00
#33345000
b1 8
b1 6
b110100000111 <
1*
10
#33350000
0*
00
#33355000
b10 L
1+
b10 8
b110100001000 <
1*
10
#33360000
0*
00
#33365000
0%
b10 '
b10 A
b10000 )
b10000 @
b100 L
b10 E
b11 8
b110100001001 <
1*
10
#33370000
0*
00
#33375000
1%
b1000010000 )
b1000010000 @
b101 L
b100 E
b10 6
b100 8
b10100000000000000000000000000100 ,
b10100000000000000000000000000100 =
b110100001010 <
1*
10
#33380000
0*
00
#33385000
b0 '
b0 A
0(
b110 L
b10001 N
b101 E
b101 8
b100 6
b110100001011 <
1*
10
#33390000
0*
00
#33395000
b0 L
b110 E
b0 J
b1000010001 H
b101 6
b0 8
0+
b0 ,
b0 =
b110100001100 <
1*
10
#33400000
0*
00
#33405000
b1 L
b0 E
b110 6
b110100001101 <
1*
10
#33410000
0*
00
#33415000
1(
b1 E
b1 J
b1000010000 H
b10000 N
b0 6
b110100001110 <
1*
10
#33420000
0*
00
#33425000
b1 8
b1 6
b110100001111 <
1*
10
#33430000
0*
00
#33435000
b10 L
1+
b10 8
b110100010000 <
1*
10
#33440000
0*
00
#33445000
0%
b10 '
b10 A
b10000 )
b10000 @
b100 L
b10 E
b11 8
b110100010001 <
1*
10
#33450000
0*
00
#33455000
1%
b1000010000 )
b1000010000 @
b101 L
b100 E
b10 6
b100 8
b10100000000000000000000000000100 ,
b10100000000000000000000000000100 =
b110100010010 <
1*
10
#33460000
0*
00
#33465000
b0 '
b0 A
0(
b110 L
b10001 N
b101 E
b101 8
b100 6
b110100010011 <
1*
10
#33470000
0*
00
#33475000
b0 L
b110 E
b0 J
b1000010001 H
b101 6
b0 8
0+
b0 ,
b0 =
b110100010100 <
1*
10
#33480000
0*
00
#33485000
b1 L
b0 E
b110 6
b110100010101 <
1*
10
#33490000
0*
00
#33495000
1(
b1 E
b1 J
b1000010000 H
b10000 N
b0 6
b110100010110 <
1*
10
#33500000
0*
00
#33505000
b1 8
b1 6
b110100010111 <
1*
10
#33510000
0*
00
#33515000
b10 L
1+
b10 8
b110100011000 <
1*
10
#33520000
0*
00
#33525000
0%
b10 '
b10 A
b10000 )
b10000 @
b100 L
b10 E
b11 8
b110100011001 <
1*
10
#33530000
0*
00
#33535000
1%
b1000010000 )
b1000010000 @
b101 L
b100 E
b10 6
b100 8
b10100000000000000000000000000100 ,
b10100000000000000000000000000100 =
b110100011010 <
1*
10
#33540000
0*
00
#33545000
b0 '
b0 A
0(
b110 L
b10001 N
b101 E
b101 8
b100 6
b110100011011 <
1*
10
#33550000
0*
00
#33555000
b0 L
b110 E
b0 J
b1000010001 H
b101 6
b0 8
0+
b0 ,
b0 =
b110100011100 <
1*
10
#33560000
0*
00
#33565000
b1 L
b0 E
b110 6
b110100011101 <
1*
10
#33570000
0*
00
#33575000
1(
b1 E
b1 J
b1000010000 H
b10000 N
b0 6
b110100011110 <
1*
10
#33580000
0*
00
#33585000
b1 8
b1 6
b110100011111 <
1*
10
#33590000
0*
00
#33595000
b10 L
1+
b10 8
b110100100000 <
1*
10
#33600000
0*
00
#33605000
0%
b10 '
b10 A
b10000 )
b10000 @
b100 L
b10 E
b11 8
b110100100001 <
1*
10
#33610000
0*
00
#33615000
1%
b1000010000 )
b1000010000 @
b101 L
b100 E
b10 6
b100 8
b10100000000000000000000000000100 ,
b10100000000000000000000000000100 =
b110100100010 <
1*
10
#33620000
0*
00
#33625000
b0 '
b0 A
0(
b110 L
b10001 N
b101 E
b101 8
b100 6
b110100100011 <
1*
10
#33630000
0*
00
#33635000
b0 L
b110 E
b0 J
b1000010001 H
b101 6
b0 8
0+
b0 ,
b0 =
b110100100100 <
1*
10
#33640000
0*
00
#33645000
b1 L
b0 E
b110 6
b110100100101 <
1*
10
#33650000
0*
00
#33655000
1(
b1 E
b1 J
b1000010000 H
b10000 N
b0 6
b110100100110 <
1*
10
#33660000
0*
00
#33665000
b1 8
b1 6
b110100100111 <
1*
10
#33670000
0*
00
#33675000
b10 L
1+
b10 8
b110100101000 <
1*
10
#33680000
0*
00
#33685000
0%
b10 '
b10 A
b10000 )
b10000 @
b100 L
b10 E
b11 8
b110100101001 <
1*
10
#33690000
0*
00
#33695000
1%
b1000010000 )
b1000010000 @
b101 L
b100 E
b10 6
b100 8
b10100000000000000000000000000100 ,
b10100000000000000000000000000100 =
b110100101010 <
1*
10
#33700000
0*
00
#33705000
b0 '
b0 A
0(
b110 L
b10001 N
b101 E
b101 8
b100 6
b110100101011 <
1*
10
#33710000
0*
00
#33715000
b0 L
b110 E
b0 J
b1000010001 H
b101 6
b0 8
0+
b0 ,
b0 =
b110100101100 <
1*
10
#33720000
0*
00
#33725000
b1 L
b0 E
b110 6
b110100101101 <
1*
10
#33730000
0*
00
#33735000
1(
b1 E
b1 J
b1000010000 H
b10000 N
b0 6
b110100101110 <
1*
10
#33740000
0*
00
#33745000
b1 8
b1 6
b110100101111 <
1*
10
#33750000
0*
00
#33755000
b10 L
1+
b10 8
b110100110000 <
1*
10
#33760000
0*
00
#33765000
0%
b10 '
b10 A
b10000 )
b10000 @
b100 L
b10 E
b11 8
b110100110001 <
1*
10
#33770000
0*
00
#33775000
1%
b1000010000 )
b1000010000 @
b101 L
b100 E
b10 6
b100 8
b10100000000000000000000000000100 ,
b10100000000000000000000000000100 =
b110100110010 <
1*
10
#33780000
0*
00
#33785000
b0 '
b0 A
0(
b110 L
b10001 N
b101 E
b101 8
b100 6
b110100110011 <
1*
10
#33790000
0*
00
#33795000
b0 L
b110 E
b0 J
b1000010001 H
b101 6
b0 8
0+
b0 ,
b0 =
b110100110100 <
1*
10
#33800000
0*
00
#33805000
b1 L
b0 E
b110 6
b110100110101 <
1*
10
#33810000
0*
00
#33815000
1(
b1 E
b1 J
b1000010000 H
b10000 N
b0 6
b110100110110 <
1*
10
#33820000
0*
00
#33825000
b1 8
b1 6
b110100110111 <
1*
10
#33830000
0*
00
#33835000
b10 L
1+
b10 8
b110100111000 <
1*
10
#33840000
0*
00
#33845000
0%
b10 '
b10 A
b10000 )
b10000 @
b100 L
b10 E
b11 8
b110100111001 <
1*
10
#33850000
0*
00
#33855000
1%
b1000010000 )
b1000010000 @
b101 L
b100 E
b10 6
b100 8
b10100000000000000000000000000100 ,
b10100000000000000000000000000100 =
b110100111010 <
1*
10
#33860000
0*
00
#33865000
b0 '
b0 A
0(
b110 L
b10001 N
b101 E
b101 8
b100 6
b110100111011 <
1*
10
#33870000
0*
00
#33875000
b0 L
b110 E
b0 J
b1000010001 H
b101 6
b0 8
0+
b0 ,
b0 =
b110100111100 <
1*
10
#33880000
0*
00
#33885000
b1 L
b0 E
b110 6
b110100111101 <
1*
10
#33890000
0*
00
#33895000
1(
b1 E
b1 J
b1000010000 H
b10000 N
b0 6
b110100111110 <
1*
10
#33900000
0*
00
#33905000
b1 8
b1 6
b110100111111 <
1*
10
#33910000
0*
00
#33915000
b10 L
1+
b10 8
b110101000000 <
1*
10
#33920000
0*
00
#33925000
0%
b10 '
b10 A
b10000 )
b10000 @
b100 L
b10 E
b11 8
b110101000001 <
1*
10
#33930000
0*
00
#33935000
1%
b1000010000 )
b1000010000 @
b101 L
b100 E
b10 6
b100 8
b10100000000000000000000000000100 ,
b10100000000000000000000000000100 =
b110101000010 <
1*
10
#33940000
0*
00
#33945000
b0 '
b0 A
0(
b110 L
b10001 N
b101 E
b101 8
b100 6
b110101000011 <
1*
10
#33950000
0*
00
#33955000
b0 L
b110 E
b0 J
b1000010001 H
b101 6
b0 8
0+
b0 ,
b0 =
b110101000100 <
1*
10
#33960000
0*
00
#33965000
b1 L
b0 E
b110 6
b110101000101 <
1*
10
#33970000
0*
00
#33975000
1(
b1 E
b1 J
b1000010000 H
b10000 N
b0 6
b110101000110 <
1*
10
#33980000
0*
00
#33985000
b1 8
b1 6
b110101000111 <
1*
10
#33990000
0*
00
#33995000
b10 L
1+
b10 8
b110101001000 <
1*
10
#34000000
0*
00
#34005000
0%
b10 '
b10 A
b10000 )
b10000 @
b100 L
b10 E
b11 8
b110101001001 <
1*
10
#34010000
0*
00
#34015000
1%
b1000010000 )
b1000010000 @
b101 L
b100 E
b10 6
b100 8
b10100000000000000000000000000100 ,
b10100000000000000000000000000100 =
b110101001010 <
1*
10
#34020000
0*
00
#34025000
b0 '
b0 A
0(
b110 L
b10001 N
b101 E
b101 8
b100 6
b110101001011 <
1*
10
#34030000
0*
00
#34035000
b0 L
b110 E
b0 J
b1000010001 H
b101 6
b0 8
0+
b0 ,
b0 =
b110101001100 <
1*
10
#34040000
0*
00
#34045000
b1 L
b0 E
b110 6
b110101001101 <
1*
10
#34050000
0*
00
#34055000
1(
b1 E
b1 J
b1000010000 H
b10000 N
b0 6
b110101001110 <
1*
10
#34060000
0*
00
#34065000
b1 8
b1 6
b110101001111 <
1*
10
#34070000
0*
00
#34075000
b10 L
1+
b10 8
b110101010000 <
1*
10
#34080000
0*
00
#34085000
0%
b10 '
b10 A
b10000 )
b10000 @
b100 L
b10 E
b11 8
b110101010001 <
1*
10
#34090000
0*
00
#34095000
1%
b1000010000 )
b1000010000 @
b101 L
b100 E
b10 6
b100 8
b10100000000000000000000000000100 ,
b10100000000000000000000000000100 =
b110101010010 <
1*
10
#34100000
0*
00
#34105000
b0 '
b0 A
0(
b110 L
b10001 N
b101 E
b101 8
b100 6
b110101010011 <
1*
10
#34110000
0*
00
#34115000
b0 L
b110 E
b0 J
b1000010001 H
b101 6
b0 8
0+
b0 ,
b0 =
b110101010100 <
1*
10
#34120000
0*
00
#34125000
b1 L
b0 E
b110 6
b110101010101 <
1*
10
#34130000
0*
00
#34135000
1(
b1 E
b1 J
b1000010000 H
b10000 N
b0 6
b110101010110 <
1*
10
#34140000
0*
00
#34145000
b1 8
b1 6
b110101010111 <
1*
10
#34150000
0*
00
#34155000
b10 L
1+
b10 8
b110101011000 <
1*
10
#34160000
0*
00
#34165000
0%
b10 '
b10 A
b10000 )
b10000 @
b100 L
b10 E
b11 8
b110101011001 <
1*
10
#34170000
0*
00
#34175000
1%
b1000010000 )
b1000010000 @
b101 L
b100 E
b10 6
b100 8
b10100000000000000000000000000100 ,
b10100000000000000000000000000100 =
b110101011010 <
1*
10
#34180000
0*
00
#34185000
b0 '
b0 A
0(
b110 L
b10001 N
b101 E
b101 8
b100 6
b110101011011 <
1*
10
#34190000
0*
00
#34195000
b0 L
b110 E
b0 J
b1000010001 H
b101 6
b0 8
0+
b0 ,
b0 =
b110101011100 <
1*
10
#34200000
0*
00
#34205000
b1 L
b0 E
b110 6
b110101011101 <
1*
10
#34210000
0*
00
#34215000
1(
b1 E
b1 J
b1000010000 H
b10000 N
b0 6
b110101011110 <
1*
10
#34220000
0*
00
#34225000
b1 8
b1 6
b110101011111 <
1*
10
#34230000
0*
00
#34235000
b10 L
1+
b10 8
b110101100000 <
1*
10
#34240000
0*
00
#34245000
0%
b10 '
b10 A
b10000 )
b10000 @
b100 L
b10 E
b11 8
b110101100001 <
1*
10
#34250000
0*
00
#34255000
1%
b1000010000 )
b1000010000 @
b101 L
b100 E
b10 6
b100 8
b10100000000000000000000000000100 ,
b10100000000000000000000000000100 =
b110101100010 <
1*
10
#34260000
0*
00
#34265000
b0 '
b0 A
0(
b110 L
b10001 N
b101 E
b101 8
b100 6
b110101100011 <
1*
10
#34270000
0*
00
#34275000
b0 L
b110 E
b0 J
b1000010001 H
b101 6
b0 8
0+
b0 ,
b0 =
b110101100100 <
1*
10
#34280000
0*
00
#34285000
b1 L
b0 E
b110 6
b110101100101 <
1*
10
#34290000
0*
00
#34295000
1(
b1 E
b1 J
b1000010000 H
b10000 N
b0 6
b110101100110 <
1*
10
#34300000
0*
00
#34305000
b1 8
b1 6
b110101100111 <
1*
10
#34310000
0*
00
#34315000
b10 L
1+
b10 8
b110101101000 <
1*
10
#34320000
0*
00
#34325000
0%
b10 '
b10 A
b10000 )
b10000 @
b100 L
b10 E
b11 8
b110101101001 <
1*
10
#34330000
0*
00
#34335000
1%
b1000010000 )
b1000010000 @
b101 L
b100 E
b10 6
b100 8
b10100000000000000000000000000100 ,
b10100000000000000000000000000100 =
b110101101010 <
1*
10
#34340000
0*
00
#34345000
b0 '
b0 A
0(
b110 L
b10001 N
b101 E
b101 8
b100 6
b110101101011 <
1*
10
#34350000
0*
00
#34355000
b0 L
b110 E
b0 J
b1000010001 H
b101 6
b0 8
0+
b0 ,
b0 =
b110101101100 <
1*
10
#34360000
0*
00
#34365000
b1 L
b0 E
b110 6
b110101101101 <
1*
10
#34370000
0*
00
#34375000
1(
b1 E
b1 J
b1000010000 H
b10000 N
b0 6
b110101101110 <
1*
10
#34380000
0*
00
#34385000
b1 8
b1 6
b110101101111 <
1*
10
#34390000
0*
00
#34395000
b10 L
1+
b10 8
b110101110000 <
1*
10
#34400000
0*
00
#34405000
0%
b10 '
b10 A
b10000 )
b10000 @
b100 L
b10 E
b11 8
b110101110001 <
1*
10
#34410000
0*
00
#34415000
1%
b1000010000 )
b1000010000 @
b101 L
b100 E
b10 6
b100 8
b10100000000000000000000000000100 ,
b10100000000000000000000000000100 =
b110101110010 <
1*
10
#34420000
0*
00
#34425000
b0 '
b0 A
0(
b110 L
b10001 N
b101 E
b101 8
b100 6
b110101110011 <
1*
10
#34430000
0*
00
#34435000
b0 L
b110 E
b0 J
b1000010001 H
b101 6
b0 8
0+
b0 ,
b0 =
b110101110100 <
1*
10
#34440000
0*
00
#34445000
b1 L
b0 E
b110 6
b110101110101 <
1*
10
#34450000
0*
00
#34455000
1(
b1 E
b1 J
b1000010000 H
b10000 N
b0 6
b110101110110 <
1*
10
#34460000
0*
00
#34465000
b1 8
b1 6
b110101110111 <
1*
10
#34470000
0*
00
#34475000
b10 L
1+
b10 8
b110101111000 <
1*
10
#34480000
0*
00
#34485000
0%
b10 '
b10 A
b10000 )
b10000 @
b100 L
b10 E
b11 8
b110101111001 <
1*
10
#34490000
0*
00
#34495000
1%
b1000010000 )
b1000010000 @
b101 L
b100 E
b10 6
b100 8
b10100000000000000000000000000100 ,
b10100000000000000000000000000100 =
b110101111010 <
1*
10
#34500000
0*
00
#34505000
b0 '
b0 A
0(
b110 L
b10001 N
b101 E
b101 8
b100 6
b110101111011 <
1*
10
#34510000
0*
00
#34515000
b0 L
b110 E
b0 J
b1000010001 H
b101 6
b0 8
0+
b0 ,
b0 =
b110101111100 <
1*
10
#34520000
0*
00
#34525000
b1 L
b0 E
b110 6
b110101111101 <
1*
10
#34530000
0*
00
#34535000
1(
b1 E
b1 J
b1000010000 H
b10000 N
b0 6
b110101111110 <
1*
10
#34540000
0*
00
#34545000
b1 8
b1 6
b110101111111 <
1*
10
#34550000
0*
00
#34555000
b10 L
1+
b10 8
b110110000000 <
1*
10
#34560000
0*
00
#34565000
0%
b10 '
b10 A
b10000 )
b10000 @
b100 L
b10 E
b11 8
b110110000001 <
1*
10
#34570000
0*
00
#34575000
1%
b1000010000 )
b1000010000 @
b101 L
b100 E
b10 6
b100 8
b10100000000000000000000000000100 ,
b10100000000000000000000000000100 =
b110110000010 <
1*
10
#34580000
0*
00
#34585000
b0 '
b0 A
0(
b110 L
b10001 N
b101 E
b101 8
b100 6
b110110000011 <
1*
10
#34590000
0*
00
#34595000
b0 L
b110 E
b0 J
b1000010001 H
b101 6
b0 8
0+
b0 ,
b0 =
b110110000100 <
1*
10
#34600000
0*
00
#34605000
b1 L
b0 E
b110 6
b110110000101 <
1*
10
#34610000
0*
00
#34615000
1(
b1 E
b1 J
b1000010000 H
b10000 N
b0 6
b110110000110 <
1*
10
#34620000
0*
00
#34625000
b1 8
b1 6
b110110000111 <
1*
10
#34630000
0*
00
#34635000
b10 L
1+
b10 8
b110110001000 <
1*
10
#34640000
0*
00
#34645000
0%
b10 '
b10 A
b10000 )
b10000 @
b100 L
b10 E
b11 8
b110110001001 <
1*
10
#34650000
0*
00
#34655000
1%
b1000010000 )
b1000010000 @
b101 L
b100 E
b10 6
b100 8
b10100000000000000000000000000100 ,
b10100000000000000000000000000100 =
b110110001010 <
1*
10
#34660000
0*
00
#34665000
b0 '
b0 A
0(
b110 L
b10001 N
b101 E
b101 8
b100 6
b110110001011 <
1*
10
#34670000
0*
00
#34675000
b0 L
b110 E
b0 J
b1000010001 H
b101 6
b0 8
0+
b0 ,
b0 =
b110110001100 <
1*
10
#34680000
0*
00
#34685000
b1 L
b0 E
b110 6
b110110001101 <
1*
10
#34690000
0*
00
#34695000
1(
b1 E
b1 J
b1000010000 H
b10000 N
b0 6
b110110001110 <
1*
10
#34700000
0*
00
#34705000
b1 8
b1 6
b110110001111 <
1*
10
#34710000
0*
00
#34715000
b10 L
1+
b10 8
b110110010000 <
1*
10
#34720000
0*
00
#34725000
0%
b10 '
b10 A
b10000 )
b10000 @
b100 L
b10 E
b11 8
b110110010001 <
1*
10
#34730000
0*
00
#34735000
1%
b1000010000 )
b1000010000 @
b101 L
b100 E
b10 6
b100 8
b10100000000000000000000000000100 ,
b10100000000000000000000000000100 =
b110110010010 <
1*
10
#34740000
0*
00
#34745000
b0 '
b0 A
0(
b110 L
b10001 N
b101 E
b101 8
b100 6
b110110010011 <
1*
10
#34750000
0*
00
#34755000
b0 L
b110 E
b0 J
b1000010001 H
b101 6
b0 8
0+
b0 ,
b0 =
b110110010100 <
1*
10
#34760000
0*
00
#34765000
b1 L
b0 E
b110 6
b110110010101 <
1*
10
#34770000
0*
00
#34775000
1(
b1 E
b1 J
b1000010000 H
b10000 N
b0 6
b110110010110 <
1*
10
#34780000
0*
00
#34785000
b1 8
b1 6
b110110010111 <
1*
10
#34790000
0*
00
#34795000
b10 L
1+
b10 8
b110110011000 <
1*
10
#34800000
0*
00
#34805000
0%
b10 '
b10 A
b10000 )
b10000 @
b100 L
b10 E
b11 8
b110110011001 <
1*
10
#34810000
0*
00
#34815000
1%
b1000010000 )
b1000010000 @
b101 L
b100 E
b10 6
b100 8
b10100000000000000000000000000100 ,
b10100000000000000000000000000100 =
b110110011010 <
1*
10
#34820000
0*
00
#34825000
b0 '
b0 A
0(
b110 L
b10001 N
b101 E
b101 8
b100 6
b110110011011 <
1*
10
#34830000
0*
00
#34835000
b0 L
b110 E
b0 J
b1000010001 H
b101 6
b0 8
0+
b0 ,
b0 =
b110110011100 <
1*
10
#34840000
0*
00
#34845000
b1 L
b0 E
b110 6
b110110011101 <
1*
10
#34850000
0*
00
#34855000
1(
b1 E
b1 J
b1000010000 H
b10000 N
b0 6
b110110011110 <
1*
10
#34860000
0*
00
#34865000
b1 8
b1 6
b110110011111 <
1*
10
#34870000
0*
00
#34875000
b10 L
1+
b10 8
b110110100000 <
1*
10
#34880000
0*
00
#34885000
0%
b10 '
b10 A
b10000 )
b10000 @
b100 L
b10 E
b11 8
b110110100001 <
1*
10
#34890000
0*
00
#34895000
1%
b1000010000 )
b1000010000 @
b101 L
b100 E
b10 6
b100 8
b10100000000000000000000000000100 ,
b10100000000000000000000000000100 =
b110110100010 <
1*
10
#34900000
0*
00
#34905000
b0 '
b0 A
0(
b110 L
b10001 N
b101 E
b101 8
b100 6
b110110100011 <
1*
10
#34910000
0*
00
#34915000
b0 L
b110 E
b0 J
b1000010001 H
b101 6
b0 8
0+
b0 ,
b0 =
b110110100100 <
1*
10
#34920000
0*
00
#34925000
b1 L
b0 E
b110 6
b110110100101 <
1*
10
#34930000
0*
00
#34935000
1(
b1 E
b1 J
b1000010000 H
b10000 N
b0 6
b110110100110 <
1*
10
#34940000
0*
00
#34945000
b1 8
b1 6
b110110100111 <
1*
10
#34950000
0*
00
#34955000
b10 L
1+
b10 8
b110110101000 <
1*
10
#34960000
0*
00
#34965000
0%
b10 '
b10 A
b10000 )
b10000 @
b100 L
b10 E
b11 8
b110110101001 <
1*
10
#34970000
0*
00
#34975000
1%
b1000010000 )
b1000010000 @
b101 L
b100 E
b10 6
b100 8
b10100000000000000000000000000100 ,
b10100000000000000000000000000100 =
b110110101010 <
1*
10
#34980000
0*
00
#34985000
b0 '
b0 A
0(
b110 L
b10001 N
b101 E
b101 8
b100 6
b110110101011 <
1*
10
#34990000
0*
00
#34995000
b0 L
b110 E
b0 J
b1000010001 H
b101 6
b0 8
0+
b0 ,
b0 =
b110110101100 <
1*
10
#35000000
0*
00
#35005000
b1 L
b0 E
b110 6
b110110101101 <
1*
10
#35010000
0*
00
#35015000
1(
b1 E
b1 J
b1000010000 H
b10000 N
b0 6
b110110101110 <
1*
10
#35020000
0*
00
#35025000
b1 8
b1 6
b110110101111 <
1*
10
#35030000
0*
00
#35035000
b10 L
1+
b10 8
b110110110000 <
1*
10
#35040000
0*
00
#35045000
0%
b10 '
b10 A
b10000 )
b10000 @
b100 L
b10 E
b11 8
b110110110001 <
1*
10
#35050000
0*
00
#35055000
1%
b1000010000 )
b1000010000 @
b101 L
b100 E
b10 6
b100 8
b10100000000000000000000000000100 ,
b10100000000000000000000000000100 =
b110110110010 <
1*
10
#35060000
0*
00
#35065000
b0 '
b0 A
0(
b110 L
b10001 N
b101 E
b101 8
b100 6
b110110110011 <
1*
10
#35070000
0*
00
#35075000
b0 L
b110 E
b0 J
b1000010001 H
b101 6
b0 8
0+
b0 ,
b0 =
b110110110100 <
1*
10
#35080000
0*
00
#35085000
b1 L
b0 E
b110 6
b110110110101 <
1*
10
#35090000
0*
00
#35095000
1(
b1 E
b1 J
b1000010000 H
b10000 N
b0 6
b110110110110 <
1*
10
#35100000
0*
00
#35105000
b1 8
b1 6
b110110110111 <
1*
10
#35110000
0*
00
#35115000
b10 L
1+
b10 8
b110110111000 <
1*
10
#35120000
0*
00
#35125000
0%
b10 '
b10 A
b10000 )
b10000 @
b100 L
b10 E
b11 8
b110110111001 <
1*
10
#35130000
0*
00
#35135000
1%
b1000010000 )
b1000010000 @
b101 L
b100 E
b10 6
b100 8
b10100000000000000000000000000100 ,
b10100000000000000000000000000100 =
b110110111010 <
1*
10
#35140000
0*
00
#35145000
b0 '
b0 A
0(
b110 L
b10001 N
b101 E
b101 8
b100 6
b110110111011 <
1*
10
#35150000
0*
00
#35155000
b0 L
b110 E
b0 J
b1000010001 H
b101 6
b0 8
0+
b0 ,
b0 =
b110110111100 <
1*
10
#35160000
0*
00
#35165000
b1 L
b0 E
b110 6
b110110111101 <
1*
10
#35170000
0*
00
#35175000
1(
b1 E
b1 J
b1000010000 H
b10000 N
b0 6
b110110111110 <
1*
10
#35180000
0*
00
#35185000
b1 8
b1 6
b110110111111 <
1*
10
#35190000
0*
00
#35195000
b10 L
1+
b10 8
b110111000000 <
1*
10
#35200000
0*
00
#35205000
0%
b10 '
b10 A
b10000 )
b10000 @
b100 L
b10 E
b11 8
b110111000001 <
1*
10
#35210000
0*
00
#35215000
1%
b1000010000 )
b1000010000 @
b101 L
b100 E
b10 6
b100 8
b10100000000000000000000000000100 ,
b10100000000000000000000000000100 =
b110111000010 <
1*
10
#35220000
0*
00
#35225000
b0 '
b0 A
0(
b110 L
b10001 N
b101 E
b101 8
b100 6
b110111000011 <
1*
10
#35230000
0*
00
#35235000
b0 L
b110 E
b0 J
b1000010001 H
b101 6
b0 8
0+
b0 ,
b0 =
b110111000100 <
1*
10
#35240000
0*
00
#35245000
b1 L
b0 E
b110 6
b110111000101 <
1*
10
#35250000
0*
00
#35255000
1(
b1 E
b1 J
b1000010000 H
b10000 N
b0 6
b110111000110 <
1*
10
#35260000
0*
00
#35265000
b1 8
b1 6
b110111000111 <
1*
10
#35270000
0*
00
#35275000
b10 L
1+
b10 8
b110111001000 <
1*
10
#35280000
0*
00
#35285000
0%
b10 '
b10 A
b10000 )
b10000 @
b100 L
b10 E
b11 8
b110111001001 <
1*
10
#35290000
0*
00
#35295000
1%
b1000010000 )
b1000010000 @
b101 L
b100 E
b10 6
b100 8
b10100000000000000000000000000100 ,
b10100000000000000000000000000100 =
b110111001010 <
1*
10
#35300000
0*
00
#35305000
b0 '
b0 A
0(
b110 L
b10001 N
b101 E
b101 8
b100 6
b110111001011 <
1*
10
#35310000
0*
00
#35315000
b0 L
b110 E
b0 J
b1000010001 H
b101 6
b0 8
0+
b0 ,
b0 =
b110111001100 <
1*
10
#35320000
0*
00
#35325000
b1 L
b0 E
b110 6
b110111001101 <
1*
10
#35330000
0*
00
#35335000
1(
b1 E
b1 J
b1000010000 H
b10000 N
b0 6
b110111001110 <
1*
10
#35340000
0*
00
#35345000
b1 8
b1 6
b110111001111 <
1*
10
#35350000
0*
00
#35355000
b10 L
1+
b10 8
b110111010000 <
1*
10
#35360000
0*
00
#35365000
0%
b10 '
b10 A
b10000 )
b10000 @
b100 L
b10 E
b11 8
b110111010001 <
1*
10
#35370000
0*
00
#35375000
1%
b1000010000 )
b1000010000 @
b101 L
b100 E
b10 6
b100 8
b10100000000000000000000000000100 ,
b10100000000000000000000000000100 =
b110111010010 <
1*
10
#35380000
0*
00
#35385000
b0 '
b0 A
0(
b110 L
b10001 N
b101 E
b101 8
b100 6
b110111010011 <
1*
10
#35390000
0*
00
#35395000
b0 L
b110 E
b0 J
b1000010001 H
b101 6
b0 8
0+
b0 ,
b0 =
b110111010100 <
1*
10
#35400000
0*
00
#35405000
b1 L
b0 E
b110 6
b110111010101 <
1*
10
#35410000
0*
00
#35415000
1(
b1 E
b1 J
b1000010000 H
b10000 N
b0 6
b110111010110 <
1*
10
#35420000
0*
00
#35425000
b1 8
b1 6
b110111010111 <
1*
10
#35430000
0*
00
#35435000
b10 L
1+
b10 8
b110111011000 <
1*
10
#35440000
0*
00
#35445000
0%
b10 '
b10 A
b10000 )
b10000 @
b100 L
b10 E
b11 8
b110111011001 <
1*
10
#35450000
0*
00
#35455000
1%
b1000010000 )
b1000010000 @
b101 L
b100 E
b10 6
b100 8
b10100000000000000000000000000100 ,
b10100000000000000000000000000100 =
b110111011010 <
1*
10
#35460000
0*
00
#35465000
b0 '
b0 A
0(
b110 L
b10001 N
b101 E
b101 8
b100 6
b110111011011 <
1*
10
#35470000
0*
00
#35475000
b0 L
b110 E
b0 J
b1000010001 H
b101 6
b0 8
0+
b0 ,
b0 =
b110111011100 <
1*
10
#35480000
0*
00
#35485000
b1 L
b0 E
b110 6
b110111011101 <
1*
10
#35490000
0*
00
#35495000
1(
b1 E
b1 J
b1000010000 H
b10000 N
b0 6
b110111011110 <
1*
10
#35500000
0*
00
#35505000
b1 8
b1 6
b110111011111 <
1*
10
#35510000
0*
00
#35515000
b10 L
1+
b10 8
b110111100000 <
1*
10
#35520000
0*
00
#35525000
0%
b10 '
b10 A
b10000 )
b10000 @
b100 L
b10 E
b11 8
b110111100001 <
1*
10
#35530000
0*
00
#35535000
1%
b1000010000 )
b1000010000 @
b101 L
b100 E
b10 6
b100 8
b10100000000000000000000000000100 ,
b10100000000000000000000000000100 =
b110111100010 <
1*
10
#35540000
0*
00
#35545000
b0 '
b0 A
0(
b110 L
b10001 N
b101 E
b101 8
b100 6
b110111100011 <
1*
10
#35550000
0*
00
#35555000
b0 L
b110 E
b0 J
b1000010001 H
b101 6
b0 8
0+
b0 ,
b0 =
b110111100100 <
1*
10
#35560000
0*
00
#35565000
b1 L
b0 E
b110 6
b110111100101 <
1*
10
#35570000
0*
00
#35575000
1(
b1 E
b1 J
b1000010000 H
b10000 N
b0 6
b110111100110 <
1*
10
#35580000
0*
00
#35585000
b1 8
b1 6
b110111100111 <
1*
10
#35590000
0*
00
#35595000
b10 L
1+
b10 8
b110111101000 <
1*
10
#35600000
0*
00
#35605000
0%
b10 '
b10 A
b10000 )
b10000 @
b100 L
b10 E
b11 8
b110111101001 <
1*
10
#35610000
0*
00
#35615000
1%
b1000010000 )
b1000010000 @
b101 L
b100 E
b10 6
b100 8
b10100000000000000000000000000100 ,
b10100000000000000000000000000100 =
b110111101010 <
1*
10
#35620000
0*
00
#35625000
b0 '
b0 A
0(
b110 L
b10001 N
b101 E
b101 8
b100 6
b110111101011 <
1*
10
#35630000
0*
00
#35635000
b0 L
b110 E
b0 J
b1000010001 H
b101 6
b0 8
0+
b0 ,
b0 =
b110111101100 <
1*
10
#35640000
0*
00
#35645000
b1 L
b0 E
b110 6
b110111101101 <
1*
10
#35650000
0*
00
#35655000
1(
b1 E
b1 J
b1000010000 H
b10000 N
b0 6
b110111101110 <
1*
10
#35660000
0*
00
#35665000
b1 8
b1 6
b110111101111 <
1*
10
#35670000
0*
00
#35675000
b10 L
1+
b10 8
b110111110000 <
1*
10
#35680000
0*
00
#35685000
0%
b10 '
b10 A
b10000 )
b10000 @
b100 L
b10 E
b11 8
b110111110001 <
1*
10
#35690000
0*
00
#35695000
1%
b1000010000 )
b1000010000 @
b101 L
b100 E
b10 6
b100 8
b10100000000000000000000000000100 ,
b10100000000000000000000000000100 =
b110111110010 <
1*
10
#35700000
0*
00
#35705000
b0 '
b0 A
0(
b110 L
b10001 N
b101 E
b101 8
b100 6
b110111110011 <
1*
10
#35710000
0*
00
#35715000
b0 L
b110 E
b0 J
b1000010001 H
b101 6
b0 8
0+
b0 ,
b0 =
b110111110100 <
1*
10
#35720000
0*
00
#35725000
b1 L
b0 E
b110 6
b110111110101 <
1*
10
#35730000
0*
00
#35735000
1(
b1 E
b1 J
b1000010000 H
b10000 N
b0 6
b110111110110 <
1*
10
#35740000
0*
00
#35745000
b1 8
b1 6
b110111110111 <
1*
10
#35750000
0*
00
#35755000
b10 L
1+
b10 8
b110111111000 <
1*
10
#35760000
0*
00
#35765000
0%
b10 '
b10 A
b10000 )
b10000 @
b100 L
b10 E
b11 8
b110111111001 <
1*
10
#35770000
0*
00
#35775000
1%
b1000010000 )
b1000010000 @
b101 L
b100 E
b10 6
b100 8
b10100000000000000000000000000100 ,
b10100000000000000000000000000100 =
b110111111010 <
1*
10
#35780000
0*
00
#35785000
b0 '
b0 A
0(
b110 L
b10001 N
b101 E
b101 8
b100 6
b110111111011 <
1*
10
#35790000
0*
00
#35795000
b0 L
b110 E
b0 J
b1000010001 H
b101 6
b0 8
0+
b0 ,
b0 =
b110111111100 <
1*
10
#35800000
0*
00
#35805000
b1 L
b0 E
b110 6
b110111111101 <
1*
10
#35810000
0*
00
#35815000
1(
b1 E
b1 J
b1000010000 H
b10000 N
b0 6
b110111111110 <
1*
10
#35820000
0*
00
#35825000
b1 8
b1 6
b110111111111 <
1*
10
#35830000
0*
00
#35835000
b10 L
1+
b10 8
b111000000000 <
1*
10
#35840000
0*
00
#35845000
0%
b10 '
b10 A
b10000 )
b10000 @
b100 L
b10 E
b11 8
b111000000001 <
1*
10
#35850000
0*
00
#35855000
1%
b1000010000 )
b1000010000 @
b101 L
b100 E
b10 6
b100 8
b10100000000000000000000000000100 ,
b10100000000000000000000000000100 =
b111000000010 <
1*
10
#35860000
0*
00
#35865000
b0 '
b0 A
0(
b110 L
b10001 N
b101 E
b101 8
b100 6
b111000000011 <
1*
10
#35870000
0*
00
#35875000
b0 L
b110 E
b0 J
b1000010001 H
b101 6
b0 8
0+
b0 ,
b0 =
b111000000100 <
1*
10
#35880000
0*
00
#35885000
b1 L
b0 E
b110 6
b111000000101 <
1*
10
#35890000
0*
00
#35895000
1(
b1 E
b1 J
b1000010000 H
b10000 N
b0 6
b111000000110 <
1*
10
#35900000
0*
00
#35905000
b1 8
b1 6
b111000000111 <
1*
10
#35910000
0*
00
#35915000
b10 L
1+
b10 8
b111000001000 <
1*
10
#35920000
0*
00
#35925000
0%
b10 '
b10 A
b10000 )
b10000 @
b100 L
b10 E
b11 8
b111000001001 <
1*
10
#35930000
0*
00
#35935000
1%
b1000010000 )
b1000010000 @
b101 L
b100 E
b10 6
b100 8
b10100000000000000000000000000100 ,
b10100000000000000000000000000100 =
b111000001010 <
1*
10
#35940000
0*
00
#35945000
b0 '
b0 A
0(
b110 L
b10001 N
b101 E
b101 8
b100 6
b111000001011 <
1*
10
#35950000
0*
00
#35955000
b0 L
b110 E
b0 J
b1000010001 H
b101 6
b0 8
0+
b0 ,
b0 =
b111000001100 <
1*
10
#35960000
0*
00
#35965000
b1 L
b0 E
b110 6
b111000001101 <
1*
10
#35970000
0*
00
#35975000
1(
b1 E
b1 J
b1000010000 H
b10000 N
b0 6
b111000001110 <
1*
10
#35980000
0*
00
#35985000
b1 8
b1 6
b111000001111 <
1*
10
#35990000
0*
00
#35995000
b10 L
1+
b10 8
b111000010000 <
1*
10
#36000000
0*
00
#36005000
0%
b10 '
b10 A
b10000 )
b10000 @
b100 L
b10 E
b11 8
b111000010001 <
1*
10
#36010000
0*
00
#36015000
1%
b1000010000 )
b1000010000 @
b101 L
b100 E
b10 6
b100 8
b10100000000000000000000000000100 ,
b10100000000000000000000000000100 =
b111000010010 <
1*
10
#36020000
0*
00
#36025000
b0 '
b0 A
0(
b110 L
b10001 N
b101 E
b101 8
b100 6
b111000010011 <
1*
10
#36030000
0*
00
#36035000
b0 L
b110 E
b0 J
b1000010001 H
b101 6
b0 8
0+
b0 ,
b0 =
b111000010100 <
1*
10
#36040000
0*
00
#36045000
b1 L
b0 E
b110 6
b111000010101 <
1*
10
#36050000
0*
00
#36055000
1(
b1 E
b1 J
b1000010000 H
b10000 N
b0 6
b111000010110 <
1*
10
#36060000
0*
00
#36065000
b1 8
b1 6
b111000010111 <
1*
10
#36070000
0*
00
#36075000
b10 L
1+
b10 8
b111000011000 <
1*
10
#36080000
0*
00
#36085000
0%
b10 '
b10 A
b10000 )
b10000 @
b100 L
b10 E
b11 8
b111000011001 <
1*
10
#36090000
0*
00
#36095000
1%
b1000010000 )
b1000010000 @
b101 L
b100 E
b10 6
b100 8
b10100000000000000000000000000100 ,
b10100000000000000000000000000100 =
b111000011010 <
1*
10
#36100000
0*
00
#36105000
b0 '
b0 A
0(
b110 L
b10001 N
b101 E
b101 8
b100 6
b111000011011 <
1*
10
#36110000
0*
00
#36115000
b0 L
b110 E
b0 J
b1000010001 H
b101 6
b0 8
0+
b0 ,
b0 =
b111000011100 <
1*
10
#36120000
0*
00
#36125000
b1 L
b0 E
b110 6
b111000011101 <
1*
10
#36130000
0*
00
#36135000
1(
b1 E
b1 J
b1000010000 H
b10000 N
b0 6
b111000011110 <
1*
10
#36140000
0*
00
#36145000
b1 8
b1 6
b111000011111 <
1*
10
#36150000
0*
00
#36155000
b10 L
1+
b10 8
b111000100000 <
1*
10
#36160000
0*
00
#36165000
0%
b10 '
b10 A
b10000 )
b10000 @
b100 L
b10 E
b11 8
b111000100001 <
1*
10
#36170000
0*
00
#36175000
1%
b1000010000 )
b1000010000 @
b101 L
b100 E
b10 6
b100 8
b10100000000000000000000000000100 ,
b10100000000000000000000000000100 =
b111000100010 <
1*
10
#36180000
0*
00
#36185000
b0 '
b0 A
0(
b110 L
b10001 N
b101 E
b101 8
b100 6
b111000100011 <
1*
10
#36190000
0*
00
#36195000
b0 L
b110 E
b0 J
b1000010001 H
b101 6
b0 8
0+
b0 ,
b0 =
b111000100100 <
1*
10
#36200000
0*
00
#36205000
b1 L
b0 E
b110 6
b111000100101 <
1*
10
#36210000
0*
00
#36215000
1(
b1 E
b1 J
b1000010000 H
b10000 N
b0 6
b111000100110 <
1*
10
#36220000
0*
00
#36225000
b1 8
b1 6
b111000100111 <
1*
10
#36230000
0*
00
#36235000
b10 L
1+
b10 8
b111000101000 <
1*
10
#36240000
0*
00
#36245000
0%
b10 '
b10 A
b10000 )
b10000 @
b100 L
b10 E
b11 8
b111000101001 <
1*
10
#36250000
0*
00
#36255000
1%
b1000010000 )
b1000010000 @
b101 L
b100 E
b10 6
b100 8
b10100000000000000000000000000100 ,
b10100000000000000000000000000100 =
b111000101010 <
1*
10
#36260000
0*
00
#36265000
b0 '
b0 A
0(
b110 L
b10001 N
b101 E
b101 8
b100 6
b111000101011 <
1*
10
#36270000
0*
00
#36275000
b0 L
b110 E
b0 J
b1000010001 H
b101 6
b0 8
0+
b0 ,
b0 =
b111000101100 <
1*
10
#36280000
0*
00
#36285000
b1 L
b0 E
b110 6
b111000101101 <
1*
10
#36290000
0*
00
#36295000
1(
b1 E
b1 J
b1000010000 H
b10000 N
b0 6
b111000101110 <
1*
10
#36300000
0*
00
#36305000
b1 8
b1 6
b111000101111 <
1*
10
#36310000
0*
00
#36315000
b10 L
1+
b10 8
b111000110000 <
1*
10
#36320000
0*
00
#36325000
0%
b10 '
b10 A
b10000 )
b10000 @
b100 L
b10 E
b11 8
b111000110001 <
1*
10
#36330000
0*
00
#36335000
1%
b1000010000 )
b1000010000 @
b101 L
b100 E
b10 6
b100 8
b10100000000000000000000000000100 ,
b10100000000000000000000000000100 =
b111000110010 <
1*
10
#36340000
0*
00
#36345000
b0 '
b0 A
0(
b110 L
b10001 N
b101 E
b101 8
b100 6
b111000110011 <
1*
10
#36350000
0*
00
#36355000
b0 L
b110 E
b0 J
b1000010001 H
b101 6
b0 8
0+
b0 ,
b0 =
b111000110100 <
1*
10
#36360000
0*
00
#36365000
b1 L
b0 E
b110 6
b111000110101 <
1*
10
#36370000
0*
00
#36375000
1(
b1 E
b1 J
b1000010000 H
b10000 N
b0 6
b111000110110 <
1*
10
#36380000
0*
00
#36385000
b1 8
b1 6
b111000110111 <
1*
10
#36390000
0*
00
#36395000
b10 L
1+
b10 8
b111000111000 <
1*
10
#36400000
0*
00
#36405000
0%
b10 '
b10 A
b10000 )
b10000 @
b100 L
b10 E
b11 8
b111000111001 <
1*
10
#36410000
0*
00
#36415000
1%
b1000010000 )
b1000010000 @
b101 L
b100 E
b10 6
b100 8
b10100000000000000000000000000100 ,
b10100000000000000000000000000100 =
b111000111010 <
1*
10
#36420000
0*
00
#36425000
b0 '
b0 A
0(
b110 L
b10001 N
b101 E
b101 8
b100 6
b111000111011 <
1*
10
#36430000
0*
00
#36435000
b0 L
b110 E
b0 J
b1000010001 H
b101 6
b0 8
0+
b0 ,
b0 =
b111000111100 <
1*
10
#36440000
0*
00
#36445000
b1 L
b0 E
b110 6
b111000111101 <
1*
10
#36450000
0*
00
#36455000
1(
b1 E
b1 J
b1000010000 H
b10000 N
b0 6
b111000111110 <
1*
10
#36460000
0*
00
#36465000
b1 8
b1 6
b111000111111 <
1*
10
#36470000
0*
00
#36475000
b10 L
1+
b10 8
b111001000000 <
1*
10
#36480000
0*
00
#36485000
0%
b10 '
b10 A
b10000 )
b10000 @
b100 L
b10 E
b11 8
b111001000001 <
1*
10
#36490000
0*
00
#36495000
1%
b1000010000 )
b1000010000 @
b101 L
b100 E
b10 6
b100 8
b10100000000000000000000000000100 ,
b10100000000000000000000000000100 =
b111001000010 <
1*
10
#36500000
0*
00
#36505000
b0 '
b0 A
0(
b110 L
b10001 N
b101 E
b101 8
b100 6
b111001000011 <
1*
10
#36510000
0*
00
#36515000
b0 L
b110 E
b0 J
b1000010001 H
b101 6
b0 8
0+
b0 ,
b0 =
b111001000100 <
1*
10
#36520000
0*
00
#36525000
b1 L
b0 E
b110 6
b111001000101 <
1*
10
#36530000
0*
00
#36535000
1(
b1 E
b1 J
b1000010000 H
b10000 N
b0 6
b111001000110 <
1*
10
#36540000
0*
00
#36545000
b1 8
b1 6
b111001000111 <
1*
10
#36550000
0*
00
#36555000
b10 L
1+
b10 8
b111001001000 <
1*
10
#36560000
0*
00
#36565000
0%
b10 '
b10 A
b10000 )
b10000 @
b100 L
b10 E
b11 8
b111001001001 <
1*
10
#36570000
0*
00
#36575000
1%
b1000010000 )
b1000010000 @
b101 L
b100 E
b10 6
b100 8
b10100000000000000000000000000100 ,
b10100000000000000000000000000100 =
b111001001010 <
1*
10
#36580000
0*
00
#36585000
b0 '
b0 A
0(
b110 L
b10001 N
b101 E
b101 8
b100 6
b111001001011 <
1*
10
#36590000
0*
00
#36595000
b0 L
b110 E
b0 J
b1000010001 H
b101 6
b0 8
0+
b0 ,
b0 =
b111001001100 <
1*
10
#36600000
0*
00
#36605000
b1 L
b0 E
b110 6
b111001001101 <
1*
10
#36610000
0*
00
#36615000
1(
b1 E
b1 J
b1000010000 H
b10000 N
b0 6
b111001001110 <
1*
10
#36620000
0*
00
#36625000
b1 8
b1 6
b111001001111 <
1*
10
#36630000
0*
00
#36635000
b10 L
1+
b10 8
b111001010000 <
1*
10
#36640000
0*
00
#36645000
0%
b10 '
b10 A
b10000 )
b10000 @
b100 L
b10 E
b11 8
b111001010001 <
1*
10
#36650000
0*
00
#36655000
1%
b1000010000 )
b1000010000 @
b101 L
b100 E
b10 6
b100 8
b10100000000000000000000000000100 ,
b10100000000000000000000000000100 =
b111001010010 <
1*
10
#36660000
0*
00
#36665000
b0 '
b0 A
0(
b110 L
b10001 N
b101 E
b101 8
b100 6
b111001010011 <
1*
10
#36670000
0*
00
#36675000
b0 L
b110 E
b0 J
b1000010001 H
b101 6
b0 8
0+
b0 ,
b0 =
b111001010100 <
1*
10
#36680000
0*
00
#36685000
b1 L
b0 E
b110 6
b111001010101 <
1*
10
#36690000
0*
00
#36695000
1(
b1 E
b1 J
b1000010000 H
b10000 N
b0 6
b111001010110 <
1*
10
#36700000
0*
00
#36705000
b1 8
b1 6
b111001010111 <
1*
10
#36710000
0*
00
#36715000
b10 L
1+
b10 8
b111001011000 <
1*
10
#36720000
0*
00
#36725000
0%
b10 '
b10 A
b10000 )
b10000 @
b100 L
b10 E
b11 8
b111001011001 <
1*
10
#36730000
0*
00
#36735000
1%
b1000010000 )
b1000010000 @
b101 L
b100 E
b10 6
b100 8
b10100000000000000000000000000100 ,
b10100000000000000000000000000100 =
b111001011010 <
1*
10
#36740000
0*
00
#36745000
b0 '
b0 A
0(
b110 L
b10001 N
b101 E
b101 8
b100 6
b111001011011 <
1*
10
#36750000
0*
00
#36755000
b0 L
b110 E
b0 J
b1000010001 H
b101 6
b0 8
0+
b0 ,
b0 =
b111001011100 <
1*
10
#36760000
0*
00
#36765000
b1 L
b0 E
b110 6
b111001011101 <
1*
10
#36770000
0*
00
#36775000
1(
b1 E
b1 J
b1000010000 H
b10000 N
b0 6
b111001011110 <
1*
10
#36780000
0*
00
#36785000
b1 8
b1 6
b111001011111 <
1*
10
#36790000
0*
00
#36795000
b10 L
1+
b10 8
b111001100000 <
1*
10
#36800000
0*
00
#36805000
0%
b10 '
b10 A
b10000 )
b10000 @
b100 L
b10 E
b11 8
b111001100001 <
1*
10
#36810000
0*
00
#36815000
1%
b1000010000 )
b1000010000 @
b101 L
b100 E
b10 6
b100 8
b10100000000000000000000000000100 ,
b10100000000000000000000000000100 =
b111001100010 <
1*
10
#36820000
0*
00
#36825000
b0 '
b0 A
0(
b110 L
b10001 N
b101 E
b101 8
b100 6
b111001100011 <
1*
10
#36830000
0*
00
#36835000
b0 L
b110 E
b0 J
b1000010001 H
b101 6
b0 8
0+
b0 ,
b0 =
b111001100100 <
1*
10
#36840000
0*
00
#36845000
b1 L
b0 E
b110 6
b111001100101 <
1*
10
#36850000
0*
00
#36855000
1(
b1 E
b1 J
b1000010000 H
b10000 N
b0 6
b111001100110 <
1*
10
#36860000
0*
00
#36865000
b1 8
b1 6
b111001100111 <
1*
10
#36870000
0*
00
#36875000
b10 L
1+
b10 8
b111001101000 <
1*
10
#36880000
0*
00
#36885000
0%
b10 '
b10 A
b10000 )
b10000 @
b100 L
b10 E
b11 8
b111001101001 <
1*
10
#36890000
0*
00
#36895000
1%
b1000010000 )
b1000010000 @
b101 L
b100 E
b10 6
b100 8
b10100000000000000000000000000100 ,
b10100000000000000000000000000100 =
b111001101010 <
1*
10
#36900000
0*
00
#36905000
b0 '
b0 A
0(
b110 L
b10001 N
b101 E
b101 8
b100 6
b111001101011 <
1*
10
#36910000
0*
00
#36915000
b0 L
b110 E
b0 J
b1000010001 H
b101 6
b0 8
0+
b0 ,
b0 =
b111001101100 <
1*
10
#36920000
0*
00
#36925000
b1 L
b0 E
b110 6
b111001101101 <
1*
10
#36930000
0*
00
#36935000
1(
b1 E
b1 J
b1000010000 H
b10000 N
b0 6
b111001101110 <
1*
10
#36940000
0*
00
#36945000
b1 8
b1 6
b111001101111 <
1*
10
#36950000
0*
00
#36955000
b10 L
1+
b10 8
b111001110000 <
1*
10
#36960000
0*
00
#36965000
0%
b10 '
b10 A
b10000 )
b10000 @
b100 L
b10 E
b11 8
b111001110001 <
1*
10
#36970000
0*
00
#36975000
1%
b1000010000 )
b1000010000 @
b101 L
b100 E
b10 6
b100 8
b10100000000000000000000000000100 ,
b10100000000000000000000000000100 =
b111001110010 <
1*
10
#36980000
0*
00
#36985000
b0 '
b0 A
0(
b110 L
b10001 N
b101 E
b101 8
b100 6
b111001110011 <
1*
10
#36990000
0*
00
#36995000
b0 L
b110 E
b0 J
b1000010001 H
b101 6
b0 8
0+
b0 ,
b0 =
b111001110100 <
1*
10
#37000000
0*
00
#37005000
b1 L
b0 E
b110 6
b111001110101 <
1*
10
#37010000
0*
00
#37015000
1(
b1 E
b1 J
b1000010000 H
b10000 N
b0 6
b111001110110 <
1*
10
#37020000
0*
00
#37025000
b1 8
b1 6
b111001110111 <
1*
10
#37030000
0*
00
#37035000
b10 L
1+
b10 8
b111001111000 <
1*
10
#37040000
0*
00
#37045000
0%
b10 '
b10 A
b10000 )
b10000 @
b100 L
b10 E
b11 8
b111001111001 <
1*
10
#37050000
0*
00
#37055000
1%
b1000010000 )
b1000010000 @
b101 L
b100 E
b10 6
b100 8
b10100000000000000000000000000100 ,
b10100000000000000000000000000100 =
b111001111010 <
1*
10
#37060000
0*
00
#37065000
b0 '
b0 A
0(
b110 L
b10001 N
b101 E
b101 8
b100 6
b111001111011 <
1*
10
#37070000
0*
00
#37075000
b0 L
b110 E
b0 J
b1000010001 H
b101 6
b0 8
0+
b0 ,
b0 =
b111001111100 <
1*
10
#37080000
0*
00
#37085000
b1 L
b0 E
b110 6
b111001111101 <
1*
10
#37090000
0*
00
#37095000
1(
b1 E
b1 J
b1000010000 H
b10000 N
b0 6
b111001111110 <
1*
10
#37100000
0*
00
#37105000
b1 8
b1 6
b111001111111 <
1*
10
#37110000
0*
00
#37115000
b10 L
1+
b10 8
b111010000000 <
1*
10
#37120000
0*
00
#37125000
0%
b10 '
b10 A
b10000 )
b10000 @
b100 L
b10 E
b11 8
b111010000001 <
1*
10
#37130000
0*
00
#37135000
1%
b1000010000 )
b1000010000 @
b101 L
b100 E
b10 6
b100 8
b10100000000000000000000000000100 ,
b10100000000000000000000000000100 =
b111010000010 <
1*
10
#37140000
0*
00
#37145000
b0 '
b0 A
0(
b110 L
b10001 N
b101 E
b101 8
b100 6
b111010000011 <
1*
10
#37150000
0*
00
#37155000
b0 L
b110 E
b0 J
b1000010001 H
b101 6
b0 8
0+
b0 ,
b0 =
b111010000100 <
1*
10
#37160000
0*
00
#37165000
b1 L
b0 E
b110 6
b111010000101 <
1*
10
#37170000
0*
00
#37175000
1(
b1 E
b1 J
b1000010000 H
b10000 N
b0 6
b111010000110 <
1*
10
#37180000
0*
00
#37185000
b1 8
b1 6
b111010000111 <
1*
10
#37190000
0*
00
#37195000
b10 L
1+
b10 8
b111010001000 <
1*
10
#37200000
0*
00
#37205000
0%
b10 '
b10 A
b10000 )
b10000 @
b100 L
b10 E
b11 8
b111010001001 <
1*
10
#37210000
0*
00
#37215000
1%
b1000010000 )
b1000010000 @
b101 L
b100 E
b10 6
b100 8
b10100000000000000000000000000100 ,
b10100000000000000000000000000100 =
b111010001010 <
1*
10
#37220000
0*
00
#37225000
b0 '
b0 A
0(
b110 L
b10001 N
b101 E
b101 8
b100 6
b111010001011 <
1*
10
#37230000
0*
00
#37235000
b0 L
b110 E
b0 J
b1000010001 H
b101 6
b0 8
0+
b0 ,
b0 =
b111010001100 <
1*
10
#37240000
0*
00
#37245000
b1 L
b0 E
b110 6
b111010001101 <
1*
10
#37250000
0*
00
#37255000
1(
b1 E
b1 J
b1000010000 H
b10000 N
b0 6
b111010001110 <
1*
10
#37260000
0*
00
#37265000
b1 8
b1 6
b111010001111 <
1*
10
#37270000
0*
00
#37275000
b10 L
1+
b10 8
b111010010000 <
1*
10
#37280000
0*
00
#37285000
0%
b10 '
b10 A
b10000 )
b10000 @
b100 L
b10 E
b11 8
b111010010001 <
1*
10
#37290000
0*
00
#37295000
1%
b1000010000 )
b1000010000 @
b101 L
b100 E
b10 6
b100 8
b10100000000000000000000000000100 ,
b10100000000000000000000000000100 =
b111010010010 <
1*
10
#37300000
0*
00
#37305000
b0 '
b0 A
0(
b110 L
b10001 N
b101 E
b101 8
b100 6
b111010010011 <
1*
10
#37310000
0*
00
#37315000
b0 L
b110 E
b0 J
b1000010001 H
b101 6
b0 8
0+
b0 ,
b0 =
b111010010100 <
1*
10
#37320000
0*
00
#37325000
b1 L
b0 E
b110 6
b111010010101 <
1*
10
#37330000
0*
00
#37335000
1(
b1 E
b1 J
b1000010000 H
b10000 N
b0 6
b111010010110 <
1*
10
#37340000
0*
00
#37345000
b1 8
b1 6
b111010010111 <
1*
10
#37350000
0*
00
#37355000
b10 L
1+
b10 8
b111010011000 <
1*
10
#37360000
0*
00
#37365000
0%
b10 '
b10 A
b10000 )
b10000 @
b100 L
b10 E
b11 8
b111010011001 <
1*
10
#37370000
0*
00
#37375000
1%
b1000010000 )
b1000010000 @
b101 L
b100 E
b10 6
b100 8
b10100000000000000000000000000100 ,
b10100000000000000000000000000100 =
b111010011010 <
1*
10
#37380000
0*
00
#37385000
b0 '
b0 A
0(
b110 L
b10001 N
b101 E
b101 8
b100 6
b111010011011 <
1*
10
#37390000
0*
00
#37395000
b0 L
b110 E
b0 J
b1000010001 H
b101 6
b0 8
0+
b0 ,
b0 =
b111010011100 <
1*
10
#37400000
0*
00
#37405000
b1 L
b0 E
b110 6
b111010011101 <
1*
10
#37410000
0*
00
#37415000
1(
b1 E
b1 J
b1000010000 H
b10000 N
b0 6
b111010011110 <
1*
10
#37420000
0*
00
#37425000
b1 8
b1 6
b111010011111 <
1*
10
#37430000
0*
00
#37435000
b10 L
1+
b10 8
b111010100000 <
1*
10
#37440000
0*
00
#37445000
0%
b10 '
b10 A
b10000 )
b10000 @
b100 L
b10 E
b11 8
b111010100001 <
1*
10
#37450000
0*
00
#37455000
1%
b1000010000 )
b1000010000 @
b101 L
b100 E
b10 6
b100 8
b10100000000000000000000000000100 ,
b10100000000000000000000000000100 =
b111010100010 <
1*
10
#37460000
0*
00
#37465000
b0 '
b0 A
0(
b110 L
b10001 N
b101 E
b101 8
b100 6
b111010100011 <
1*
10
#37470000
0*
00
#37475000
b0 L
b110 E
b0 J
b1000010001 H
b101 6
b0 8
0+
b0 ,
b0 =
b111010100100 <
1*
10
#37480000
0*
00
#37485000
b1 L
b0 E
b110 6
b111010100101 <
1*
10
#37490000
0*
00
#37495000
1(
b1 E
b1 J
b1000010000 H
b10000 N
b0 6
b111010100110 <
1*
10
#37500000
0*
00
#37505000
b1 8
b1 6
b111010100111 <
1*
10
#37510000
0*
00
#37515000
b10 L
1+
b10 8
b111010101000 <
1*
10
#37520000
0*
00
#37525000
0%
b10 '
b10 A
b10000 )
b10000 @
b100 L
b10 E
b11 8
b111010101001 <
1*
10
#37530000
0*
00
#37535000
1%
b1000010000 )
b1000010000 @
b101 L
b100 E
b10 6
b100 8
b10100000000000000000000000000100 ,
b10100000000000000000000000000100 =
b111010101010 <
1*
10
#37540000
0*
00
#37545000
b0 '
b0 A
0(
b110 L
b10001 N
b101 E
b101 8
b100 6
b111010101011 <
1*
10
#37550000
0*
00
#37555000
b0 L
b110 E
b0 J
b1000010001 H
b101 6
b0 8
0+
b0 ,
b0 =
b111010101100 <
1*
10
#37560000
0*
00
#37565000
b1 L
b0 E
b110 6
b111010101101 <
1*
10
#37570000
0*
00
#37575000
1(
b1 E
b1 J
b1000010000 H
b10000 N
b0 6
b111010101110 <
1*
10
#37580000
0*
00
#37585000
b1 8
b1 6
b111010101111 <
1*
10
#37590000
0*
00
#37595000
b10 L
1+
b10 8
b111010110000 <
1*
10
#37600000
0*
00
#37605000
0%
b10 '
b10 A
b10000 )
b10000 @
b100 L
b10 E
b11 8
b111010110001 <
1*
10
#37610000
0*
00
#37615000
1%
b1000010000 )
b1000010000 @
b101 L
b100 E
b10 6
b100 8
b10100000000000000000000000000100 ,
b10100000000000000000000000000100 =
b111010110010 <
1*
10
#37620000
0*
00
#37625000
b0 '
b0 A
0(
b110 L
b10001 N
b101 E
b101 8
b100 6
b111010110011 <
1*
10
#37630000
0*
00
#37635000
b0 L
b110 E
b0 J
b1000010001 H
b101 6
b0 8
0+
b0 ,
b0 =
b111010110100 <
1*
10
#37640000
0*
00
#37645000
b1 L
b0 E
b110 6
b111010110101 <
1*
10
#37650000
0*
00
#37655000
1(
b1 E
b1 J
b1000010000 H
b10000 N
b0 6
b111010110110 <
1*
10
#37660000
0*
00
#37665000
b1 8
b1 6
b111010110111 <
1*
10
#37670000
0*
00
#37675000
b10 L
1+
b10 8
b111010111000 <
1*
10
#37680000
0*
00
#37685000
0%
b10 '
b10 A
b10000 )
b10000 @
b100 L
b10 E
b11 8
b111010111001 <
1*
10
#37690000
0*
00
#37695000
1%
b1000010000 )
b1000010000 @
b101 L
b100 E
b10 6
b100 8
b10100000000000000000000000000100 ,
b10100000000000000000000000000100 =
b111010111010 <
1*
10
#37700000
0*
00
#37705000
b0 '
b0 A
0(
b110 L
b10001 N
b101 E
b101 8
b100 6
b111010111011 <
1*
10
#37710000
0*
00
#37715000
b0 L
b110 E
b0 J
b1000010001 H
b101 6
b0 8
0+
b0 ,
b0 =
b111010111100 <
1*
10
#37720000
0*
00
#37725000
b1 L
b0 E
b110 6
b111010111101 <
1*
10
#37730000
0*
00
#37735000
1(
b1 E
b1 J
b1000010000 H
b10000 N
b0 6
b111010111110 <
1*
10
#37740000
0*
00
#37745000
b1 8
b1 6
b111010111111 <
1*
10
#37750000
0*
00
#37755000
b10 L
1+
b10 8
b111011000000 <
1*
10
#37760000
0*
00
#37765000
0%
b10 '
b10 A
b10000 )
b10000 @
b100 L
b10 E
b11 8
b111011000001 <
1*
10
#37770000
0*
00
#37775000
1%
b1000010000 )
b1000010000 @
b101 L
b100 E
b10 6
b100 8
b10100000000000000000000000000100 ,
b10100000000000000000000000000100 =
b111011000010 <
1*
10
#37780000
0*
00
#37785000
b0 '
b0 A
0(
b110 L
b10001 N
b101 E
b101 8
b100 6
b111011000011 <
1*
10
#37790000
0*
00
#37795000
b0 L
b110 E
b0 J
b1000010001 H
b101 6
b0 8
0+
b0 ,
b0 =
b111011000100 <
1*
10
#37800000
0*
00
#37805000
b1 L
b0 E
b110 6
b111011000101 <
1*
10
#37810000
0*
00
#37815000
1(
b1 E
b1 J
b1000010000 H
b10000 N
b0 6
b111011000110 <
1*
10
#37820000
0*
00
#37825000
b1 8
b1 6
b111011000111 <
1*
10
#37830000
0*
00
#37835000
b10 L
1+
b10 8
b111011001000 <
1*
10
#37840000
0*
00
#37845000
0%
b10 '
b10 A
b10000 )
b10000 @
b100 L
b10 E
b11 8
b111011001001 <
1*
10
#37850000
0*
00
#37855000
1%
b1000010000 )
b1000010000 @
b101 L
b100 E
b10 6
b100 8
b10100000000000000000000000000100 ,
b10100000000000000000000000000100 =
b111011001010 <
1*
10
#37860000
0*
00
#37865000
b0 '
b0 A
0(
b110 L
b10001 N
b101 E
b101 8
b100 6
b111011001011 <
1*
10
#37870000
0*
00
#37875000
b0 L
b110 E
b0 J
b1000010001 H
b101 6
b0 8
0+
b0 ,
b0 =
b111011001100 <
1*
10
#37880000
0*
00
#37885000
b1 L
b0 E
b110 6
b111011001101 <
1*
10
#37890000
0*
00
#37895000
1(
b1 E
b1 J
b1000010000 H
b10000 N
b0 6
b111011001110 <
1*
10
#37900000
0*
00
#37905000
b1 8
b1 6
b111011001111 <
1*
10
#37910000
0*
00
#37915000
b10 L
1+
b10 8
b111011010000 <
1*
10
#37920000
0*
00
#37925000
0%
b10 '
b10 A
b10000 )
b10000 @
b100 L
b10 E
b11 8
b111011010001 <
1*
10
#37930000
0*
00
#37935000
1%
b1000010000 )
b1000010000 @
b101 L
b100 E
b10 6
b100 8
b10100000000000000000000000000100 ,
b10100000000000000000000000000100 =
b111011010010 <
1*
10
#37940000
0*
00
#37945000
b0 '
b0 A
0(
b110 L
b10001 N
b101 E
b101 8
b100 6
b111011010011 <
1*
10
#37950000
0*
00
#37955000
b0 L
b110 E
b0 J
b1000010001 H
b101 6
b0 8
0+
b0 ,
b0 =
b111011010100 <
1*
10
#37960000
0*
00
#37965000
b1 L
b0 E
b110 6
b111011010101 <
1*
10
#37970000
0*
00
#37975000
1(
b1 E
b1 J
b1000010000 H
b10000 N
b0 6
b111011010110 <
1*
10
#37980000
0*
00
#37985000
b1 8
b1 6
b111011010111 <
1*
10
#37990000
0*
00
#37995000
b10 L
1+
b10 8
b111011011000 <
1*
10
#38000000
0*
00
#38005000
0%
b10 '
b10 A
b10000 )
b10000 @
b100 L
b10 E
b11 8
b111011011001 <
1*
10
#38010000
0*
00
#38015000
1%
b1000010000 )
b1000010000 @
b101 L
b100 E
b10 6
b100 8
b10100000000000000000000000000100 ,
b10100000000000000000000000000100 =
b111011011010 <
1*
10
#38020000
0*
00
#38025000
b0 '
b0 A
0(
b110 L
b10001 N
b101 E
b101 8
b100 6
b111011011011 <
1*
10
#38030000
0*
00
#38035000
b0 L
b110 E
b0 J
b1000010001 H
b101 6
b0 8
0+
b0 ,
b0 =
b111011011100 <
1*
10
#38040000
0*
00
#38045000
b1 L
b0 E
b110 6
b111011011101 <
1*
10
#38050000
0*
00
#38055000
1(
b1 E
b1 J
b1000010000 H
b10000 N
b0 6
b111011011110 <
1*
10
#38060000
0*
00
#38065000
b1 8
b1 6
b111011011111 <
1*
10
#38070000
0*
00
#38075000
b10 L
1+
b10 8
b111011100000 <
1*
10
#38080000
0*
00
#38085000
0%
b10 '
b10 A
b10000 )
b10000 @
b100 L
b10 E
b11 8
b111011100001 <
1*
10
#38090000
0*
00
#38095000
1%
b1000010000 )
b1000010000 @
b101 L
b100 E
b10 6
b100 8
b10100000000000000000000000000100 ,
b10100000000000000000000000000100 =
b111011100010 <
1*
10
#38100000
0*
00
#38105000
b0 '
b0 A
0(
b110 L
b10001 N
b101 E
b101 8
b100 6
b111011100011 <
1*
10
#38110000
0*
00
#38115000
b0 L
b110 E
b0 J
b1000010001 H
b101 6
b0 8
0+
b0 ,
b0 =
b111011100100 <
1*
10
#38120000
0*
00
#38125000
b1 L
b0 E
b110 6
b111011100101 <
1*
10
#38130000
0*
00
#38135000
1(
b1 E
b1 J
b1000010000 H
b10000 N
b0 6
b111011100110 <
1*
10
#38140000
0*
00
#38145000
b1 8
b1 6
b111011100111 <
1*
10
#38150000
0*
00
#38155000
b10 L
1+
b10 8
b111011101000 <
1*
10
#38160000
0*
00
#38165000
0%
b10 '
b10 A
b10000 )
b10000 @
b100 L
b10 E
b11 8
b111011101001 <
1*
10
#38170000
0*
00
#38175000
1%
b1000010000 )
b1000010000 @
b101 L
b100 E
b10 6
b100 8
b10100000000000000000000000000100 ,
b10100000000000000000000000000100 =
b111011101010 <
1*
10
#38180000
0*
00
#38185000
b0 '
b0 A
0(
b110 L
b10001 N
b101 E
b101 8
b100 6
b111011101011 <
1*
10
#38190000
0*
00
#38195000
b0 L
b110 E
b0 J
b1000010001 H
b101 6
b0 8
0+
b0 ,
b0 =
b111011101100 <
1*
10
#38200000
0*
00
#38205000
b1 L
b0 E
b110 6
b111011101101 <
1*
10
#38210000
0*
00
#38215000
1(
b1 E
b1 J
b1000010000 H
b10000 N
b0 6
b111011101110 <
1*
10
#38220000
0*
00
#38225000
b1 8
b1 6
b111011101111 <
1*
10
#38230000
0*
00
#38235000
b10 L
1+
b10 8
b111011110000 <
1*
10
#38240000
0*
00
#38245000
0%
b10 '
b10 A
b10000 )
b10000 @
b100 L
b10 E
b11 8
b111011110001 <
1*
10
#38250000
0*
00
#38255000
1%
b1000010000 )
b1000010000 @
b101 L
b100 E
b10 6
b100 8
b10100000000000000000000000000100 ,
b10100000000000000000000000000100 =
b111011110010 <
1*
10
#38260000
0*
00
#38265000
b0 '
b0 A
0(
b110 L
b10001 N
b101 E
b101 8
b100 6
b111011110011 <
1*
10
#38270000
0*
00
#38275000
b0 L
b110 E
b0 J
b1000010001 H
b101 6
b0 8
0+
b0 ,
b0 =
b111011110100 <
1*
10
#38280000
0*
00
#38285000
b1 L
b0 E
b110 6
b111011110101 <
1*
10
#38290000
0*
00
#38295000
1(
b1 E
b1 J
b1000010000 H
b10000 N
b0 6
b111011110110 <
1*
10
#38300000
0*
00
#38305000
b1 8
b1 6
b111011110111 <
1*
10
#38310000
0*
00
#38315000
b10 L
1+
b10 8
b111011111000 <
1*
10
#38320000
0*
00
#38325000
0%
b10 '
b10 A
b10000 )
b10000 @
b100 L
b10 E
b11 8
b111011111001 <
1*
10
#38330000
0*
00
#38335000
1%
b1000010000 )
b1000010000 @
b101 L
b100 E
b10 6
b100 8
b10100000000000000000000000000100 ,
b10100000000000000000000000000100 =
b111011111010 <
1*
10
#38340000
0*
00
#38345000
b0 '
b0 A
0(
b110 L
b10001 N
b101 E
b101 8
b100 6
b111011111011 <
1*
10
#38350000
0*
00
#38355000
b0 L
b110 E
b0 J
b1000010001 H
b101 6
b0 8
0+
b0 ,
b0 =
b111011111100 <
1*
10
#38360000
0*
00
#38365000
b1 L
b0 E
b110 6
b111011111101 <
1*
10
#38370000
0*
00
#38375000
1(
b1 E
b1 J
b1000010000 H
b10000 N
b0 6
b111011111110 <
1*
10
#38380000
0*
00
#38385000
b1 8
b1 6
b111011111111 <
1*
10
#38390000
0*
00
#38395000
b10 L
1+
b10 8
b111100000000 <
1*
10
#38400000
0*
00
#38405000
0%
b10 '
b10 A
b10000 )
b10000 @
b100 L
b10 E
b11 8
b111100000001 <
1*
10
#38410000
0*
00
#38415000
1%
b1000010000 )
b1000010000 @
b101 L
b100 E
b10 6
b100 8
b10100000000000000000000000000100 ,
b10100000000000000000000000000100 =
b111100000010 <
1*
10
#38420000
0*
00
#38425000
b0 '
b0 A
0(
b110 L
b10001 N
b101 E
b101 8
b100 6
b111100000011 <
1*
10
#38430000
0*
00
#38435000
b0 L
b110 E
b0 J
b1000010001 H
b101 6
b0 8
0+
b0 ,
b0 =
b111100000100 <
1*
10
#38440000
0*
00
#38445000
b1 L
b0 E
b110 6
b111100000101 <
1*
10
#38450000
0*
00
#38455000
1(
b1 E
b1 J
b1000010000 H
b10000 N
b0 6
b111100000110 <
1*
10
#38460000
0*
00
#38465000
b1 8
b1 6
b111100000111 <
1*
10
#38470000
0*
00
#38475000
b10 L
1+
b10 8
b111100001000 <
1*
10
#38480000
0*
00
#38485000
0%
b10 '
b10 A
b10000 )
b10000 @
b100 L
b10 E
b11 8
b111100001001 <
1*
10
#38490000
0*
00
#38495000
1%
b1000010000 )
b1000010000 @
b101 L
b100 E
b10 6
b100 8
b10100000000000000000000000000100 ,
b10100000000000000000000000000100 =
b111100001010 <
1*
10
#38500000
0*
00
#38505000
b0 '
b0 A
0(
b110 L
b10001 N
b101 E
b101 8
b100 6
b111100001011 <
1*
10
#38510000
0*
00
#38515000
b0 L
b110 E
b0 J
b1000010001 H
b101 6
b0 8
0+
b0 ,
b0 =
b111100001100 <
1*
10
#38520000
0*
00
#38525000
b1 L
b0 E
b110 6
b111100001101 <
1*
10
#38530000
0*
00
#38535000
1(
b1 E
b1 J
b1000010000 H
b10000 N
b0 6
b111100001110 <
1*
10
#38540000
0*
00
#38545000
b1 8
b1 6
b111100001111 <
1*
10
#38550000
0*
00
#38555000
b10 L
1+
b10 8
b111100010000 <
1*
10
#38560000
0*
00
#38565000
0%
b10 '
b10 A
b10000 )
b10000 @
b100 L
b10 E
b11 8
b111100010001 <
1*
10
#38570000
0*
00
#38575000
1%
b1000010000 )
b1000010000 @
b101 L
b100 E
b10 6
b100 8
b10100000000000000000000000000100 ,
b10100000000000000000000000000100 =
b111100010010 <
1*
10
#38580000
0*
00
#38585000
b0 '
b0 A
0(
b110 L
b10001 N
b101 E
b101 8
b100 6
b111100010011 <
1*
10
#38590000
0*
00
#38595000
b0 L
b110 E
b0 J
b1000010001 H
b101 6
b0 8
0+
b0 ,
b0 =
b111100010100 <
1*
10
#38600000
0*
00
#38605000
b1 L
b0 E
b110 6
b111100010101 <
1*
10
#38610000
0*
00
#38615000
1(
b1 E
b1 J
b1000010000 H
b10000 N
b0 6
b111100010110 <
1*
10
#38620000
0*
00
#38625000
b1 8
b1 6
b111100010111 <
1*
10
#38630000
0*
00
#38635000
b10 L
1+
b10 8
b111100011000 <
1*
10
#38640000
0*
00
#38645000
0%
b10 '
b10 A
b10000 )
b10000 @
b100 L
b10 E
b11 8
b111100011001 <
1*
10
#38650000
0*
00
#38655000
1%
b1000010000 )
b1000010000 @
b101 L
b100 E
b10 6
b100 8
b10100000000000000000000000000100 ,
b10100000000000000000000000000100 =
b111100011010 <
1*
10
#38660000
0*
00
#38665000
b0 '
b0 A
0(
b110 L
b10001 N
b101 E
b101 8
b100 6
b111100011011 <
1*
10
#38670000
0*
00
#38675000
b0 L
b110 E
b0 J
b1000010001 H
b101 6
b0 8
0+
b0 ,
b0 =
b111100011100 <
1*
10
#38680000
0*
00
#38685000
b1 L
b0 E
b110 6
b111100011101 <
1*
10
#38690000
0*
00
#38695000
1(
b1 E
b1 J
b1000010000 H
b10000 N
b0 6
b111100011110 <
1*
10
#38700000
0*
00
#38705000
b1 8
b1 6
b111100011111 <
1*
10
#38710000
0*
00
#38715000
b10 L
1+
b10 8
b111100100000 <
1*
10
#38720000
0*
00
#38725000
0%
b10 '
b10 A
b10000 )
b10000 @
b100 L
b10 E
b11 8
b111100100001 <
1*
10
#38730000
0*
00
#38735000
1%
b1000010000 )
b1000010000 @
b101 L
b100 E
b10 6
b100 8
b10100000000000000000000000000100 ,
b10100000000000000000000000000100 =
b111100100010 <
1*
10
#38740000
0*
00
#38745000
b0 '
b0 A
0(
b110 L
b10001 N
b101 E
b101 8
b100 6
b111100100011 <
1*
10
#38750000
0*
00
#38755000
b0 L
b110 E
b0 J
b1000010001 H
b101 6
b0 8
0+
b0 ,
b0 =
b111100100100 <
1*
10
#38760000
0*
00
#38765000
b1 L
b0 E
b110 6
b111100100101 <
1*
10
#38770000
0*
00
#38775000
1(
b1 E
b1 J
b1000010000 H
b10000 N
b0 6
b111100100110 <
1*
10
#38780000
0*
00
#38785000
b1 8
b1 6
b111100100111 <
1*
10
#38790000
0*
00
#38795000
b10 L
1+
b10 8
b111100101000 <
1*
10
#38800000
0*
00
#38805000
0%
b10 '
b10 A
b10000 )
b10000 @
b100 L
b10 E
b11 8
b111100101001 <
1*
10
#38810000
0*
00
#38815000
1%
b1000010000 )
b1000010000 @
b101 L
b100 E
b10 6
b100 8
b10100000000000000000000000000100 ,
b10100000000000000000000000000100 =
b111100101010 <
1*
10
#38820000
0*
00
#38825000
b0 '
b0 A
0(
b110 L
b10001 N
b101 E
b101 8
b100 6
b111100101011 <
1*
10
#38830000
0*
00
#38835000
b0 L
b110 E
b0 J
b1000010001 H
b101 6
b0 8
0+
b0 ,
b0 =
b111100101100 <
1*
10
#38840000
0*
00
#38845000
b1 L
b0 E
b110 6
b111100101101 <
1*
10
#38850000
0*
00
#38855000
1(
b1 E
b1 J
b1000010000 H
b10000 N
b0 6
b111100101110 <
1*
10
#38860000
0*
00
#38865000
b1 8
b1 6
b111100101111 <
1*
10
#38870000
0*
00
#38875000
b10 L
1+
b10 8
b111100110000 <
1*
10
#38880000
0*
00
#38885000
0%
b10 '
b10 A
b10000 )
b10000 @
b100 L
b10 E
b11 8
b111100110001 <
1*
10
#38890000
0*
00
#38895000
1%
b1000010000 )
b1000010000 @
b101 L
b100 E
b10 6
b100 8
b10100000000000000000000000000100 ,
b10100000000000000000000000000100 =
b111100110010 <
1*
10
#38900000
0*
00
#38905000
b0 '
b0 A
0(
b110 L
b10001 N
b101 E
b101 8
b100 6
b111100110011 <
1*
10
#38910000
0*
00
#38915000
b0 L
b110 E
b0 J
b1000010001 H
b101 6
b0 8
0+
b0 ,
b0 =
b111100110100 <
1*
10
#38920000
0*
00
#38925000
b1 L
b0 E
b110 6
b111100110101 <
1*
10
#38930000
0*
00
#38935000
1(
b1 E
b1 J
b1000010000 H
b10000 N
b0 6
b111100110110 <
1*
10
#38940000
0*
00
#38945000
b1 8
b1 6
b111100110111 <
1*
10
#38950000
0*
00
#38955000
b10 L
1+
b10 8
b111100111000 <
1*
10
#38960000
0*
00
#38965000
0%
b10 '
b10 A
b10000 )
b10000 @
b100 L
b10 E
b11 8
b111100111001 <
1*
10
#38970000
0*
00
#38975000
1%
b1000010000 )
b1000010000 @
b101 L
b100 E
b10 6
b100 8
b10100000000000000000000000000100 ,
b10100000000000000000000000000100 =
b111100111010 <
1*
10
#38980000
0*
00
#38985000
b0 '
b0 A
0(
b110 L
b10001 N
b101 E
b101 8
b100 6
b111100111011 <
1*
10
#38990000
0*
00
#38995000
b0 L
b110 E
b0 J
b1000010001 H
b101 6
b0 8
0+
b0 ,
b0 =
b111100111100 <
1*
10
#39000000
0*
00
#39005000
b1 L
b0 E
b110 6
b111100111101 <
1*
10
#39010000
0*
00
#39015000
1(
b1 E
b1 J
b1000010000 H
b10000 N
b0 6
b111100111110 <
1*
10
#39020000
0*
00
#39025000
b1 8
b1 6
b111100111111 <
1*
10
#39030000
0*
00
#39035000
b10 L
1+
b10 8
b111101000000 <
1*
10
#39040000
0*
00
#39045000
0%
b10 '
b10 A
b10000 )
b10000 @
b100 L
b10 E
b11 8
b111101000001 <
1*
10
#39050000
0*
00
#39055000
1%
b1000010000 )
b1000010000 @
b101 L
b100 E
b10 6
b100 8
b10100000000000000000000000000100 ,
b10100000000000000000000000000100 =
b111101000010 <
1*
10
#39060000
0*
00
#39065000
b0 '
b0 A
0(
b110 L
b10001 N
b101 E
b101 8
b100 6
b111101000011 <
1*
10
#39070000
0*
00
#39075000
b0 L
b110 E
b0 J
b1000010001 H
b101 6
b0 8
0+
b0 ,
b0 =
b111101000100 <
1*
10
#39080000
0*
00
#39085000
b1 L
b0 E
b110 6
b111101000101 <
1*
10
#39090000
0*
00
#39095000
1(
b1 E
b1 J
b1000010000 H
b10000 N
b0 6
b111101000110 <
1*
10
#39100000
0*
00
#39105000
b1 8
b1 6
b111101000111 <
1*
10
#39110000
0*
00
#39115000
b10 L
1+
b10 8
b111101001000 <
1*
10
#39120000
0*
00
#39125000
0%
b10 '
b10 A
b10000 )
b10000 @
b100 L
b10 E
b11 8
b111101001001 <
1*
10
#39130000
0*
00
#39135000
1%
b1000010000 )
b1000010000 @
b101 L
b100 E
b10 6
b100 8
b10100000000000000000000000000100 ,
b10100000000000000000000000000100 =
b111101001010 <
1*
10
#39140000
0*
00
#39145000
b0 '
b0 A
0(
b110 L
b10001 N
b101 E
b101 8
b100 6
b111101001011 <
1*
10
#39150000
0*
00
#39155000
b0 L
b110 E
b0 J
b1000010001 H
b101 6
b0 8
0+
b0 ,
b0 =
b111101001100 <
1*
10
#39160000
0*
00
#39165000
b1 L
b0 E
b110 6
b111101001101 <
1*
10
#39170000
0*
00
#39175000
1(
b1 E
b1 J
b1000010000 H
b10000 N
b0 6
b111101001110 <
1*
10
#39180000
0*
00
#39185000
b1 8
b1 6
b111101001111 <
1*
10
#39190000
0*
00
#39195000
b10 L
1+
b10 8
b111101010000 <
1*
10
#39200000
0*
00
#39205000
0%
b10 '
b10 A
b10000 )
b10000 @
b100 L
b10 E
b11 8
b111101010001 <
1*
10
#39210000
0*
00
#39215000
1%
b1000010000 )
b1000010000 @
b101 L
b100 E
b10 6
b100 8
b10100000000000000000000000000100 ,
b10100000000000000000000000000100 =
b111101010010 <
1*
10
#39220000
0*
00
#39225000
b0 '
b0 A
0(
b110 L
b10001 N
b101 E
b101 8
b100 6
b111101010011 <
1*
10
#39230000
0*
00
#39235000
b0 L
b110 E
b0 J
b1000010001 H
b101 6
b0 8
0+
b0 ,
b0 =
b111101010100 <
1*
10
#39240000
0*
00
#39245000
b1 L
b0 E
b110 6
b111101010101 <
1*
10
#39250000
0*
00
#39255000
1(
b1 E
b1 J
b1000010000 H
b10000 N
b0 6
b111101010110 <
1*
10
#39260000
0*
00
#39265000
b1 8
b1 6
b111101010111 <
1*
10
#39270000
0*
00
#39275000
b10 L
1+
b10 8
b111101011000 <
1*
10
#39280000
0*
00
#39285000
0%
b10 '
b10 A
b10000 )
b10000 @
b100 L
b10 E
b11 8
b111101011001 <
1*
10
#39290000
0*
00
#39295000
1%
b1000010000 )
b1000010000 @
b101 L
b100 E
b10 6
b100 8
b10100000000000000000000000000100 ,
b10100000000000000000000000000100 =
b111101011010 <
1*
10
#39300000
0*
00
#39305000
b0 '
b0 A
0(
b110 L
b10001 N
b101 E
b101 8
b100 6
b111101011011 <
1*
10
#39310000
0*
00
#39315000
b0 L
b110 E
b0 J
b1000010001 H
b101 6
b0 8
0+
b0 ,
b0 =
b111101011100 <
1*
10
#39320000
0*
00
#39325000
b1 L
b0 E
b110 6
b111101011101 <
1*
10
#39330000
0*
00
#39335000
1(
b1 E
b1 J
b1000010000 H
b10000 N
b0 6
b111101011110 <
1*
10
#39340000
0*
00
#39345000
b1 8
b1 6
b111101011111 <
1*
10
#39350000
0*
00
#39355000
b10 L
1+
b10 8
b111101100000 <
1*
10
#39360000
0*
00
#39365000
0%
b10 '
b10 A
b10000 )
b10000 @
b100 L
b10 E
b11 8
b111101100001 <
1*
10
#39370000
0*
00
#39375000
1%
b1000010000 )
b1000010000 @
b101 L
b100 E
b10 6
b100 8
b10100000000000000000000000000100 ,
b10100000000000000000000000000100 =
b111101100010 <
1*
10
#39380000
0*
00
#39385000
b0 '
b0 A
0(
b110 L
b10001 N
b101 E
b101 8
b100 6
b111101100011 <
1*
10
#39390000
0*
00
#39395000
b0 L
b110 E
b0 J
b1000010001 H
b101 6
b0 8
0+
b0 ,
b0 =
b111101100100 <
1*
10
#39400000
0*
00
#39405000
b1 L
b0 E
b110 6
b111101100101 <
1*
10
#39410000
0*
00
#39415000
1(
b1 E
b1 J
b1000010000 H
b10000 N
b0 6
b111101100110 <
1*
10
#39420000
0*
00
#39425000
b1 8
b1 6
b111101100111 <
1*
10
#39430000
0*
00
#39435000
b10 L
1+
b10 8
b111101101000 <
1*
10
#39440000
0*
00
#39445000
0%
b10 '
b10 A
b10000 )
b10000 @
b100 L
b10 E
b11 8
b111101101001 <
1*
10
#39450000
0*
00
#39455000
1%
b1000010000 )
b1000010000 @
b101 L
b100 E
b10 6
b100 8
b10100000000000000000000000000100 ,
b10100000000000000000000000000100 =
b111101101010 <
1*
10
#39460000
0*
00
#39465000
b0 '
b0 A
0(
b110 L
b10001 N
b101 E
b101 8
b100 6
b111101101011 <
1*
10
#39470000
0*
00
#39475000
b0 L
b110 E
b0 J
b1000010001 H
b101 6
b0 8
0+
b0 ,
b0 =
b111101101100 <
1*
10
#39480000
0*
00
#39485000
b1 L
b0 E
b110 6
b111101101101 <
1*
10
#39490000
0*
00
#39495000
1(
b1 E
b1 J
b1000010000 H
b10000 N
b0 6
b111101101110 <
1*
10
#39500000
0*
00
#39505000
b1 8
b1 6
b111101101111 <
1*
10
#39510000
0*
00
#39515000
b10 L
1+
b10 8
b111101110000 <
1*
10
#39520000
0*
00
#39525000
0%
b10 '
b10 A
b10000 )
b10000 @
b100 L
b10 E
b11 8
b111101110001 <
1*
10
#39530000
0*
00
#39535000
1%
b1000010000 )
b1000010000 @
b101 L
b100 E
b10 6
b100 8
b10100000000000000000000000000100 ,
b10100000000000000000000000000100 =
b111101110010 <
1*
10
#39540000
0*
00
#39545000
b0 '
b0 A
0(
b110 L
b10001 N
b101 E
b101 8
b100 6
b111101110011 <
1*
10
#39550000
0*
00
#39555000
b0 L
b110 E
b0 J
b1000010001 H
b101 6
b0 8
0+
b0 ,
b0 =
b111101110100 <
1*
10
#39560000
0*
00
#39565000
b1 L
b0 E
b110 6
b111101110101 <
1*
10
#39570000
0*
00
#39575000
1(
b1 E
b1 J
b1000010000 H
b10000 N
b0 6
b111101110110 <
1*
10
#39580000
0*
00
#39585000
b1 8
b1 6
b111101110111 <
1*
10
#39590000
0*
00
#39595000
b10 L
1+
b10 8
b111101111000 <
1*
10
#39600000
0*
00
#39605000
0%
b10 '
b10 A
b10000 )
b10000 @
b100 L
b10 E
b11 8
b111101111001 <
1*
10
#39610000
0*
00
#39615000
1%
b1000010000 )
b1000010000 @
b101 L
b100 E
b10 6
b100 8
b10100000000000000000000000000100 ,
b10100000000000000000000000000100 =
b111101111010 <
1*
10
#39620000
0*
00
#39625000
b0 '
b0 A
0(
b110 L
b10001 N
b101 E
b101 8
b100 6
b111101111011 <
1*
10
#39630000
0*
00
#39635000
b0 L
b110 E
b0 J
b1000010001 H
b101 6
b0 8
0+
b0 ,
b0 =
b111101111100 <
1*
10
#39640000
0*
00
#39645000
b1 L
b0 E
b110 6
b111101111101 <
1*
10
#39650000
0*
00
#39655000
1(
b1 E
b1 J
b1000010000 H
b10000 N
b0 6
b111101111110 <
1*
10
#39660000
0*
00
#39665000
b1 8
b1 6
b111101111111 <
1*
10
#39670000
0*
00
#39675000
b10 L
1+
b10 8
b111110000000 <
1*
10
#39680000
0*
00
#39685000
0%
b10 '
b10 A
b10000 )
b10000 @
b100 L
b10 E
b11 8
b111110000001 <
1*
10
#39690000
0*
00
#39695000
1%
b1000010000 )
b1000010000 @
b101 L
b100 E
b10 6
b100 8
b10100000000000000000000000000100 ,
b10100000000000000000000000000100 =
b111110000010 <
1*
10
#39700000
0*
00
#39705000
b0 '
b0 A
0(
b110 L
b10001 N
b101 E
b101 8
b100 6
b111110000011 <
1*
10
#39710000
0*
00
#39715000
b0 L
b110 E
b0 J
b1000010001 H
b101 6
b0 8
0+
b0 ,
b0 =
b111110000100 <
1*
10
#39720000
0*
00
#39725000
b1 L
b0 E
b110 6
b111110000101 <
1*
10
#39730000
0*
00
#39735000
1(
b1 E
b1 J
b1000010000 H
b10000 N
b0 6
b111110000110 <
1*
10
#39740000
0*
00
#39745000
b1 8
b1 6
b111110000111 <
1*
10
#39750000
0*
00
#39755000
b10 L
1+
b10 8
b111110001000 <
1*
10
#39760000
0*
00
#39765000
0%
b10 '
b10 A
b10000 )
b10000 @
b100 L
b10 E
b11 8
b111110001001 <
1*
10
#39770000
0*
00
#39775000
1%
b1000010000 )
b1000010000 @
b101 L
b100 E
b10 6
b100 8
b10100000000000000000000000000100 ,
b10100000000000000000000000000100 =
b111110001010 <
1*
10
#39780000
0*
00
#39785000
b0 '
b0 A
0(
b110 L
b10001 N
b101 E
b101 8
b100 6
b111110001011 <
1*
10
#39790000
0*
00
#39795000
b0 L
b110 E
b0 J
b1000010001 H
b101 6
b0 8
0+
b0 ,
b0 =
b111110001100 <
1*
10
#39800000
0*
00
#39805000
b1 L
b0 E
b110 6
b111110001101 <
1*
10
#39810000
0*
00
#39815000
1(
b1 E
b1 J
b1000010000 H
b10000 N
b0 6
b111110001110 <
1*
10
#39820000
0*
00
#39825000
b1 8
b1 6
b111110001111 <
1*
10
#39830000
0*
00
#39835000
b10 L
1+
b10 8
b111110010000 <
1*
10
#39840000
0*
00
#39845000
0%
b10 '
b10 A
b10000 )
b10000 @
b100 L
b10 E
b11 8
b111110010001 <
1*
10
#39850000
0*
00
#39855000
1%
b1000010000 )
b1000010000 @
b101 L
b100 E
b10 6
b100 8
b10100000000000000000000000000100 ,
b10100000000000000000000000000100 =
b111110010010 <
1*
10
#39860000
0*
00
#39865000
b0 '
b0 A
0(
b110 L
b10001 N
b101 E
b101 8
b100 6
b111110010011 <
1*
10
#39870000
0*
00
#39875000
b0 L
b110 E
b0 J
b1000010001 H
b101 6
b0 8
0+
b0 ,
b0 =
b111110010100 <
1*
10
#39880000
0*
00
#39885000
b1 L
b0 E
b110 6
b111110010101 <
1*
10
#39890000
0*
00
#39895000
1(
b1 E
b1 J
b1000010000 H
b10000 N
b0 6
b111110010110 <
1*
10
#39900000
0*
00
#39905000
b1 8
b1 6
b111110010111 <
1*
10
#39910000
0*
00
#39915000
b10 L
1+
b10 8
b111110011000 <
1*
10
#39920000
0*
00
#39925000
0%
b10 '
b10 A
b10000 )
b10000 @
b100 L
b10 E
b11 8
b111110011001 <
1*
10
#39930000
0*
00
#39935000
1%
b1000010000 )
b1000010000 @
b101 L
b100 E
b10 6
b100 8
b10100000000000000000000000000100 ,
b10100000000000000000000000000100 =
b111110011010 <
1*
10
#39940000
0*
00
#39945000
b0 '
b0 A
0(
b110 L
b10001 N
b101 E
b101 8
b100 6
b111110011011 <
1*
10
#39950000
0*
00
#39955000
b0 L
b110 E
b0 J
b1000010001 H
b101 6
b0 8
0+
b0 ,
b0 =
b111110011100 <
1*
10
#39960000
0*
00
#39965000
b1 L
b0 E
b110 6
b111110011101 <
1*
10
#39970000
0*
00
#39975000
1(
b1 E
b1 J
b1000010000 H
b10000 N
b0 6
b111110011110 <
1*
10
#39980000
0*
00
#39985000
b1 8
b1 6
b111110011111 <
1*
10
#39990000
0*
00
#39995000
b10 L
1+
b10 8
b111110100000 <
1*
10
#40000000
0*
00
#40005000
0%
b10 '
b10 A
b10000 )
b10000 @
b100 L
b10 E
b11 8
b111110100001 <
1*
10
#40010000
0*
00
#40015000
1%
b1000010000 )
b1000010000 @
b101 L
b100 E
b10 6
b100 8
b10100000000000000000000000000100 ,
b10100000000000000000000000000100 =
b111110100010 <
1*
10
#40020000
0*
00
#40025000
b0 '
b0 A
0(
b110 L
b10001 N
b101 E
b101 8
b100 6
b111110100011 <
1*
10
#40030000
0*
00
#40035000
b0 L
b110 E
b0 J
b1000010001 H
b101 6
b0 8
0+
b0 ,
b0 =
b111110100100 <
1*
10
#40040000
0*
00
#40045000
b1 L
b0 E
b110 6
b111110100101 <
1*
10
#40050000
0*
00
#40055000
1(
b1 E
b1 J
b1000010000 H
b10000 N
b0 6
b111110100110 <
1*
10
#40060000
0*
00
#40065000
b1 8
b1 6
b111110100111 <
1*
10
#40070000
0*
00
#40075000
b10 L
1+
b10 8
b111110101000 <
1*
10
#40080000
0*
00
#40085000
0%
b10 '
b10 A
b10000 )
b10000 @
b100 L
b10 E
b11 8
b111110101001 <
1*
10
#40090000
0*
00
#40095000
1%
b1000010000 )
b1000010000 @
b101 L
b100 E
b10 6
b100 8
b10100000000000000000000000000100 ,
b10100000000000000000000000000100 =
b111110101010 <
1*
10
#40100000
0*
00
#40105000
b0 '
b0 A
0(
b110 L
b10001 N
b101 E
b101 8
b100 6
b111110101011 <
1*
10
#40110000
0*
00
#40115000
b0 L
b110 E
b0 J
b1000010001 H
b101 6
b0 8
0+
b0 ,
b0 =
b111110101100 <
1*
10
#40120000
0*
00
#40125000
b1 L
b0 E
b110 6
b111110101101 <
1*
10
#40130000
0*
00
#40135000
1(
b1 E
b1 J
b1000010000 H
b10000 N
b0 6
b111110101110 <
1*
10
#40140000
0*
00
#40145000
b1 8
b1 6
b111110101111 <
1*
10
#40150000
0*
00
#40155000
b10 L
1+
b10 8
b111110110000 <
1*
10
#40160000
0*
00
#40165000
0%
b10 '
b10 A
b10000 )
b10000 @
b100 L
b10 E
b11 8
b111110110001 <
1*
10
#40170000
0*
00
#40175000
1%
b1000010000 )
b1000010000 @
b101 L
b100 E
b10 6
b100 8
b10100000000000000000000000000100 ,
b10100000000000000000000000000100 =
b111110110010 <
1*
10
#40180000
0*
00
#40185000
b0 '
b0 A
0(
b110 L
b10001 N
b101 E
b101 8
b100 6
b111110110011 <
1*
10
#40190000
0*
00
#40195000
b0 L
b110 E
b0 J
b1000010001 H
b101 6
b0 8
0+
b0 ,
b0 =
b111110110100 <
1*
10
#40200000
0*
00
#40205000
b1 L
b0 E
b110 6
b111110110101 <
1*
10
#40210000
0*
00
#40215000
1(
b1 E
b1 J
b1000010000 H
b10000 N
b0 6
b111110110110 <
1*
10
#40220000
0*
00
#40225000
b1 8
b1 6
b111110110111 <
1*
10
#40230000
0*
00
#40235000
b10 L
1+
b10 8
b111110111000 <
1*
10
#40240000
0*
00
#40245000
0%
b10 '
b10 A
b10000 )
b10000 @
b100 L
b10 E
b11 8
b111110111001 <
1*
10
#40250000
0*
00
#40255000
1%
b1000010000 )
b1000010000 @
b101 L
b100 E
b10 6
b100 8
b10100000000000000000000000000100 ,
b10100000000000000000000000000100 =
b111110111010 <
1*
10
#40260000
0*
00
#40265000
b0 '
b0 A
0(
b110 L
b10001 N
b101 E
b101 8
b100 6
b111110111011 <
1*
10
#40270000
0*
00
#40275000
b0 L
b110 E
b0 J
b1000010001 H
b101 6
b0 8
0+
b0 ,
b0 =
b111110111100 <
1*
10
#40280000
0*
00
#40285000
b1 L
b0 E
b110 6
b111110111101 <
1*
10
#40290000
0*
00
#40295000
1(
b1 E
b1 J
b1000010000 H
b10000 N
b0 6
b111110111110 <
1*
10
#40300000
0*
00
#40305000
b1 8
b1 6
b111110111111 <
1*
10
#40310000
0*
00
#40315000
b10 L
1+
b10 8
b111111000000 <
1*
10
#40320000
0*
00
#40325000
0%
b10 '
b10 A
b10000 )
b10000 @
b100 L
b10 E
b11 8
b111111000001 <
1*
10
#40330000
0*
00
#40335000
1%
b1000010000 )
b1000010000 @
b101 L
b100 E
b10 6
b100 8
b10100000000000000000000000000100 ,
b10100000000000000000000000000100 =
b111111000010 <
1*
10
#40340000
0*
00
#40345000
b0 '
b0 A
0(
b110 L
b10001 N
b101 E
b101 8
b100 6
b111111000011 <
1*
10
#40350000
0*
00
#40355000
b0 L
b110 E
b0 J
b1000010001 H
b101 6
b0 8
0+
b0 ,
b0 =
b111111000100 <
1*
10
#40360000
0*
00
#40365000
b1 L
b0 E
b110 6
b111111000101 <
1*
10
#40370000
0*
00
#40375000
1(
b1 E
b1 J
b1000010000 H
b10000 N
b0 6
b111111000110 <
1*
10
#40380000
0*
00
#40385000
b1 8
b1 6
b111111000111 <
1*
10
#40390000
0*
00
#40395000
b10 L
1+
b10 8
b111111001000 <
1*
10
#40400000
0*
00
#40405000
0%
b10 '
b10 A
b10000 )
b10000 @
b100 L
b10 E
b11 8
b111111001001 <
1*
10
#40410000
0*
00
#40415000
1%
b1000010000 )
b1000010000 @
b101 L
b100 E
b10 6
b100 8
b10100000000000000000000000000100 ,
b10100000000000000000000000000100 =
b111111001010 <
1*
10
#40420000
0*
00
#40425000
b0 '
b0 A
0(
b110 L
b10001 N
b101 E
b101 8
b100 6
b111111001011 <
1*
10
#40430000
0*
00
#40435000
b0 L
b110 E
b0 J
b1000010001 H
b101 6
b0 8
0+
b0 ,
b0 =
b111111001100 <
1*
10
#40440000
0*
00
#40445000
b1 L
b0 E
b110 6
b111111001101 <
1*
10
#40450000
0*
00
#40455000
1(
b1 E
b1 J
b1000010000 H
b10000 N
b0 6
b111111001110 <
1*
10
#40460000
0*
00
#40465000
b1 8
b1 6
b111111001111 <
1*
10
#40470000
0*
00
#40475000
b10 L
1+
b10 8
b111111010000 <
1*
10
#40480000
0*
00
#40485000
0%
b10 '
b10 A
b10000 )
b10000 @
b100 L
b10 E
b11 8
b111111010001 <
1*
10
#40490000
0*
00
#40495000
1%
b1000010000 )
b1000010000 @
b101 L
b100 E
b10 6
b100 8
b10100000000000000000000000000100 ,
b10100000000000000000000000000100 =
b111111010010 <
1*
10
#40500000
0*
00
#40505000
b0 '
b0 A
0(
b110 L
b10001 N
b101 E
b101 8
b100 6
b111111010011 <
1*
10
#40510000
0*
00
#40515000
b0 L
b110 E
b0 J
b1000010001 H
b101 6
b0 8
0+
b0 ,
b0 =
b111111010100 <
1*
10
#40520000
0*
00
#40525000
b1 L
b0 E
b110 6
b111111010101 <
1*
10
#40530000
0*
00
#40535000
1(
b1 E
b1 J
b1000010000 H
b10000 N
b0 6
b111111010110 <
1*
10
#40540000
0*
00
#40545000
b1 8
b1 6
b111111010111 <
1*
10
#40550000
0*
00
#40555000
b10 L
1+
b10 8
b111111011000 <
1*
10
#40560000
0*
00
#40565000
0%
b10 '
b10 A
b10000 )
b10000 @
b100 L
b10 E
b11 8
b111111011001 <
1*
10
#40570000
0*
00
#40575000
1%
b1000010000 )
b1000010000 @
b101 L
b100 E
b10 6
b100 8
b10100000000000000000000000000100 ,
b10100000000000000000000000000100 =
b111111011010 <
1*
10
#40580000
0*
00
#40585000
b0 '
b0 A
0(
b110 L
b10001 N
b101 E
b101 8
b100 6
b111111011011 <
1*
10
#40590000
0*
00
#40595000
b0 L
b110 E
b0 J
b1000010001 H
b101 6
b0 8
0+
b0 ,
b0 =
b111111011100 <
1*
10
#40600000
0*
00
#40605000
b1 L
b0 E
b110 6
b111111011101 <
1*
10
#40610000
0*
00
#40615000
1(
b1 E
b1 J
b1000010000 H
b10000 N
b0 6
b111111011110 <
1*
10
#40620000
0*
00
#40625000
b1 8
b1 6
b111111011111 <
1*
10
#40630000
0*
00
#40635000
b10 L
1+
b10 8
b111111100000 <
1*
10
#40640000
0*
00
#40645000
0%
b10 '
b10 A
b10000 )
b10000 @
b100 L
b10 E
b11 8
b111111100001 <
1*
10
#40650000
0*
00
#40655000
1%
b1000010000 )
b1000010000 @
b101 L
b100 E
b10 6
b100 8
b10100000000000000000000000000100 ,
b10100000000000000000000000000100 =
b111111100010 <
1*
10
#40660000
0*
00
#40665000
b0 '
b0 A
0(
b110 L
b10001 N
b101 E
b101 8
b100 6
b111111100011 <
1*
10
#40670000
0*
00
#40675000
b0 L
b110 E
b0 J
b1000010001 H
b101 6
b0 8
0+
b0 ,
b0 =
b111111100100 <
1*
10
#40680000
0*
00
#40685000
b1 L
b0 E
b110 6
b111111100101 <
1*
10
#40690000
0*
00
#40695000
1(
b1 E
b1 J
b1000010000 H
b10000 N
b0 6
b111111100110 <
1*
10
#40700000
0*
00
#40705000
b1 8
b1 6
b111111100111 <
1*
10
#40710000
0*
00
#40715000
b10 L
1+
b10 8
b111111101000 <
1*
10
#40720000
0*
00
#40725000
0%
b10 '
b10 A
b10000 )
b10000 @
b100 L
b10 E
b11 8
b111111101001 <
1*
10
#40730000
0*
00
#40735000
1%
b1000010000 )
b1000010000 @
b101 L
b100 E
b10 6
b100 8
b10100000000000000000000000000100 ,
b10100000000000000000000000000100 =
b111111101010 <
1*
10
#40740000
0*
00
#40745000
b0 '
b0 A
0(
b110 L
b10001 N
b101 E
b101 8
b100 6
b111111101011 <
1*
10
#40750000
0*
00
#40755000
b0 L
b110 E
b0 J
b1000010001 H
b101 6
b0 8
0+
b0 ,
b0 =
b111111101100 <
1*
10
#40760000
0*
00
#40765000
b1 L
b0 E
b110 6
b111111101101 <
1*
10
#40770000
0*
00
#40775000
1(
b1 E
b1 J
b1000010000 H
b10000 N
b0 6
b111111101110 <
1*
10
#40780000
0*
00
#40785000
b1 8
b1 6
b111111101111 <
1*
10
#40790000
0*
00
#40795000
b10 L
1+
b10 8
b111111110000 <
1*
10
#40800000
0*
00
#40805000
0%
b10 '
b10 A
b10000 )
b10000 @
b100 L
b10 E
b11 8
b111111110001 <
1*
10
#40810000
0*
00
#40815000
1%
b1000010000 )
b1000010000 @
b101 L
b100 E
b10 6
b100 8
b10100000000000000000000000000100 ,
b10100000000000000000000000000100 =
b111111110010 <
1*
10
#40820000
0*
00
#40825000
b0 '
b0 A
0(
b110 L
b10001 N
b101 E
b101 8
b100 6
b111111110011 <
1*
10
#40830000
0*
00
#40835000
b0 L
b110 E
b0 J
b1000010001 H
b101 6
b0 8
0+
b0 ,
b0 =
b111111110100 <
1*
10
#40840000
0*
00
#40845000
b1 L
b0 E
b110 6
b111111110101 <
1*
10
#40850000
0*
00
#40855000
1(
b1 E
b1 J
b1000010000 H
b10000 N
b0 6
b111111110110 <
1*
10
#40860000
0*
00
#40865000
b1 8
b1 6
b111111110111 <
1*
10
#40870000
0*
00
#40875000
b10 L
1+
b10 8
b111111111000 <
1*
10
#40880000
0*
00
#40885000
0%
b10 '
b10 A
b10000 )
b10000 @
b100 L
b10 E
b11 8
b111111111001 <
1*
10
#40890000
0*
00
#40895000
1%
b1000010000 )
b1000010000 @
b101 L
b100 E
b10 6
b100 8
b10100000000000000000000000000100 ,
b10100000000000000000000000000100 =
b111111111010 <
1*
10
#40900000
0*
00
#40905000
b0 '
b0 A
0(
b110 L
b10001 N
b101 E
b101 8
b100 6
b111111111011 <
1*
10
#40910000
0*
00
#40915000
b0 L
b110 E
b0 J
b1000010001 H
b101 6
b0 8
0+
b0 ,
b0 =
b111111111100 <
1*
10
#40920000
0*
00
#40925000
b1 L
b0 E
b110 6
b111111111101 <
1*
10
#40930000
0*
00
#40935000
1(
b1 E
b1 J
b1000010000 H
b10000 N
b0 6
b111111111110 <
1*
10
#40940000
0*
00
#40945000
b1 8
b1 6
b111111111111 <
1*
10
#40950000
0*
00
#40955000
b10 L
1+
b10 8
b1000000000000 <
1*
10
#40960000
0*
00
#40965000
0%
b10 '
b10 A
b10000 )
b10000 @
b100 L
b10 E
b11 8
b1000000000001 <
1*
10
#40970000
0*
00
#40975000
1%
b1000010000 )
b1000010000 @
b101 L
b100 E
b10 6
b100 8
b10100000000000000000000000000100 ,
b10100000000000000000000000000100 =
b1000000000010 <
1*
10
#40980000
0*
00
#40985000
b0 '
b0 A
0(
b110 L
b10001 N
b101 E
b101 8
b100 6
b1000000000011 <
1*
10
#40990000
0*
00
#40995000
b0 L
b110 E
b0 J
b1000010001 H
b101 6
b0 8
0+
b0 ,
b0 =
b1000000000100 <
1*
10
#41000000
0*
00
#41005000
b1 L
b0 E
b110 6
b1000000000101 <
1*
10
#41010000
0*
00
#41015000
1(
b1 E
b1 J
b1000010000 H
b10000 N
b0 6
b1000000000110 <
1*
10
#41020000
0*
00
#41025000
b1 8
b1 6
b1000000000111 <
1*
10
#41030000
0*
00
#41035000
b10 L
1+
b10 8
b1000000001000 <
1*
10
#41040000
0*
00
#41045000
0%
b10 '
b10 A
b10000 )
b10000 @
b100 L
b10 E
b11 8
b1000000001001 <
1*
10
#41050000
0*
00
#41055000
1%
b1000010000 )
b1000010000 @
b101 L
b100 E
b10 6
b100 8
b10100000000000000000000000000100 ,
b10100000000000000000000000000100 =
b1000000001010 <
1*
10
#41060000
0*
00
#41065000
b0 '
b0 A
0(
b110 L
b10001 N
b101 E
b101 8
b100 6
b1000000001011 <
1*
10
#41070000
0*
00
#41075000
b0 L
b110 E
b0 J
b1000010001 H
b101 6
b0 8
0+
b0 ,
b0 =
b1000000001100 <
1*
10
#41080000
0*
00
#41085000
b1 L
b0 E
b110 6
b1000000001101 <
1*
10
#41090000
0*
00
#41095000
1(
b1 E
b1 J
b1000010000 H
b10000 N
b0 6
b1000000001110 <
1*
10
#41100000
0*
00
#41105000
b1 8
b1 6
b1000000001111 <
1*
10
#41110000
0*
00
#41115000
b10 L
1+
b10 8
b1000000010000 <
1*
10
#41120000
0*
00
#41125000
0%
b10 '
b10 A
b10000 )
b10000 @
b100 L
b10 E
b11 8
b1000000010001 <
1*
10
#41130000
0*
00
#41135000
1%
b1000010000 )
b1000010000 @
b101 L
b100 E
b10 6
b100 8
b10100000000000000000000000000100 ,
b10100000000000000000000000000100 =
b1000000010010 <
1*
10
#41140000
0*
00
#41145000
b0 '
b0 A
0(
b110 L
b10001 N
b101 E
b101 8
b100 6
b1000000010011 <
1*
10
#41150000
0*
00
#41155000
b0 L
b110 E
b0 J
b1000010001 H
b101 6
b0 8
0+
b0 ,
b0 =
b1000000010100 <
1*
10
#41160000
0*
00
#41165000
b1 L
b0 E
b110 6
b1000000010101 <
1*
10
#41170000
0*
00
#41175000
1(
b1 E
b1 J
b1000010000 H
b10000 N
b0 6
b1000000010110 <
1*
10
#41180000
0*
00
#41185000
b1 8
b1 6
b1000000010111 <
1*
10
#41190000
0*
00
#41195000
b10 L
1+
b10 8
b1000000011000 <
1*
10
#41200000
0*
00
#41205000
0%
b10 '
b10 A
b10000 )
b10000 @
b100 L
b10 E
b11 8
b1000000011001 <
1*
10
#41210000
0*
00
#41215000
1%
b1000010000 )
b1000010000 @
b101 L
b100 E
b10 6
b100 8
b10100000000000000000000000000100 ,
b10100000000000000000000000000100 =
b1000000011010 <
1*
10
#41220000
0*
00
#41225000
b0 '
b0 A
0(
b110 L
b10001 N
b101 E
b101 8
b100 6
b1000000011011 <
1*
10
#41230000
0*
00
#41235000
b0 L
b110 E
b0 J
b1000010001 H
b101 6
b0 8
0+
b0 ,
b0 =
b1000000011100 <
1*
10
#41240000
0*
00
#41245000
b1 L
b0 E
b110 6
b1000000011101 <
1*
10
#41250000
0*
00
#41255000
1(
b1 E
b1 J
b1000010000 H
b10000 N
b0 6
b1000000011110 <
1*
10
#41260000
0*
00
#41265000
b1 8
b1 6
b1000000011111 <
1*
10
#41270000
0*
00
#41275000
b10 L
1+
b10 8
b1000000100000 <
1*
10
#41280000
0*
00
#41285000
0%
b10 '
b10 A
b10000 )
b10000 @
b100 L
b10 E
b11 8
b1000000100001 <
1*
10
#41290000
0*
00
#41295000
1%
b1000010000 )
b1000010000 @
b101 L
b100 E
b10 6
b100 8
b10100000000000000000000000000100 ,
b10100000000000000000000000000100 =
b1000000100010 <
1*
10
#41300000
0*
00
#41305000
b0 '
b0 A
0(
b110 L
b10001 N
b101 E
b101 8
b100 6
b1000000100011 <
1*
10
#41310000
0*
00
#41315000
b0 L
b110 E
b0 J
b1000010001 H
b101 6
b0 8
0+
b0 ,
b0 =
b1000000100100 <
1*
10
#41320000
0*
00
#41325000
b1 L
b0 E
b110 6
b1000000100101 <
1*
10
#41330000
0*
00
#41335000
1(
b1 E
b1 J
b1000010000 H
b10000 N
b0 6
b1000000100110 <
1*
10
#41340000
0*
00
#41345000
b1 8
b1 6
b1000000100111 <
1*
10
#41350000
0*
00
#41355000
b10 L
1+
b10 8
b1000000101000 <
1*
10
#41360000
0*
00
#41365000
0%
b10 '
b10 A
b10000 )
b10000 @
b100 L
b10 E
b11 8
b1000000101001 <
1*
10
#41370000
0*
00
#41375000
1%
b1000010000 )
b1000010000 @
b101 L
b100 E
b10 6
b100 8
b10100000000000000000000000000100 ,
b10100000000000000000000000000100 =
b1000000101010 <
1*
10
#41380000
0*
00
#41385000
b0 '
b0 A
0(
b110 L
b10001 N
b101 E
b101 8
b100 6
b1000000101011 <
1*
10
#41390000
0*
00
#41395000
b0 L
b110 E
b0 J
b1000010001 H
b101 6
b0 8
0+
b0 ,
b0 =
b1000000101100 <
1*
10
#41400000
0*
00
#41405000
b1 L
b0 E
b110 6
b1000000101101 <
1*
10
#41410000
0*
00
#41415000
1(
b1 E
b1 J
b1000010000 H
b10000 N
b0 6
b1000000101110 <
1*
10
#41420000
0*
00
#41425000
b1 8
b1 6
b1000000101111 <
1*
10
#41430000
0*
00
#41435000
b10 L
1+
b10 8
b1000000110000 <
1*
10
#41440000
0*
00
#41445000
0%
b10 '
b10 A
b10000 )
b10000 @
b100 L
b10 E
b11 8
b1000000110001 <
1*
10
#41450000
0*
00
#41455000
1%
b1000010000 )
b1000010000 @
b101 L
b100 E
b10 6
b100 8
b10100000000000000000000000000100 ,
b10100000000000000000000000000100 =
b1000000110010 <
1*
10
#41460000
0*
00
#41465000
b0 '
b0 A
0(
b110 L
b10001 N
b101 E
b101 8
b100 6
b1000000110011 <
1*
10
#41470000
0*
00
#41475000
b0 L
b110 E
b0 J
b1000010001 H
b101 6
b0 8
0+
b0 ,
b0 =
b1000000110100 <
1*
10
#41480000
0*
00
#41485000
b1 L
b0 E
b110 6
b1000000110101 <
1*
10
#41490000
0*
00
#41495000
1(
b1 E
b1 J
b1000010000 H
b10000 N
b0 6
b1000000110110 <
1*
10
#41500000
0*
00
#41505000
b1 8
b1 6
b1000000110111 <
1*
10
#41510000
0*
00
#41515000
b10 L
1+
b10 8
b1000000111000 <
1*
10
#41520000
0*
00
#41525000
0%
b10 '
b10 A
b10000 )
b10000 @
b100 L
b10 E
b11 8
b1000000111001 <
1*
10
#41530000
0*
00
#41535000
1%
b1000010000 )
b1000010000 @
b101 L
b100 E
b10 6
b100 8
b10100000000000000000000000000100 ,
b10100000000000000000000000000100 =
b1000000111010 <
1*
10
#41540000
0*
00
#41545000
b0 '
b0 A
0(
b110 L
b10001 N
b101 E
b101 8
b100 6
b1000000111011 <
1*
10
#41550000
0*
00
#41555000
b0 L
b110 E
b0 J
b1000010001 H
b101 6
b0 8
0+
b0 ,
b0 =
b1000000111100 <
1*
10
#41560000
0*
00
#41565000
b1 L
b0 E
b110 6
b1000000111101 <
1*
10
#41570000
0*
00
#41575000
1(
b1 E
b1 J
b1000010000 H
b10000 N
b0 6
b1000000111110 <
1*
10
#41580000
0*
00
#41585000
b1 8
b1 6
b1000000111111 <
1*
10
#41590000
0*
00
#41595000
b10 L
1+
b10 8
b1000001000000 <
1*
10
#41600000
0*
00
#41605000
0%
b10 '
b10 A
b10000 )
b10000 @
b100 L
b10 E
b11 8
b1000001000001 <
1*
10
#41610000
0*
00
#41615000
1%
b1000010000 )
b1000010000 @
b101 L
b100 E
b10 6
b100 8
b10100000000000000000000000000100 ,
b10100000000000000000000000000100 =
b1000001000010 <
1*
10
#41620000
0*
00
#41625000
b0 '
b0 A
0(
b110 L
b10001 N
b101 E
b101 8
b100 6
b1000001000011 <
1*
10
#41630000
0*
00
#41635000
b0 L
b110 E
b0 J
b1000010001 H
b101 6
b0 8
0+
b0 ,
b0 =
b1000001000100 <
1*
10
#41640000
0*
00
#41645000
b1 L
b0 E
b110 6
b1000001000101 <
1*
10
#41650000
0*
00
#41655000
1(
b1 E
b1 J
b1000010000 H
b10000 N
b0 6
b1000001000110 <
1*
10
#41660000
0*
00
#41665000
b1 8
b1 6
b1000001000111 <
1*
10
#41670000
0*
00
#41675000
b10 L
1+
b10 8
b1000001001000 <
1*
10
#41680000
0*
00
#41685000
0%
b10 '
b10 A
b10000 )
b10000 @
b100 L
b10 E
b11 8
b1000001001001 <
1*
10
#41690000
0*
00
#41695000
1%
b1000010000 )
b1000010000 @
b101 L
b100 E
b10 6
b100 8
b10100000000000000000000000000100 ,
b10100000000000000000000000000100 =
b1000001001010 <
1*
10
#41700000
0*
00
#41705000
b0 '
b0 A
0(
b110 L
b10001 N
b101 E
b101 8
b100 6
b1000001001011 <
1*
10
#41710000
0*
00
#41715000
b0 L
b110 E
b0 J
b1000010001 H
b101 6
b0 8
0+
b0 ,
b0 =
b1000001001100 <
1*
10
#41720000
0*
00
#41725000
b1 L
b0 E
b110 6
b1000001001101 <
1*
10
#41730000
0*
00
#41735000
1(
b1 E
b1 J
b1000010000 H
b10000 N
b0 6
b1000001001110 <
1*
10
#41740000
0*
00
#41745000
b1 8
b1 6
b1000001001111 <
1*
10
#41750000
0*
00
#41755000
b10 L
1+
b10 8
b1000001010000 <
1*
10
#41760000
0*
00
#41765000
0%
b10 '
b10 A
b10000 )
b10000 @
b100 L
b10 E
b11 8
b1000001010001 <
1*
10
#41770000
0*
00
#41775000
1%
b1000010000 )
b1000010000 @
b101 L
b100 E
b10 6
b100 8
b10100000000000000000000000000100 ,
b10100000000000000000000000000100 =
b1000001010010 <
1*
10
#41780000
0*
00
#41785000
b0 '
b0 A
0(
b110 L
b10001 N
b101 E
b101 8
b100 6
b1000001010011 <
1*
10
#41790000
0*
00
#41795000
b0 L
b110 E
b0 J
b1000010001 H
b101 6
b0 8
0+
b0 ,
b0 =
b1000001010100 <
1*
10
#41800000
0*
00
#41805000
b1 L
b0 E
b110 6
b1000001010101 <
1*
10
#41810000
0*
00
#41815000
1(
b1 E
b1 J
b1000010000 H
b10000 N
b0 6
b1000001010110 <
1*
10
#41820000
0*
00
#41825000
b1 8
b1 6
b1000001010111 <
1*
10
#41830000
0*
00
#41835000
b10 L
1+
b10 8
b1000001011000 <
1*
10
#41840000
0*
00
#41845000
0%
b10 '
b10 A
b10000 )
b10000 @
b100 L
b10 E
b11 8
b1000001011001 <
1*
10
#41850000
0*
00
#41855000
1%
b1000010000 )
b1000010000 @
b101 L
b100 E
b10 6
b100 8
b10100000000000000000000000000100 ,
b10100000000000000000000000000100 =
b1000001011010 <
1*
10
#41860000
0*
00
#41865000
b0 '
b0 A
0(
b110 L
b10001 N
b101 E
b101 8
b100 6
b1000001011011 <
1*
10
#41870000
0*
00
#41875000
b0 L
b110 E
b0 J
b1000010001 H
b101 6
b0 8
0+
b0 ,
b0 =
b1000001011100 <
1*
10
#41880000
0*
00
#41885000
b1 L
b0 E
b110 6
b1000001011101 <
1*
10
#41890000
0*
00
#41895000
1(
b1 E
b1 J
b1000010000 H
b10000 N
b0 6
b1000001011110 <
1*
10
#41900000
0*
00
#41905000
b1 8
b1 6
b1000001011111 <
1*
10
#41910000
0*
00
#41915000
b10 L
1+
b10 8
b1000001100000 <
1*
10
#41920000
0*
00
#41925000
0%
b10 '
b10 A
b10000 )
b10000 @
b100 L
b10 E
b11 8
b1000001100001 <
1*
10
#41930000
0*
00
#41935000
1%
b1000010000 )
b1000010000 @
b101 L
b100 E
b10 6
b100 8
b10100000000000000000000000000100 ,
b10100000000000000000000000000100 =
b1000001100010 <
1*
10
#41940000
0*
00
#41945000
b0 '
b0 A
0(
b110 L
b10001 N
b101 E
b101 8
b100 6
b1000001100011 <
1*
10
#41950000
0*
00
#41955000
b0 L
b110 E
b0 J
b1000010001 H
b101 6
b0 8
0+
b0 ,
b0 =
b1000001100100 <
1*
10
#41960000
0*
00
#41965000
b1 L
b0 E
b110 6
b1000001100101 <
1*
10
#41970000
0*
00
#41975000
1(
b1 E
b1 J
b1000010000 H
b10000 N
b0 6
b1000001100110 <
1*
10
#41980000
0*
00
#41985000
b1 8
b1 6
b1000001100111 <
1*
10
#41990000
0*
00
#41995000
b10 L
1+
b10 8
b1000001101000 <
1*
10
#42000000
0*
00
#42005000
0%
b10 '
b10 A
b10000 )
b10000 @
b100 L
b10 E
b11 8
b1000001101001 <
1*
10
#42010000
0*
00
#42015000
1%
b1000010000 )
b1000010000 @
b101 L
b100 E
b10 6
b100 8
b10100000000000000000000000000100 ,
b10100000000000000000000000000100 =
b1000001101010 <
1*
10
#42020000
0*
00
#42025000
b0 '
b0 A
0(
b110 L
b10001 N
b101 E
b101 8
b100 6
b1000001101011 <
1*
10
#42030000
0*
00
#42035000
b0 L
b110 E
b0 J
b1000010001 H
b101 6
b0 8
0+
b0 ,
b0 =
b1000001101100 <
1*
10
#42040000
0*
00
#42045000
b1 L
b0 E
b110 6
b1000001101101 <
1*
10
#42050000
0*
00
#42055000
1(
b1 E
b1 J
b1000010000 H
b10000 N
b0 6
b1000001101110 <
1*
10
#42060000
0*
00
#42065000
b1 8
b1 6
b1000001101111 <
1*
10
#42070000
0*
00
#42075000
b10 L
1+
b10 8
b1000001110000 <
1*
10
#42080000
0*
00
#42085000
0%
b10 '
b10 A
b10000 )
b10000 @
b100 L
b10 E
b11 8
b1000001110001 <
1*
10
#42090000
0*
00
#42095000
1%
b1000010000 )
b1000010000 @
b101 L
b100 E
b10 6
b100 8
b10100000000000000000000000000100 ,
b10100000000000000000000000000100 =
b1000001110010 <
1*
10
#42100000
0*
00
#42105000
b0 '
b0 A
0(
b110 L
b10001 N
b101 E
b101 8
b100 6
b1000001110011 <
1*
10
#42110000
0*
00
#42115000
b0 L
b110 E
b0 J
b1000010001 H
b101 6
b0 8
0+
b0 ,
b0 =
b1000001110100 <
1*
10
#42120000
0*
00
#42125000
b1 L
b0 E
b110 6
b1000001110101 <
1*
10
#42130000
0*
00
#42135000
1(
b1 E
b1 J
b1000010000 H
b10000 N
b0 6
b1000001110110 <
1*
10
#42140000
0*
00
#42145000
b1 8
b1 6
b1000001110111 <
1*
10
#42150000
0*
00
#42155000
b10 L
1+
b10 8
b1000001111000 <
1*
10
#42160000
0*
00
#42165000
0%
b10 '
b10 A
b10000 )
b10000 @
b100 L
b10 E
b11 8
b1000001111001 <
1*
10
#42170000
0*
00
#42175000
1%
b1000010000 )
b1000010000 @
b101 L
b100 E
b10 6
b100 8
b10100000000000000000000000000100 ,
b10100000000000000000000000000100 =
b1000001111010 <
1*
10
#42180000
0*
00
#42185000
b0 '
b0 A
0(
b110 L
b10001 N
b101 E
b101 8
b100 6
b1000001111011 <
1*
10
#42190000
0*
00
#42195000
b0 L
b110 E
b0 J
b1000010001 H
b101 6
b0 8
0+
b0 ,
b0 =
b1000001111100 <
1*
10
#42200000
0*
00
#42205000
b1 L
b0 E
b110 6
b1000001111101 <
1*
10
#42210000
0*
00
#42215000
1(
b1 E
b1 J
b1000010000 H
b10000 N
b0 6
b1000001111110 <
1*
10
#42220000
0*
00
#42225000
b1 8
b1 6
b1000001111111 <
1*
10
#42230000
0*
00
#42235000
b10 L
1+
b10 8
b1000010000000 <
1*
10
#42240000
0*
00
#42245000
0%
b10 '
b10 A
b10000 )
b10000 @
b100 L
b10 E
b11 8
b1000010000001 <
1*
10
#42250000
0*
00
#42255000
1%
b1000010000 )
b1000010000 @
b101 L
b100 E
b10 6
b100 8
b10100000000000000000000000000100 ,
b10100000000000000000000000000100 =
b1000010000010 <
1*
10
#42260000
0*
00
#42265000
b0 '
b0 A
0(
b110 L
b10001 N
b101 E
b101 8
b100 6
b1000010000011 <
1*
10
#42270000
0*
00
#42275000
b0 L
b110 E
b0 J
b1000010001 H
b101 6
b0 8
0+
b0 ,
b0 =
b1000010000100 <
1*
10
#42280000
0*
00
#42285000
b1 L
b0 E
b110 6
b1000010000101 <
1*
10
#42290000
0*
00
#42295000
1(
b1 E
b1 J
b1000010000 H
b10000 N
b0 6
b1000010000110 <
1*
10
#42300000
0*
00
#42305000
b1 8
b1 6
b1000010000111 <
1*
10
#42310000
0*
00
#42315000
b10 L
1+
b10 8
b1000010001000 <
1*
10
#42320000
0*
00
#42325000
0%
b10 '
b10 A
b10000 )
b10000 @
b100 L
b10 E
b11 8
b1000010001001 <
1*
10
#42330000
0*
00
#42335000
1%
b1000010000 )
b1000010000 @
b101 L
b100 E
b10 6
b100 8
b10100000000000000000000000000100 ,
b10100000000000000000000000000100 =
b1000010001010 <
1*
10
#42340000
0*
00
#42345000
b0 '
b0 A
0(
b110 L
b10001 N
b101 E
b101 8
b100 6
b1000010001011 <
1*
10
#42350000
0*
00
#42355000
b0 L
b110 E
b0 J
b1000010001 H
b101 6
b0 8
0+
b0 ,
b0 =
b1000010001100 <
1*
10
#42360000
0*
00
#42365000
b1 L
b0 E
b110 6
b1000010001101 <
1*
10
#42370000
0*
00
#42375000
1(
b1 E
b1 J
b1000010000 H
b10000 N
b0 6
b1000010001110 <
1*
10
#42380000
0*
00
#42385000
b1 8
b1 6
b1000010001111 <
1*
10
#42390000
0*
00
#42395000
b10 L
1+
b10 8
b1000010010000 <
1*
10
#42400000
0*
00
#42405000
0%
b10 '
b10 A
b10000 )
b10000 @
b100 L
b10 E
b11 8
b1000010010001 <
1*
10
#42410000
0*
00
#42415000
1%
b1000010000 )
b1000010000 @
b101 L
b100 E
b10 6
b100 8
b10100000000000000000000000000100 ,
b10100000000000000000000000000100 =
b1000010010010 <
1*
10
#42420000
0*
00
#42425000
b0 '
b0 A
0(
b110 L
b10001 N
b101 E
b101 8
b100 6
b1000010010011 <
1*
10
#42430000
0*
00
#42435000
b0 L
b110 E
b0 J
b1000010001 H
b101 6
b0 8
0+
b0 ,
b0 =
b1000010010100 <
1*
10
#42440000
0*
00
#42445000
b1 L
b0 E
b110 6
b1000010010101 <
1*
10
#42450000
0*
00
#42455000
1(
b1 E
b1 J
b1000010000 H
b10000 N
b0 6
b1000010010110 <
1*
10
#42460000
0*
00
#42465000
b1 8
b1 6
b1000010010111 <
1*
10
#42470000
0*
00
#42475000
b10 L
1+
b10 8
b1000010011000 <
1*
10
#42480000
0*
00
#42485000
0%
b10 '
b10 A
b10000 )
b10000 @
b100 L
b10 E
b11 8
b1000010011001 <
1*
10
#42490000
0*
00
#42495000
1%
b1000010000 )
b1000010000 @
b101 L
b100 E
b10 6
b100 8
b10100000000000000000000000000100 ,
b10100000000000000000000000000100 =
b1000010011010 <
1*
10
#42500000
0*
00
#42505000
b0 '
b0 A
0(
b110 L
b10001 N
b101 E
b101 8
b100 6
b1000010011011 <
1*
10
#42510000
0*
00
#42515000
b0 L
b110 E
b0 J
b1000010001 H
b101 6
b0 8
0+
b0 ,
b0 =
b1000010011100 <
1*
10
#42520000
0*
00
#42525000
b1 L
b0 E
b110 6
b1000010011101 <
1*
10
#42530000
0*
00
#42535000
1(
b1 E
b1 J
b1000010000 H
b10000 N
b0 6
b1000010011110 <
1*
10
#42540000
0*
00
#42545000
b1 8
b1 6
b1000010011111 <
1*
10
#42550000
0*
00
#42555000
b10 L
1+
b10 8
b1000010100000 <
1*
10
#42560000
0*
00
#42565000
0%
b10 '
b10 A
b10000 )
b10000 @
b100 L
b10 E
b11 8
b1000010100001 <
1*
10
#42570000
0*
00
#42575000
1%
b1000010000 )
b1000010000 @
b101 L
b100 E
b10 6
b100 8
b10100000000000000000000000000100 ,
b10100000000000000000000000000100 =
b1000010100010 <
1*
10
#42580000
0*
00
#42585000
b0 '
b0 A
0(
b110 L
b10001 N
b101 E
b101 8
b100 6
b1000010100011 <
1*
10
#42590000
0*
00
#42595000
b0 L
b110 E
b0 J
b1000010001 H
b101 6
b0 8
0+
b0 ,
b0 =
b1000010100100 <
1*
10
#42600000
0*
00
#42605000
b1 L
b0 E
b110 6
b1000010100101 <
1*
10
#42610000
0*
00
#42615000
1(
b1 E
b1 J
b1000010000 H
b10000 N
b0 6
b1000010100110 <
1*
10
#42620000
0*
00
#42625000
b1 8
b1 6
b1000010100111 <
1*
10
#42630000
0*
00
#42635000
b10 L
1+
b10 8
b1000010101000 <
1*
10
#42640000
0*
00
#42645000
0%
b10 '
b10 A
b10000 )
b10000 @
b100 L
b10 E
b11 8
b1000010101001 <
1*
10
#42650000
0*
00
#42655000
1%
b1000010000 )
b1000010000 @
b101 L
b100 E
b10 6
b100 8
b10100000000000000000000000000100 ,
b10100000000000000000000000000100 =
b1000010101010 <
1*
10
#42660000
0*
00
#42665000
b0 '
b0 A
0(
b110 L
b10001 N
b101 E
b101 8
b100 6
b1000010101011 <
1*
10
#42670000
0*
00
#42675000
b0 L
b110 E
b0 J
b1000010001 H
b101 6
b0 8
0+
b0 ,
b0 =
b1000010101100 <
1*
10
#42680000
0*
00
#42685000
b1 L
b0 E
b110 6
b1000010101101 <
1*
10
#42690000
0*
00
#42695000
1(
b1 E
b1 J
b1000010000 H
b10000 N
b0 6
b1000010101110 <
1*
10
#42700000
0*
00
#42705000
b1 8
b1 6
b1000010101111 <
1*
10
#42710000
0*
00
#42715000
b10 L
1+
b10 8
b1000010110000 <
1*
10
#42720000
0*
00
#42725000
0%
b10 '
b10 A
b10000 )
b10000 @
b100 L
b10 E
b11 8
b1000010110001 <
1*
10
#42730000
0*
00
#42735000
1%
b1000010000 )
b1000010000 @
b101 L
b100 E
b10 6
b100 8
b10100000000000000000000000000100 ,
b10100000000000000000000000000100 =
b1000010110010 <
1*
10
#42740000
0*
00
#42745000
b0 '
b0 A
0(
b110 L
b10001 N
b101 E
b101 8
b100 6
b1000010110011 <
1*
10
#42750000
0*
00
#42755000
b0 L
b110 E
b0 J
b1000010001 H
b101 6
b0 8
0+
b0 ,
b0 =
b1000010110100 <
1*
10
#42760000
0*
00
#42765000
b1 L
b0 E
b110 6
b1000010110101 <
1*
10
#42770000
0*
00
#42775000
1(
b1 E
b1 J
b1000010000 H
b10000 N
b0 6
b1000010110110 <
1*
10
#42780000
0*
00
#42785000
b1 8
b1 6
b1000010110111 <
1*
10
#42790000
0*
00
#42795000
b10 L
1+
b10 8
b1000010111000 <
1*
10
#42800000
0*
00
#42805000
0%
b10 '
b10 A
b10000 )
b10000 @
b100 L
b10 E
b11 8
b1000010111001 <
1*
10
#42810000
0*
00
#42815000
1%
b1000010000 )
b1000010000 @
b101 L
b100 E
b10 6
b100 8
b10100000000000000000000000000100 ,
b10100000000000000000000000000100 =
b1000010111010 <
1*
10
#42820000
0*
00
#42825000
b0 '
b0 A
0(
b110 L
b10001 N
b101 E
b101 8
b100 6
b1000010111011 <
1*
10
#42830000
0*
00
#42835000
b0 L
b110 E
b0 J
b1000010001 H
b101 6
b0 8
0+
b0 ,
b0 =
b1000010111100 <
1*
10
#42840000
0*
00
#42845000
b1 L
b0 E
b110 6
b1000010111101 <
1*
10
#42850000
0*
00
#42855000
1(
b1 E
b1 J
b1000010000 H
b10000 N
b0 6
b1000010111110 <
1*
10
#42860000
0*
00
#42865000
b1 8
b1 6
b1000010111111 <
1*
10
#42870000
0*
00
#42875000
b10 L
1+
b10 8
b1000011000000 <
1*
10
#42880000
0*
00
#42885000
0%
b10 '
b10 A
b10000 )
b10000 @
b100 L
b10 E
b11 8
b1000011000001 <
1*
10
#42890000
0*
00
#42895000
1%
b1000010000 )
b1000010000 @
b101 L
b100 E
b10 6
b100 8
b10100000000000000000000000000100 ,
b10100000000000000000000000000100 =
b1000011000010 <
1*
10
#42900000
0*
00
#42905000
b0 '
b0 A
0(
b110 L
b10001 N
b101 E
b101 8
b100 6
b1000011000011 <
1*
10
#42910000
0*
00
#42915000
b0 L
b110 E
b0 J
b1000010001 H
b101 6
b0 8
0+
b0 ,
b0 =
b1000011000100 <
1*
10
#42920000
0*
00
#42925000
b1 L
b0 E
b110 6
b1000011000101 <
1*
10
#42930000
0*
00
#42935000
1(
b1 E
b1 J
b1000010000 H
b10000 N
b0 6
b1000011000110 <
1*
10
#42940000
0*
00
#42945000
b1 8
b1 6
b1000011000111 <
1*
10
#42950000
0*
00
#42955000
b10 L
1+
b10 8
b1000011001000 <
1*
10
#42960000
0*
00
#42965000
0%
b10 '
b10 A
b10000 )
b10000 @
b100 L
b10 E
b11 8
b1000011001001 <
1*
10
#42970000
0*
00
#42975000
1%
b1000010000 )
b1000010000 @
b101 L
b100 E
b10 6
b100 8
b10100000000000000000000000000100 ,
b10100000000000000000000000000100 =
b1000011001010 <
1*
10
#42980000
0*
00
#42985000
b0 '
b0 A
0(
b110 L
b10001 N
b101 E
b101 8
b100 6
b1000011001011 <
1*
10
#42990000
0*
00
#42995000
b0 L
b110 E
b0 J
b1000010001 H
b101 6
b0 8
0+
b0 ,
b0 =
b1000011001100 <
1*
10
#43000000
0*
00
#43005000
b1 L
b0 E
b110 6
b1000011001101 <
1*
10
#43010000
0*
00
#43015000
1(
b1 E
b1 J
b1000010000 H
b10000 N
b0 6
b1000011001110 <
1*
10
#43020000
0*
00
#43025000
b1 8
b1 6
b1000011001111 <
1*
10
#43030000
0*
00
#43035000
b10 L
1+
b10 8
b1000011010000 <
1*
10
#43040000
0*
00
#43045000
0%
b10 '
b10 A
b10000 )
b10000 @
b100 L
b10 E
b11 8
b1000011010001 <
1*
10
#43050000
0*
00
#43055000
1%
b1000010000 )
b1000010000 @
b101 L
b100 E
b10 6
b100 8
b10100000000000000000000000000100 ,
b10100000000000000000000000000100 =
b1000011010010 <
1*
10
#43060000
0*
00
#43065000
b0 '
b0 A
0(
b110 L
b10001 N
b101 E
b101 8
b100 6
b1000011010011 <
1*
10
#43070000
0*
00
#43075000
b0 L
b110 E
b0 J
b1000010001 H
b101 6
b0 8
0+
b0 ,
b0 =
b1000011010100 <
1*
10
#43080000
0*
00
#43085000
b1 L
b0 E
b110 6
b1000011010101 <
1*
10
#43090000
0*
00
#43095000
1(
b1 E
b1 J
b1000010000 H
b10000 N
b0 6
b1000011010110 <
1*
10
#43100000
0*
00
#43105000
b1 8
b1 6
b1000011010111 <
1*
10
#43110000
0*
00
#43115000
b10 L
1+
b10 8
b1000011011000 <
1*
10
#43120000
0*
00
#43125000
0%
b10 '
b10 A
b10000 )
b10000 @
b100 L
b10 E
b11 8
b1000011011001 <
1*
10
#43130000
0*
00
#43135000
1%
b1000010000 )
b1000010000 @
b101 L
b100 E
b10 6
b100 8
b10100000000000000000000000000100 ,
b10100000000000000000000000000100 =
b1000011011010 <
1*
10
#43140000
0*
00
#43145000
b0 '
b0 A
0(
b110 L
b10001 N
b101 E
b101 8
b100 6
b1000011011011 <
1*
10
#43150000
0*
00
#43155000
b0 L
b110 E
b0 J
b1000010001 H
b101 6
b0 8
0+
b0 ,
b0 =
b1000011011100 <
1*
10
#43160000
0*
00
#43165000
b1 L
b0 E
b110 6
b1000011011101 <
1*
10
#43170000
0*
00
#43175000
1(
b1 E
b1 J
b1000010000 H
b10000 N
b0 6
b1000011011110 <
1*
10
#43180000
0*
00
#43185000
b1 8
b1 6
b1000011011111 <
1*
10
#43190000
0*
00
#43195000
b10 L
1+
b10 8
b1000011100000 <
1*
10
#43200000
0*
00
#43205000
0%
b10 '
b10 A
b10000 )
b10000 @
b100 L
b10 E
b11 8
b1000011100001 <
1*
10
#43210000
0*
00
#43215000
1%
b1000010000 )
b1000010000 @
b101 L
b100 E
b10 6
b100 8
b10100000000000000000000000000100 ,
b10100000000000000000000000000100 =
b1000011100010 <
1*
10
#43220000
0*
00
#43225000
b0 '
b0 A
0(
b110 L
b10001 N
b101 E
b101 8
b100 6
b1000011100011 <
1*
10
#43230000
0*
00
#43235000
b0 L
b110 E
b0 J
b1000010001 H
b101 6
b0 8
0+
b0 ,
b0 =
b1000011100100 <
1*
10
#43240000
0*
00
#43245000
b1 L
b0 E
b110 6
b1000011100101 <
1*
10
#43250000
0*
00
#43255000
1(
b1 E
b1 J
b1000010000 H
b10000 N
b0 6
b1000011100110 <
1*
10
#43260000
0*
00
#43265000
b1 8
b1 6
b1000011100111 <
1*
10
#43270000
0*
00
#43275000
b10 L
1+
b10 8
b1000011101000 <
1*
10
#43280000
0*
00
#43285000
0%
b10 '
b10 A
b10000 )
b10000 @
b100 L
b10 E
b11 8
b1000011101001 <
1*
10
#43290000
0*
00
#43295000
1%
b1000010000 )
b1000010000 @
b101 L
b100 E
b10 6
b100 8
b10100000000000000000000000000100 ,
b10100000000000000000000000000100 =
b1000011101010 <
1*
10
#43300000
0*
00
#43305000
b0 '
b0 A
0(
b110 L
b10001 N
b101 E
b101 8
b100 6
b1000011101011 <
1*
10
#43310000
0*
00
#43315000
b0 L
b110 E
b0 J
b1000010001 H
b101 6
b0 8
0+
b0 ,
b0 =
b1000011101100 <
1*
10
#43320000
0*
00
#43325000
b1 L
b0 E
b110 6
b1000011101101 <
1*
10
#43330000
0*
00
#43335000
1(
b1 E
b1 J
b1000010000 H
b10000 N
b0 6
b1000011101110 <
1*
10
#43340000
0*
00
#43345000
b1 8
b1 6
b1000011101111 <
1*
10
#43350000
0*
00
#43355000
b10 L
1+
b10 8
b1000011110000 <
1*
10
#43360000
0*
00
#43365000
0%
b10 '
b10 A
b10000 )
b10000 @
b100 L
b10 E
b11 8
b1000011110001 <
1*
10
#43370000
0*
00
#43375000
1%
b1000010000 )
b1000010000 @
b101 L
b100 E
b10 6
b100 8
b10100000000000000000000000000100 ,
b10100000000000000000000000000100 =
b1000011110010 <
1*
10
#43380000
0*
00
#43385000
b0 '
b0 A
0(
b110 L
b10001 N
b101 E
b101 8
b100 6
b1000011110011 <
1*
10
#43390000
0*
00
#43395000
b0 L
b110 E
b0 J
b1000010001 H
b101 6
b0 8
0+
b0 ,
b0 =
b1000011110100 <
1*
10
#43400000
0*
00
#43405000
b1 L
b0 E
b110 6
b1000011110101 <
1*
10
#43410000
0*
00
#43415000
1(
b1 E
b1 J
b1000010000 H
b10000 N
b0 6
b1000011110110 <
1*
10
#43420000
0*
00
#43425000
b1 8
b1 6
b1000011110111 <
1*
10
#43430000
0*
00
#43435000
b10 L
1+
b10 8
b1000011111000 <
1*
10
#43440000
0*
00
#43445000
0%
b10 '
b10 A
b10000 )
b10000 @
b100 L
b10 E
b11 8
b1000011111001 <
1*
10
#43450000
0*
00
#43455000
1%
b1000010000 )
b1000010000 @
b101 L
b100 E
b10 6
b100 8
b10100000000000000000000000000100 ,
b10100000000000000000000000000100 =
b1000011111010 <
1*
10
#43460000
0*
00
#43465000
b0 '
b0 A
0(
b110 L
b10001 N
b101 E
b101 8
b100 6
b1000011111011 <
1*
10
#43470000
0*
00
#43475000
b0 L
b110 E
b0 J
b1000010001 H
b101 6
b0 8
0+
b0 ,
b0 =
b1000011111100 <
1*
10
#43480000
0*
00
#43485000
b1 L
b0 E
b110 6
b1000011111101 <
1*
10
#43490000
0*
00
#43495000
1(
b1 E
b1 J
b1000010000 H
b10000 N
b0 6
b1000011111110 <
1*
10
#43500000
0*
00
#43505000
b1 8
b1 6
b1000011111111 <
1*
10
#43510000
0*
00
#43515000
b10 L
1+
b10 8
b1000100000000 <
1*
10
#43520000
0*
00
#43525000
0%
b10 '
b10 A
b10000 )
b10000 @
b100 L
b10 E
b11 8
b1000100000001 <
1*
10
#43530000
0*
00
#43535000
1%
b1000010000 )
b1000010000 @
b101 L
b100 E
b10 6
b100 8
b10100000000000000000000000000100 ,
b10100000000000000000000000000100 =
b1000100000010 <
1*
10
#43540000
0*
00
#43545000
b0 '
b0 A
0(
b110 L
b10001 N
b101 E
b101 8
b100 6
b1000100000011 <
1*
10
#43550000
0*
00
#43555000
b0 L
b110 E
b0 J
b1000010001 H
b101 6
b0 8
0+
b0 ,
b0 =
b1000100000100 <
1*
10
#43560000
0*
00
#43565000
b1 L
b0 E
b110 6
b1000100000101 <
1*
10
#43570000
0*
00
#43575000
1(
b1 E
b1 J
b1000010000 H
b10000 N
b0 6
b1000100000110 <
1*
10
#43580000
0*
00
#43585000
b1 8
b1 6
b1000100000111 <
1*
10
#43590000
0*
00
#43595000
b10 L
1+
b10 8
b1000100001000 <
1*
10
#43600000
0*
00
#43605000
0%
b10 '
b10 A
b10000 )
b10000 @
b100 L
b10 E
b11 8
b1000100001001 <
1*
10
#43610000
0*
00
#43615000
1%
b1000010000 )
b1000010000 @
b101 L
b100 E
b10 6
b100 8
b10100000000000000000000000000100 ,
b10100000000000000000000000000100 =
b1000100001010 <
1*
10
#43620000
0*
00
#43625000
b0 '
b0 A
0(
b110 L
b10001 N
b101 E
b101 8
b100 6
b1000100001011 <
1*
10
#43630000
0*
00
#43635000
b0 L
b110 E
b0 J
b1000010001 H
b101 6
b0 8
0+
b0 ,
b0 =
b1000100001100 <
1*
10
#43640000
0*
00
#43645000
b1 L
b0 E
b110 6
b1000100001101 <
1*
10
#43650000
0*
00
#43655000
1(
b1 E
b1 J
b1000010000 H
b10000 N
b0 6
b1000100001110 <
1*
10
#43660000
0*
00
#43665000
b1 8
b1 6
b1000100001111 <
1*
10
#43670000
0*
00
#43675000
b10 L
1+
b10 8
b1000100010000 <
1*
10
#43680000
0*
00
#43685000
0%
b10 '
b10 A
b10000 )
b10000 @
b100 L
b10 E
b11 8
b1000100010001 <
1*
10
#43690000
0*
00
#43695000
1%
b1000010000 )
b1000010000 @
b101 L
b100 E
b10 6
b100 8
b10100000000000000000000000000100 ,
b10100000000000000000000000000100 =
b1000100010010 <
1*
10
#43700000
0*
00
#43705000
b0 '
b0 A
0(
b110 L
b10001 N
b101 E
b101 8
b100 6
b1000100010011 <
1*
10
#43710000
0*
00
#43715000
b0 L
b110 E
b0 J
b1000010001 H
b101 6
b0 8
0+
b0 ,
b0 =
b1000100010100 <
1*
10
#43720000
0*
00
#43725000
b1 L
b0 E
b110 6
b1000100010101 <
1*
10
#43730000
0*
00
#43735000
1(
b1 E
b1 J
b1000010000 H
b10000 N
b0 6
b1000100010110 <
1*
10
#43740000
0*
00
#43745000
b1 8
b1 6
b1000100010111 <
1*
10
#43750000
0*
00
#43755000
b10 L
1+
b10 8
b1000100011000 <
1*
10
#43760000
0*
00
#43765000
0%
b10 '
b10 A
b10000 )
b10000 @
b100 L
b10 E
b11 8
b1000100011001 <
1*
10
#43770000
0*
00
#43775000
1%
b1000010000 )
b1000010000 @
b101 L
b100 E
b10 6
b100 8
b10100000000000000000000000000100 ,
b10100000000000000000000000000100 =
b1000100011010 <
1*
10
#43780000
0*
00
#43785000
b0 '
b0 A
0(
b110 L
b10001 N
b101 E
b101 8
b100 6
b1000100011011 <
1*
10
#43790000
0*
00
#43795000
b0 L
b110 E
b0 J
b1000010001 H
b101 6
b0 8
0+
b0 ,
b0 =
b1000100011100 <
1*
10
#43800000
0*
00
#43805000
b1 L
b0 E
b110 6
b1000100011101 <
1*
10
#43810000
0*
00
#43815000
1(
b1 E
b1 J
b1000010000 H
b10000 N
b0 6
b1000100011110 <
1*
10
#43820000
0*
00
#43825000
b1 8
b1 6
b1000100011111 <
1*
10
#43830000
0*
00
#43835000
b10 L
1+
b10 8
b1000100100000 <
1*
10
#43840000
0*
00
#43845000
0%
b10 '
b10 A
b10000 )
b10000 @
b100 L
b10 E
b11 8
b1000100100001 <
1*
10
#43850000
0*
00
#43855000
1%
b1000010000 )
b1000010000 @
b101 L
b100 E
b10 6
b100 8
b10100000000000000000000000000100 ,
b10100000000000000000000000000100 =
b1000100100010 <
1*
10
#43860000
0*
00
#43865000
b0 '
b0 A
0(
b110 L
b10001 N
b101 E
b101 8
b100 6
b1000100100011 <
1*
10
#43870000
0*
00
#43875000
b0 L
b110 E
b0 J
b1000010001 H
b101 6
b0 8
0+
b0 ,
b0 =
b1000100100100 <
1*
10
#43880000
0*
00
#43885000
b1 L
b0 E
b110 6
b1000100100101 <
1*
10
#43890000
0*
00
#43895000
1(
b1 E
b1 J
b1000010000 H
b10000 N
b0 6
b1000100100110 <
1*
10
#43900000
0*
00
#43905000
b1 8
b1 6
b1000100100111 <
1*
10
#43910000
0*
00
#43915000
b10 L
1+
b10 8
b1000100101000 <
1*
10
#43920000
0*
00
#43925000
0%
b10 '
b10 A
b10000 )
b10000 @
b100 L
b10 E
b11 8
b1000100101001 <
1*
10
#43930000
0*
00
#43935000
1%
b1000010000 )
b1000010000 @
b101 L
b100 E
b10 6
b100 8
b10100000000000000000000000000100 ,
b10100000000000000000000000000100 =
b1000100101010 <
1*
10
#43940000
0*
00
#43945000
b0 '
b0 A
0(
b110 L
b10001 N
b101 E
b101 8
b100 6
b1000100101011 <
1*
10
#43950000
0*
00
#43955000
b0 L
b110 E
b0 J
b1000010001 H
b101 6
b0 8
0+
b0 ,
b0 =
b1000100101100 <
1*
10
#43960000
0*
00
#43965000
b1 L
b0 E
b110 6
b1000100101101 <
1*
10
#43970000
0*
00
#43975000
1(
b1 E
b1 J
b1000010000 H
b10000 N
b0 6
b1000100101110 <
1*
10
#43980000
0*
00
#43985000
b1 8
b1 6
b1000100101111 <
1*
10
#43990000
0*
00
#43995000
b10 L
1+
b10 8
b1000100110000 <
1*
10
#44000000
0*
00
#44005000
0%
b10 '
b10 A
b10000 )
b10000 @
b100 L
b10 E
b11 8
b1000100110001 <
1*
10
#44010000
0*
00
#44015000
1%
b1000010000 )
b1000010000 @
b101 L
b100 E
b10 6
b100 8
b10100000000000000000000000000100 ,
b10100000000000000000000000000100 =
b1000100110010 <
1*
10
#44020000
0*
00
#44025000
b0 '
b0 A
0(
b110 L
b10001 N
b101 E
b101 8
b100 6
b1000100110011 <
1*
10
#44030000
0*
00
#44035000
b0 L
b110 E
b0 J
b1000010001 H
b101 6
b0 8
0+
b0 ,
b0 =
b1000100110100 <
1*
10
#44040000
0*
00
#44045000
b1 L
b0 E
b110 6
b1000100110101 <
1*
10
#44050000
0*
00
#44055000
1(
b1 E
b1 J
b1000010000 H
b10000 N
b0 6
b1000100110110 <
1*
10
#44060000
0*
00
#44065000
b1 8
b1 6
b1000100110111 <
1*
10
#44070000
0*
00
#44075000
b10 L
1+
b10 8
b1000100111000 <
1*
10
#44080000
0*
00
#44085000
0%
b10 '
b10 A
b10000 )
b10000 @
b100 L
b10 E
b11 8
b1000100111001 <
1*
10
#44090000
0*
00
#44095000
1%
b1000010000 )
b1000010000 @
b101 L
b100 E
b10 6
b100 8
b10100000000000000000000000000100 ,
b10100000000000000000000000000100 =
b1000100111010 <
1*
10
#44100000
0*
00
#44105000
b0 '
b0 A
0(
b110 L
b10001 N
b101 E
b101 8
b100 6
b1000100111011 <
1*
10
#44110000
0*
00
#44115000
b0 L
b110 E
b0 J
b1000010001 H
b101 6
b0 8
0+
b0 ,
b0 =
b1000100111100 <
1*
10
#44120000
0*
00
#44125000
b1 L
b0 E
b110 6
b1000100111101 <
1*
10
#44130000
0*
00
#44135000
1(
b1 E
b1 J
b1000010000 H
b10000 N
b0 6
b1000100111110 <
1*
10
#44140000
0*
00
#44145000
b1 8
b1 6
b1000100111111 <
1*
10
#44150000
0*
00
#44155000
b10 L
1+
b10 8
b1000101000000 <
1*
10
#44160000
0*
00
#44165000
0%
b10 '
b10 A
b10000 )
b10000 @
b100 L
b10 E
b11 8
b1000101000001 <
1*
10
#44170000
0*
00
#44175000
1%
b1000010000 )
b1000010000 @
b101 L
b100 E
b10 6
b100 8
b10100000000000000000000000000100 ,
b10100000000000000000000000000100 =
b1000101000010 <
1*
10
#44180000
0*
00
#44185000
b0 '
b0 A
0(
b110 L
b10001 N
b101 E
b101 8
b100 6
b1000101000011 <
1*
10
#44190000
0*
00
#44195000
b0 L
b110 E
b0 J
b1000010001 H
b101 6
b0 8
0+
b0 ,
b0 =
b1000101000100 <
1*
10
#44200000
0*
00
#44205000
b1 L
b0 E
b110 6
b1000101000101 <
1*
10
#44210000
0*
00
#44215000
1(
b1 E
b1 J
b1000010000 H
b10000 N
b0 6
b1000101000110 <
1*
10
#44220000
0*
00
#44225000
b1 8
b1 6
b1000101000111 <
1*
10
#44230000
0*
00
#44235000
b10 L
1+
b10 8
b1000101001000 <
1*
10
#44240000
0*
00
#44245000
0%
b10 '
b10 A
b10000 )
b10000 @
b100 L
b10 E
b11 8
b1000101001001 <
1*
10
#44250000
0*
00
#44255000
1%
b1000010000 )
b1000010000 @
b101 L
b100 E
b10 6
b100 8
b10100000000000000000000000000100 ,
b10100000000000000000000000000100 =
b1000101001010 <
1*
10
#44260000
0*
00
#44265000
b0 '
b0 A
0(
b110 L
b10001 N
b101 E
b101 8
b100 6
b1000101001011 <
1*
10
#44270000
0*
00
#44275000
b0 L
b110 E
b0 J
b1000010001 H
b101 6
b0 8
0+
b0 ,
b0 =
b1000101001100 <
1*
10
#44280000
0*
00
#44285000
b1 L
b0 E
b110 6
b1000101001101 <
1*
10
#44290000
0*
00
#44295000
1(
b1 E
b1 J
b1000010000 H
b10000 N
b0 6
b1000101001110 <
1*
10
#44300000
0*
00
#44305000
b1 8
b1 6
b1000101001111 <
1*
10
#44310000
0*
00
#44315000
b10 L
1+
b10 8
b1000101010000 <
1*
10
#44320000
0*
00
#44325000
0%
b10 '
b10 A
b10000 )
b10000 @
b100 L
b10 E
b11 8
b1000101010001 <
1*
10
#44330000
0*
00
#44335000
1%
b1000010000 )
b1000010000 @
b101 L
b100 E
b10 6
b100 8
b10100000000000000000000000000100 ,
b10100000000000000000000000000100 =
b1000101010010 <
1*
10
#44340000
0*
00
#44345000
b0 '
b0 A
0(
b110 L
b10001 N
b101 E
b101 8
b100 6
b1000101010011 <
1*
10
#44350000
0*
00
#44355000
b0 L
b110 E
b0 J
b1000010001 H
b101 6
b0 8
0+
b0 ,
b0 =
b1000101010100 <
1*
10
#44360000
0*
00
#44365000
b1 L
b0 E
b110 6
b1000101010101 <
1*
10
#44370000
0*
00
#44375000
1(
b1 E
b1 J
b1000010000 H
b10000 N
b0 6
b1000101010110 <
1*
10
#44380000
0*
00
#44385000
b1 8
b1 6
b1000101010111 <
1*
10
#44390000
0*
00
#44395000
b10 L
1+
b10 8
b1000101011000 <
1*
10
#44400000
0*
00
#44405000
0%
b10 '
b10 A
b10000 )
b10000 @
b100 L
b10 E
b11 8
b1000101011001 <
1*
10
#44410000
0*
00
#44415000
1%
b1000010000 )
b1000010000 @
b101 L
b100 E
b10 6
b100 8
b10100000000000000000000000000100 ,
b10100000000000000000000000000100 =
b1000101011010 <
1*
10
#44420000
0*
00
#44425000
b0 '
b0 A
0(
b110 L
b10001 N
b101 E
b101 8
b100 6
b1000101011011 <
1*
10
#44430000
0*
00
#44435000
b0 L
b110 E
b0 J
b1000010001 H
b101 6
b0 8
0+
b0 ,
b0 =
b1000101011100 <
1*
10
#44440000
0*
00
#44445000
b1 L
b0 E
b110 6
b1000101011101 <
1*
10
#44450000
0*
00
#44455000
1(
b1 E
b1 J
b1000010000 H
b10000 N
b0 6
b1000101011110 <
1*
10
#44460000
0*
00
#44465000
b1 8
b1 6
b1000101011111 <
1*
10
#44470000
0*
00
#44475000
b10 L
1+
b10 8
b1000101100000 <
1*
10
#44480000
0*
00
#44485000
0%
b10 '
b10 A
b10000 )
b10000 @
b100 L
b10 E
b11 8
b1000101100001 <
1*
10
#44490000
0*
00
#44495000
1%
b1000010000 )
b1000010000 @
b101 L
b100 E
b10 6
b100 8
b10100000000000000000000000000100 ,
b10100000000000000000000000000100 =
b1000101100010 <
1*
10
#44500000
0*
00
#44505000
b0 '
b0 A
0(
b110 L
b10001 N
b101 E
b101 8
b100 6
b1000101100011 <
1*
10
#44510000
0*
00
#44515000
b0 L
b110 E
b0 J
b1000010001 H
b101 6
b0 8
0+
b0 ,
b0 =
b1000101100100 <
1*
10
#44520000
0*
00
#44525000
b1 L
b0 E
b110 6
b1000101100101 <
1*
10
#44530000
0*
00
#44535000
1(
b1 E
b1 J
b1000010000 H
b10000 N
b0 6
b1000101100110 <
1*
10
#44540000
0*
00
#44545000
b1 8
b1 6
b1000101100111 <
1*
10
#44550000
0*
00
#44555000
b10 L
1+
b10 8
b1000101101000 <
1*
10
#44560000
0*
00
#44565000
0%
b10 '
b10 A
b10000 )
b10000 @
b100 L
b10 E
b11 8
b1000101101001 <
1*
10
#44570000
0*
00
#44575000
1%
b1000010000 )
b1000010000 @
b101 L
b100 E
b10 6
b100 8
b10100000000000000000000000000100 ,
b10100000000000000000000000000100 =
b1000101101010 <
1*
10
#44580000
0*
00
#44585000
b0 '
b0 A
0(
b110 L
b10001 N
b101 E
b101 8
b100 6
b1000101101011 <
1*
10
#44590000
0*
00
#44595000
b0 L
b110 E
b0 J
b1000010001 H
b101 6
b0 8
0+
b0 ,
b0 =
b1000101101100 <
1*
10
#44600000
0*
00
#44605000
b1 L
b0 E
b110 6
b1000101101101 <
1*
10
#44610000
0*
00
#44615000
1(
b1 E
b1 J
b1000010000 H
b10000 N
b0 6
b1000101101110 <
1*
10
#44620000
0*
00
#44625000
b1 8
b1 6
b1000101101111 <
1*
10
#44630000
0*
00
#44635000
b10 L
1+
b10 8
b1000101110000 <
1*
10
#44640000
0*
00
#44645000
0%
b10 '
b10 A
b10000 )
b10000 @
b100 L
b10 E
b11 8
b1000101110001 <
1*
10
#44650000
0*
00
#44655000
1%
b1000010000 )
b1000010000 @
b101 L
b100 E
b10 6
b100 8
b10100000000000000000000000000100 ,
b10100000000000000000000000000100 =
b1000101110010 <
1*
10
#44660000
0*
00
#44665000
b0 '
b0 A
0(
b110 L
b10001 N
b101 E
b101 8
b100 6
b1000101110011 <
1*
10
#44670000
0*
00
#44675000
b0 L
b110 E
b0 J
b1000010001 H
b101 6
b0 8
0+
b0 ,
b0 =
b1000101110100 <
1*
10
#44680000
0*
00
#44685000
b1 L
b0 E
b110 6
b1000101110101 <
1*
10
#44690000
0*
00
#44695000
1(
b1 E
b1 J
b1000010000 H
b10000 N
b0 6
b1000101110110 <
1*
10
#44700000
0*
00
#44705000
b1 8
b1 6
b1000101110111 <
1*
10
#44710000
0*
00
#44715000
b10 L
1+
b10 8
b1000101111000 <
1*
10
#44720000
0*
00
#44725000
0%
b10 '
b10 A
b10000 )
b10000 @
b100 L
b10 E
b11 8
b1000101111001 <
1*
10
#44730000
0*
00
#44735000
1%
b1000010000 )
b1000010000 @
b101 L
b100 E
b10 6
b100 8
b10100000000000000000000000000100 ,
b10100000000000000000000000000100 =
b1000101111010 <
1*
10
#44740000
0*
00
#44745000
b0 '
b0 A
0(
b110 L
b10001 N
b101 E
b101 8
b100 6
b1000101111011 <
1*
10
#44750000
0*
00
#44755000
b0 L
b110 E
b0 J
b1000010001 H
b101 6
b0 8
0+
b0 ,
b0 =
b1000101111100 <
1*
10
#44760000
0*
00
#44765000
b1 L
b0 E
b110 6
b1000101111101 <
1*
10
#44770000
0*
00
#44775000
1(
b1 E
b1 J
b1000010000 H
b10000 N
b0 6
b1000101111110 <
1*
10
#44780000
0*
00
#44785000
b1 8
b1 6
b1000101111111 <
1*
10
#44790000
0*
00
#44795000
b10 L
1+
b10 8
b1000110000000 <
1*
10
#44800000
0*
00
#44805000
0%
b10 '
b10 A
b10000 )
b10000 @
b100 L
b10 E
b11 8
b1000110000001 <
1*
10
#44810000
0*
00
#44815000
1%
b1000010000 )
b1000010000 @
b101 L
b100 E
b10 6
b100 8
b10100000000000000000000000000100 ,
b10100000000000000000000000000100 =
b1000110000010 <
1*
10
#44820000
0*
00
#44825000
b0 '
b0 A
0(
b110 L
b10001 N
b101 E
b101 8
b100 6
b1000110000011 <
1*
10
#44830000
0*
00
#44835000
b0 L
b110 E
b0 J
b1000010001 H
b101 6
b0 8
0+
b0 ,
b0 =
b1000110000100 <
1*
10
#44840000
0*
00
#44845000
b1 L
b0 E
b110 6
b1000110000101 <
1*
10
#44850000
0*
00
#44855000
1(
b1 E
b1 J
b1000010000 H
b10000 N
b0 6
b1000110000110 <
1*
10
#44860000
0*
00
#44865000
b1 8
b1 6
b1000110000111 <
1*
10
#44870000
0*
00
#44875000
b10 L
1+
b10 8
b1000110001000 <
1*
10
#44880000
0*
00
#44885000
0%
b10 '
b10 A
b10000 )
b10000 @
b100 L
b10 E
b11 8
b1000110001001 <
1*
10
#44890000
0*
00
#44895000
1%
b1000010000 )
b1000010000 @
b101 L
b100 E
b10 6
b100 8
b10100000000000000000000000000100 ,
b10100000000000000000000000000100 =
b1000110001010 <
1*
10
#44900000
0*
00
#44905000
b0 '
b0 A
0(
b110 L
b10001 N
b101 E
b101 8
b100 6
b1000110001011 <
1*
10
#44910000
0*
00
#44915000
b0 L
b110 E
b0 J
b1000010001 H
b101 6
b0 8
0+
b0 ,
b0 =
b1000110001100 <
1*
10
#44920000
0*
00
#44925000
b1 L
b0 E
b110 6
b1000110001101 <
1*
10
#44930000
0*
00
#44935000
1(
b1 E
b1 J
b1000010000 H
b10000 N
b0 6
b1000110001110 <
1*
10
#44940000
0*
00
#44945000
b1 8
b1 6
b1000110001111 <
1*
10
#44950000
0*
00
#44955000
b10 L
1+
b10 8
b1000110010000 <
1*
10
#44960000
0*
00
#44965000
0%
b10 '
b10 A
b10000 )
b10000 @
b100 L
b10 E
b11 8
b1000110010001 <
1*
10
#44970000
0*
00
#44975000
1%
b1000010000 )
b1000010000 @
b101 L
b100 E
b10 6
b100 8
b10100000000000000000000000000100 ,
b10100000000000000000000000000100 =
b1000110010010 <
1*
10
#44980000
0*
00
#44985000
b0 '
b0 A
0(
b110 L
b10001 N
b101 E
b101 8
b100 6
b1000110010011 <
1*
10
#44990000
0*
00
#44995000
b0 L
b110 E
b0 J
b1000010001 H
b101 6
b0 8
0+
b0 ,
b0 =
b1000110010100 <
1*
10
#45000000
0*
00
#45005000
b1 L
b0 E
b110 6
b1000110010101 <
1*
10
#45010000
0*
00
#45015000
1(
b1 E
b1 J
b1000010000 H
b10000 N
b0 6
b1000110010110 <
1*
10
#45020000
0*
00
#45025000
b1 8
b1 6
b1000110010111 <
1*
10
#45030000
0*
00
#45035000
b10 L
1+
b10 8
b1000110011000 <
1*
10
#45040000
0*
00
#45045000
0%
b10 '
b10 A
b10000 )
b10000 @
b100 L
b10 E
b11 8
b1000110011001 <
1*
10
#45050000
0*
00
#45055000
1%
b1000010000 )
b1000010000 @
b101 L
b100 E
b10 6
b100 8
b10100000000000000000000000000100 ,
b10100000000000000000000000000100 =
b1000110011010 <
1*
10
#45060000
0*
00
#45065000
b0 '
b0 A
0(
b110 L
b10001 N
b101 E
b101 8
b100 6
b1000110011011 <
1*
10
#45070000
0*
00
#45075000
b0 L
b110 E
b0 J
b1000010001 H
b101 6
b0 8
0+
b0 ,
b0 =
b1000110011100 <
1*
10
#45080000
0*
00
#45085000
b1 L
b0 E
b110 6
b1000110011101 <
1*
10
#45090000
0*
00
#45095000
1(
b1 E
b1 J
b1000010000 H
b10000 N
b0 6
b1000110011110 <
1*
10
#45100000
0*
00
#45105000
b1 8
b1 6
b1000110011111 <
1*
10
#45110000
0*
00
#45115000
b10 L
1+
b10 8
b1000110100000 <
1*
10
#45120000
0*
00
#45125000
0%
b10 '
b10 A
b10000 )
b10000 @
b100 L
b10 E
b11 8
b1000110100001 <
1*
10
#45130000
0*
00
#45135000
1%
b1000010000 )
b1000010000 @
b101 L
b100 E
b10 6
b100 8
b10100000000000000000000000000100 ,
b10100000000000000000000000000100 =
b1000110100010 <
1*
10
#45140000
0*
00
#45145000
b0 '
b0 A
0(
b110 L
b10001 N
b101 E
b101 8
b100 6
b1000110100011 <
1*
10
#45150000
0*
00
#45155000
b0 L
b110 E
b0 J
b1000010001 H
b101 6
b0 8
0+
b0 ,
b0 =
b1000110100100 <
1*
10
#45160000
0*
00
#45165000
b1 L
b0 E
b110 6
b1000110100101 <
1*
10
#45170000
0*
00
#45175000
1(
b1 E
b1 J
b1000010000 H
b10000 N
b0 6
b1000110100110 <
1*
10
#45180000
0*
00
#45185000
b1 8
b1 6
b1000110100111 <
1*
10
#45190000
0*
00
#45195000
b10 L
1+
b10 8
b1000110101000 <
1*
10
#45200000
0*
00
#45205000
0%
b10 '
b10 A
b10000 )
b10000 @
b100 L
b10 E
b11 8
b1000110101001 <
1*
10
#45210000
0*
00
#45215000
1%
b1000010000 )
b1000010000 @
b101 L
b100 E
b10 6
b100 8
b10100000000000000000000000000100 ,
b10100000000000000000000000000100 =
b1000110101010 <
1*
10
#45220000
0*
00
#45225000
b0 '
b0 A
0(
b110 L
b10001 N
b101 E
b101 8
b100 6
b1000110101011 <
1*
10
#45230000
0*
00
#45235000
b0 L
b110 E
b0 J
b1000010001 H
b101 6
b0 8
0+
b0 ,
b0 =
b1000110101100 <
1*
10
#45240000
0*
00
#45245000
b1 L
b0 E
b110 6
b1000110101101 <
1*
10
#45250000
0*
00
#45255000
1(
b1 E
b1 J
b1000010000 H
b10000 N
b0 6
b1000110101110 <
1*
10
#45260000
0*
00
#45265000
b1 8
b1 6
b1000110101111 <
1*
10
#45270000
0*
00
#45275000
b10 L
1+
b10 8
b1000110110000 <
1*
10
#45280000
0*
00
#45285000
0%
b10 '
b10 A
b10000 )
b10000 @
b100 L
b10 E
b11 8
b1000110110001 <
1*
10
#45290000
0*
00
#45295000
1%
b1000010000 )
b1000010000 @
b101 L
b100 E
b10 6
b100 8
b10100000000000000000000000000100 ,
b10100000000000000000000000000100 =
b1000110110010 <
1*
10
#45300000
0*
00
#45305000
b0 '
b0 A
0(
b110 L
b10001 N
b101 E
b101 8
b100 6
b1000110110011 <
1*
10
#45310000
0*
00
#45315000
b0 L
b110 E
b0 J
b1000010001 H
b101 6
b0 8
0+
b0 ,
b0 =
b1000110110100 <
1*
10
#45320000
0*
00
#45325000
b1 L
b0 E
b110 6
b1000110110101 <
1*
10
#45330000
0*
00
#45335000
1(
b1 E
b1 J
b1000010000 H
b10000 N
b0 6
b1000110110110 <
1*
10
#45340000
0*
00
#45345000
b1 8
b1 6
b1000110110111 <
1*
10
#45350000
0*
00
#45355000
b10 L
1+
b10 8
b1000110111000 <
1*
10
#45360000
0*
00
#45365000
0%
b10 '
b10 A
b10000 )
b10000 @
b100 L
b10 E
b11 8
b1000110111001 <
1*
10
#45370000
0*
00
#45375000
1%
b1000010000 )
b1000010000 @
b101 L
b100 E
b10 6
b100 8
b10100000000000000000000000000100 ,
b10100000000000000000000000000100 =
b1000110111010 <
1*
10
#45380000
0*
00
#45385000
b0 '
b0 A
0(
b110 L
b10001 N
b101 E
b101 8
b100 6
b1000110111011 <
1*
10
#45390000
0*
00
#45395000
b0 L
b110 E
b0 J
b1000010001 H
b101 6
b0 8
0+
b0 ,
b0 =
b1000110111100 <
1*
10
#45400000
0*
00
#45405000
b1 L
b0 E
b110 6
b1000110111101 <
1*
10
#45410000
0*
00
#45415000
1(
b1 E
b1 J
b1000010000 H
b10000 N
b0 6
b1000110111110 <
1*
10
#45420000
0*
00
#45425000
b1 8
b1 6
b1000110111111 <
1*
10
#45430000
0*
00
#45435000
b10 L
1+
b10 8
b1000111000000 <
1*
10
#45440000
0*
00
#45445000
0%
b10 '
b10 A
b10000 )
b10000 @
b100 L
b10 E
b11 8
b1000111000001 <
1*
10
#45450000
0*
00
#45455000
1%
b1000010000 )
b1000010000 @
b101 L
b100 E
b10 6
b100 8
b10100000000000000000000000000100 ,
b10100000000000000000000000000100 =
b1000111000010 <
1*
10
#45460000
0*
00
#45465000
b0 '
b0 A
0(
b110 L
b10001 N
b101 E
b101 8
b100 6
b1000111000011 <
1*
10
#45470000
0*
00
#45475000
b0 L
b110 E
b0 J
b1000010001 H
b101 6
b0 8
0+
b0 ,
b0 =
b1000111000100 <
1*
10
#45480000
0*
00
#45485000
b1 L
b0 E
b110 6
b1000111000101 <
1*
10
#45490000
0*
00
#45495000
1(
b1 E
b1 J
b1000010000 H
b10000 N
b0 6
b1000111000110 <
1*
10
#45500000
0*
00
#45505000
b1 8
b1 6
b1000111000111 <
1*
10
#45510000
0*
00
#45515000
b10 L
1+
b10 8
b1000111001000 <
1*
10
#45520000
0*
00
#45525000
0%
b10 '
b10 A
b10000 )
b10000 @
b100 L
b10 E
b11 8
b1000111001001 <
1*
10
#45530000
0*
00
#45535000
1%
b1000010000 )
b1000010000 @
b101 L
b100 E
b10 6
b100 8
b10100000000000000000000000000100 ,
b10100000000000000000000000000100 =
b1000111001010 <
1*
10
#45540000
0*
00
#45545000
b0 '
b0 A
0(
b110 L
b10001 N
b101 E
b101 8
b100 6
b1000111001011 <
1*
10
#45550000
0*
00
#45555000
b0 L
b110 E
b0 J
b1000010001 H
b101 6
b0 8
0+
b0 ,
b0 =
b1000111001100 <
1*
10
#45560000
0*
00
#45565000
b1 L
b0 E
b110 6
b1000111001101 <
1*
10
#45570000
0*
00
#45575000
1(
b1 E
b1 J
b1000010000 H
b10000 N
b0 6
b1000111001110 <
1*
10
#45580000
0*
00
#45585000
b1 8
b1 6
b1000111001111 <
1*
10
#45590000
0*
00
#45595000
b10 L
1+
b10 8
b1000111010000 <
1*
10
#45600000
0*
00
#45605000
0%
b10 '
b10 A
b10000 )
b10000 @
b100 L
b10 E
b11 8
b1000111010001 <
1*
10
#45610000
0*
00
#45615000
1%
b1000010000 )
b1000010000 @
b101 L
b100 E
b10 6
b100 8
b10100000000000000000000000000100 ,
b10100000000000000000000000000100 =
b1000111010010 <
1*
10
#45620000
0*
00
#45625000
b0 '
b0 A
0(
b110 L
b10001 N
b101 E
b101 8
b100 6
b1000111010011 <
1*
10
#45630000
0*
00
#45635000
b0 L
b110 E
b0 J
b1000010001 H
b101 6
b0 8
0+
b0 ,
b0 =
b1000111010100 <
1*
10
#45640000
0*
00
#45645000
b1 L
b0 E
b110 6
b1000111010101 <
1*
10
#45650000
0*
00
#45655000
1(
b1 E
b1 J
b1000010000 H
b10000 N
b0 6
b1000111010110 <
1*
10
#45660000
0*
00
#45665000
b1 8
b1 6
b1000111010111 <
1*
10
#45670000
0*
00
#45675000
b10 L
1+
b10 8
b1000111011000 <
1*
10
#45680000
0*
00
#45685000
0%
b10 '
b10 A
b10000 )
b10000 @
b100 L
b10 E
b11 8
b1000111011001 <
1*
10
#45690000
0*
00
#45695000
1%
b1000010000 )
b1000010000 @
b101 L
b100 E
b10 6
b100 8
b10100000000000000000000000000100 ,
b10100000000000000000000000000100 =
b1000111011010 <
1*
10
#45700000
0*
00
#45705000
b0 '
b0 A
0(
b110 L
b10001 N
b101 E
b101 8
b100 6
b1000111011011 <
1*
10
#45710000
0*
00
#45715000
b0 L
b110 E
b0 J
b1000010001 H
b101 6
b0 8
0+
b0 ,
b0 =
b1000111011100 <
1*
10
#45720000
0*
00
#45725000
b1 L
b0 E
b110 6
b1000111011101 <
1*
10
#45730000
0*
00
#45735000
1(
b1 E
b1 J
b1000010000 H
b10000 N
b0 6
b1000111011110 <
1*
10
#45740000
0*
00
#45745000
b1 8
b1 6
b1000111011111 <
1*
10
#45750000
0*
00
#45755000
b10 L
1+
b10 8
b1000111100000 <
1*
10
#45760000
0*
00
#45765000
0%
b10 '
b10 A
b10000 )
b10000 @
b100 L
b10 E
b11 8
b1000111100001 <
1*
10
#45770000
0*
00
#45775000
1%
b1000010000 )
b1000010000 @
b101 L
b100 E
b10 6
b100 8
b10100000000000000000000000000100 ,
b10100000000000000000000000000100 =
b1000111100010 <
1*
10
#45780000
0*
00
#45785000
b0 '
b0 A
0(
b110 L
b10001 N
b101 E
b101 8
b100 6
b1000111100011 <
1*
10
#45790000
0*
00
#45795000
b0 L
b110 E
b0 J
b1000010001 H
b101 6
b0 8
0+
b0 ,
b0 =
b1000111100100 <
1*
10
#45800000
0*
00
#45805000
b1 L
b0 E
b110 6
b1000111100101 <
1*
10
#45810000
0*
00
#45815000
1(
b1 E
b1 J
b1000010000 H
b10000 N
b0 6
b1000111100110 <
1*
10
#45820000
0*
00
#45825000
b1 8
b1 6
b1000111100111 <
1*
10
#45830000
0*
00
#45835000
b10 L
1+
b10 8
b1000111101000 <
1*
10
#45840000
0*
00
#45845000
0%
b10 '
b10 A
b10000 )
b10000 @
b100 L
b10 E
b11 8
b1000111101001 <
1*
10
#45850000
0*
00
#45855000
1%
b1000010000 )
b1000010000 @
b101 L
b100 E
b10 6
b100 8
b10100000000000000000000000000100 ,
b10100000000000000000000000000100 =
b1000111101010 <
1*
10
#45860000
0*
00
#45865000
b0 '
b0 A
0(
b110 L
b10001 N
b101 E
b101 8
b100 6
b1000111101011 <
1*
10
#45870000
0*
00
#45875000
b0 L
b110 E
b0 J
b1000010001 H
b101 6
b0 8
0+
b0 ,
b0 =
b1000111101100 <
1*
10
#45880000
0*
00
#45885000
b1 L
b0 E
b110 6
b1000111101101 <
1*
10
#45890000
0*
00
#45895000
1(
b1 E
b1 J
b1000010000 H
b10000 N
b0 6
b1000111101110 <
1*
10
#45900000
0*
00
#45905000
b1 8
b1 6
b1000111101111 <
1*
10
#45910000
0*
00
#45915000
b10 L
1+
b10 8
b1000111110000 <
1*
10
#45920000
0*
00
#45925000
0%
b10 '
b10 A
b10000 )
b10000 @
b100 L
b10 E
b11 8
b1000111110001 <
1*
10
#45930000
0*
00
#45935000
1%
b1000010000 )
b1000010000 @
b101 L
b100 E
b10 6
b100 8
b10100000000000000000000000000100 ,
b10100000000000000000000000000100 =
b1000111110010 <
1*
10
#45940000
0*
00
#45945000
b0 '
b0 A
0(
b110 L
b10001 N
b101 E
b101 8
b100 6
b1000111110011 <
1*
10
#45950000
0*
00
#45955000
b0 L
b110 E
b0 J
b1000010001 H
b101 6
b0 8
0+
b0 ,
b0 =
b1000111110100 <
1*
10
#45960000
0*
00
#45965000
b1 L
b0 E
b110 6
b1000111110101 <
1*
10
#45970000
0*
00
#45975000
1(
b1 E
b1 J
b1000010000 H
b10000 N
b0 6
b1000111110110 <
1*
10
#45980000
0*
00
#45985000
b1 8
b1 6
b1000111110111 <
1*
10
#45990000
0*
00
#45995000
b10 L
1+
b10 8
b1000111111000 <
1*
10
#46000000
0*
00
#46005000
0%
b10 '
b10 A
b10000 )
b10000 @
b100 L
b10 E
b11 8
b1000111111001 <
1*
10
#46010000
0*
00
#46015000
1%
b1000010000 )
b1000010000 @
b101 L
b100 E
b10 6
b100 8
b10100000000000000000000000000100 ,
b10100000000000000000000000000100 =
b1000111111010 <
1*
10
#46020000
0*
00
#46025000
b0 '
b0 A
0(
b110 L
b10001 N
b101 E
b101 8
b100 6
b1000111111011 <
1*
10
#46030000
0*
00
#46035000
b0 L
b110 E
b0 J
b1000010001 H
b101 6
b0 8
0+
b0 ,
b0 =
b1000111111100 <
1*
10
#46040000
0*
00
#46045000
b1 L
b0 E
b110 6
b1000111111101 <
1*
10
#46050000
0*
00
#46055000
1(
b1 E
b1 J
b1000010000 H
b10000 N
b0 6
b1000111111110 <
1*
10
#46060000
0*
00
#46065000
b1 8
b1 6
b1000111111111 <
1*
10
#46070000
0*
00
#46075000
b10 L
1+
b10 8
b1001000000000 <
1*
10
#46080000
0*
00
#46085000
0%
b10 '
b10 A
b10000 )
b10000 @
b100 L
b10 E
b11 8
b1001000000001 <
1*
10
#46090000
0*
00
#46095000
1%
b1000010000 )
b1000010000 @
b101 L
b100 E
b10 6
b100 8
b10100000000000000000000000000100 ,
b10100000000000000000000000000100 =
b1001000000010 <
1*
10
#46100000
0*
00
#46105000
b0 '
b0 A
0(
b110 L
b10001 N
b101 E
b101 8
b100 6
b1001000000011 <
1*
10
#46110000
0*
00
#46115000
b0 L
b110 E
b0 J
b1000010001 H
b101 6
b0 8
0+
b0 ,
b0 =
b1001000000100 <
1*
10
#46120000
0*
00
#46125000
b1 L
b0 E
b110 6
b1001000000101 <
1*
10
#46130000
0*
00
#46135000
1(
b1 E
b1 J
b1000010000 H
b10000 N
b0 6
b1001000000110 <
1*
10
#46140000
0*
00
#46145000
b1 8
b1 6
b1001000000111 <
1*
10
#46150000
0*
00
#46155000
b10 L
1+
b10 8
b1001000001000 <
1*
10
#46160000
0*
00
#46165000
0%
b10 '
b10 A
b10000 )
b10000 @
b100 L
b10 E
b11 8
b1001000001001 <
1*
10
#46170000
0*
00
#46175000
1%
b1000010000 )
b1000010000 @
b101 L
b100 E
b10 6
b100 8
b10100000000000000000000000000100 ,
b10100000000000000000000000000100 =
b1001000001010 <
1*
10
#46180000
0*
00
#46185000
b0 '
b0 A
0(
b110 L
b10001 N
b101 E
b101 8
b100 6
b1001000001011 <
1*
10
#46190000
0*
00
#46195000
b0 L
b110 E
b0 J
b1000010001 H
b101 6
b0 8
0+
b0 ,
b0 =
b1001000001100 <
1*
10
#46200000
0*
00
#46205000
b1 L
b0 E
b110 6
b1001000001101 <
1*
10
#46210000
0*
00
#46215000
1(
b1 E
b1 J
b1000010000 H
b10000 N
b0 6
b1001000001110 <
1*
10
#46220000
0*
00
#46225000
b1 8
b1 6
b1001000001111 <
1*
10
#46230000
0*
00
#46235000
b10 L
1+
b10 8
b1001000010000 <
1*
10
#46240000
0*
00
#46245000
0%
b10 '
b10 A
b10000 )
b10000 @
b100 L
b10 E
b11 8
b1001000010001 <
1*
10
#46250000
0*
00
#46255000
1%
b1000010000 )
b1000010000 @
b101 L
b100 E
b10 6
b100 8
b10100000000000000000000000000100 ,
b10100000000000000000000000000100 =
b1001000010010 <
1*
10
#46260000
0*
00
#46265000
b0 '
b0 A
0(
b110 L
b10001 N
b101 E
b101 8
b100 6
b1001000010011 <
1*
10
#46270000
0*
00
#46275000
b0 L
b110 E
b0 J
b1000010001 H
b101 6
b0 8
0+
b0 ,
b0 =
b1001000010100 <
1*
10
#46280000
0*
00
#46285000
b1 L
b0 E
b110 6
b1001000010101 <
1*
10
#46290000
0*
00
#46295000
1(
b1 E
b1 J
b1000010000 H
b10000 N
b0 6
b1001000010110 <
1*
10
#46300000
0*
00
#46305000
b1 8
b1 6
b1001000010111 <
1*
10
#46310000
0*
00
#46315000
b10 L
1+
b10 8
b1001000011000 <
1*
10
#46320000
0*
00
#46325000
0%
b10 '
b10 A
b10000 )
b10000 @
b100 L
b10 E
b11 8
b1001000011001 <
1*
10
#46330000
0*
00
#46335000
1%
b1000010000 )
b1000010000 @
b101 L
b100 E
b10 6
b100 8
b10100000000000000000000000000100 ,
b10100000000000000000000000000100 =
b1001000011010 <
1*
10
#46340000
0*
00
#46345000
b0 '
b0 A
0(
b110 L
b10001 N
b101 E
b101 8
b100 6
b1001000011011 <
1*
10
#46350000
0*
00
#46355000
b0 L
b110 E
b0 J
b1000010001 H
b101 6
b0 8
0+
b0 ,
b0 =
b1001000011100 <
1*
10
#46360000
0*
00
#46365000
b1 L
b0 E
b110 6
b1001000011101 <
1*
10
#46370000
0*
00
#46375000
1(
b1 E
b1 J
b1000010000 H
b10000 N
b0 6
b1001000011110 <
1*
10
#46380000
0*
00
#46385000
b1 8
b1 6
b1001000011111 <
1*
10
#46390000
0*
00
#46395000
b10 L
1+
b10 8
b1001000100000 <
1*
10
#46400000
0*
00
#46405000
0%
b10 '
b10 A
b10000 )
b10000 @
b100 L
b10 E
b11 8
b1001000100001 <
1*
10
#46410000
0*
00
#46415000
1%
b1000010000 )
b1000010000 @
b101 L
b100 E
b10 6
b100 8
b10100000000000000000000000000100 ,
b10100000000000000000000000000100 =
b1001000100010 <
1*
10
#46420000
0*
00
#46425000
b0 '
b0 A
0(
b110 L
b10001 N
b101 E
b101 8
b100 6
b1001000100011 <
1*
10
#46430000
0*
00
#46435000
b0 L
b110 E
b0 J
b1000010001 H
b101 6
b0 8
0+
b0 ,
b0 =
b1001000100100 <
1*
10
#46440000
0*
00
#46445000
b1 L
b0 E
b110 6
b1001000100101 <
1*
10
#46450000
0*
00
#46455000
1(
b1 E
b1 J
b1000010000 H
b10000 N
b0 6
b1001000100110 <
1*
10
#46460000
0*
00
#46465000
b1 8
b1 6
b1001000100111 <
1*
10
#46470000
0*
00
#46475000
b10 L
1+
b10 8
b1001000101000 <
1*
10
#46480000
0*
00
#46485000
0%
b10 '
b10 A
b10000 )
b10000 @
b100 L
b10 E
b11 8
b1001000101001 <
1*
10
#46490000
0*
00
#46495000
1%
b1000010000 )
b1000010000 @
b101 L
b100 E
b10 6
b100 8
b10100000000000000000000000000100 ,
b10100000000000000000000000000100 =
b1001000101010 <
1*
10
#46500000
0*
00
#46505000
b0 '
b0 A
0(
b110 L
b10001 N
b101 E
b101 8
b100 6
b1001000101011 <
1*
10
#46510000
0*
00
#46515000
b0 L
b110 E
b0 J
b1000010001 H
b101 6
b0 8
0+
b0 ,
b0 =
b1001000101100 <
1*
10
#46520000
0*
00
#46525000
b1 L
b0 E
b110 6
b1001000101101 <
1*
10
#46530000
0*
00
#46535000
1(
b1 E
b1 J
b1000010000 H
b10000 N
b0 6
b1001000101110 <
1*
10
#46540000
0*
00
#46545000
b1 8
b1 6
b1001000101111 <
1*
10
#46550000
0*
00
#46555000
b10 L
1+
b10 8
b1001000110000 <
1*
10
#46560000
0*
00
#46565000
0%
b10 '
b10 A
b10000 )
b10000 @
b100 L
b10 E
b11 8
b1001000110001 <
1*
10
#46570000
0*
00
#46575000
1%
b1000010000 )
b1000010000 @
b101 L
b100 E
b10 6
b100 8
b10100000000000000000000000000100 ,
b10100000000000000000000000000100 =
b1001000110010 <
1*
10
#46580000
0*
00
#46585000
b0 '
b0 A
0(
b110 L
b10001 N
b101 E
b101 8
b100 6
b1001000110011 <
1*
10
#46590000
0*
00
#46595000
b0 L
b110 E
b0 J
b1000010001 H
b101 6
b0 8
0+
b0 ,
b0 =
b1001000110100 <
1*
10
#46600000
0*
00
#46605000
b1 L
b0 E
b110 6
b1001000110101 <
1*
10
#46610000
0*
00
#46615000
1(
b1 E
b1 J
b1000010000 H
b10000 N
b0 6
b1001000110110 <
1*
10
#46620000
0*
00
#46625000
b1 8
b1 6
b1001000110111 <
1*
10
#46630000
0*
00
#46635000
b10 L
1+
b10 8
b1001000111000 <
1*
10
#46640000
0*
00
#46645000
0%
b10 '
b10 A
b10000 )
b10000 @
b100 L
b10 E
b11 8
b1001000111001 <
1*
10
#46650000
0*
00
#46655000
1%
b1000010000 )
b1000010000 @
b101 L
b100 E
b10 6
b100 8
b10100000000000000000000000000100 ,
b10100000000000000000000000000100 =
b1001000111010 <
1*
10
#46660000
0*
00
#46665000
b0 '
b0 A
0(
b110 L
b10001 N
b101 E
b101 8
b100 6
b1001000111011 <
1*
10
#46670000
0*
00
#46675000
b0 L
b110 E
b0 J
b1000010001 H
b101 6
b0 8
0+
b0 ,
b0 =
b1001000111100 <
1*
10
#46680000
0*
00
#46685000
b1 L
b0 E
b110 6
b1001000111101 <
1*
10
#46690000
0*
00
#46695000
1(
b1 E
b1 J
b1000010000 H
b10000 N
b0 6
b1001000111110 <
1*
10
#46700000
0*
00
#46705000
b1 8
b1 6
b1001000111111 <
1*
10
#46710000
0*
00
#46715000
b10 L
1+
b10 8
b1001001000000 <
1*
10
#46720000
0*
00
#46725000
0%
b10 '
b10 A
b10000 )
b10000 @
b100 L
b10 E
b11 8
b1001001000001 <
1*
10
#46730000
0*
00
#46735000
1%
b1000010000 )
b1000010000 @
b101 L
b100 E
b10 6
b100 8
b10100000000000000000000000000100 ,
b10100000000000000000000000000100 =
b1001001000010 <
1*
10
#46740000
0*
00
#46745000
b0 '
b0 A
0(
b110 L
b10001 N
b101 E
b101 8
b100 6
b1001001000011 <
1*
10
#46750000
0*
00
#46755000
b0 L
b110 E
b0 J
b1000010001 H
b101 6
b0 8
0+
b0 ,
b0 =
b1001001000100 <
1*
10
#46760000
0*
00
#46765000
b1 L
b0 E
b110 6
b1001001000101 <
1*
10
#46770000
0*
00
#46775000
1(
b1 E
b1 J
b1000010000 H
b10000 N
b0 6
b1001001000110 <
1*
10
#46780000
0*
00
#46785000
b1 8
b1 6
b1001001000111 <
1*
10
#46790000
0*
00
#46795000
b10 L
1+
b10 8
b1001001001000 <
1*
10
#46800000
0*
00
#46805000
0%
b10 '
b10 A
b10000 )
b10000 @
b100 L
b10 E
b11 8
b1001001001001 <
1*
10
#46810000
0*
00
#46815000
1%
b1000010000 )
b1000010000 @
b101 L
b100 E
b10 6
b100 8
b10100000000000000000000000000100 ,
b10100000000000000000000000000100 =
b1001001001010 <
1*
10
#46820000
0*
00
#46825000
b0 '
b0 A
0(
b110 L
b10001 N
b101 E
b101 8
b100 6
b1001001001011 <
1*
10
#46830000
0*
00
#46835000
b0 L
b110 E
b0 J
b1000010001 H
b101 6
b0 8
0+
b0 ,
b0 =
b1001001001100 <
1*
10
#46840000
0*
00
#46845000
b1 L
b0 E
b110 6
b1001001001101 <
1*
10
#46850000
0*
00
#46855000
1(
b1 E
b1 J
b1000010000 H
b10000 N
b0 6
b1001001001110 <
1*
10
#46860000
0*
00
#46865000
b1 8
b1 6
b1001001001111 <
1*
10
#46870000
0*
00
#46875000
b10 L
1+
b10 8
b1001001010000 <
1*
10
#46880000
0*
00
#46885000
0%
b10 '
b10 A
b10000 )
b10000 @
b100 L
b10 E
b11 8
b1001001010001 <
1*
10
#46890000
0*
00
#46895000
1%
b1000010000 )
b1000010000 @
b101 L
b100 E
b10 6
b100 8
b10100000000000000000000000000100 ,
b10100000000000000000000000000100 =
b1001001010010 <
1*
10
#46900000
0*
00
#46905000
b0 '
b0 A
0(
b110 L
b10001 N
b101 E
b101 8
b100 6
b1001001010011 <
1*
10
#46910000
0*
00
#46915000
b0 L
b110 E
b0 J
b1000010001 H
b101 6
b0 8
0+
b0 ,
b0 =
b1001001010100 <
1*
10
#46920000
0*
00
#46925000
b1 L
b0 E
b110 6
b1001001010101 <
1*
10
#46930000
0*
00
#46935000
1(
b1 E
b1 J
b1000010000 H
b10000 N
b0 6
b1001001010110 <
1*
10
#46940000
0*
00
#46945000
b1 8
b1 6
b1001001010111 <
1*
10
#46950000
0*
00
#46955000
b10 L
1+
b10 8
b1001001011000 <
1*
10
#46960000
0*
00
#46965000
0%
b10 '
b10 A
b10000 )
b10000 @
b100 L
b10 E
b11 8
b1001001011001 <
1*
10
#46970000
0*
00
#46975000
1%
b1000010000 )
b1000010000 @
b101 L
b100 E
b10 6
b100 8
b10100000000000000000000000000100 ,
b10100000000000000000000000000100 =
b1001001011010 <
1*
10
#46980000
0*
00
#46985000
b0 '
b0 A
0(
b110 L
b10001 N
b101 E
b101 8
b100 6
b1001001011011 <
1*
10
#46990000
0*
00
#46995000
b0 L
b110 E
b0 J
b1000010001 H
b101 6
b0 8
0+
b0 ,
b0 =
b1001001011100 <
1*
10
#47000000
0*
00
#47005000
b1 L
b0 E
b110 6
b1001001011101 <
1*
10
#47010000
0*
00
#47015000
1(
b1 E
b1 J
b1000010000 H
b10000 N
b0 6
b1001001011110 <
1*
10
#47020000
0*
00
#47025000
b1 8
b1 6
b1001001011111 <
1*
10
#47030000
0*
00
#47035000
b10 L
1+
b10 8
b1001001100000 <
1*
10
#47040000
0*
00
#47045000
0%
b10 '
b10 A
b10000 )
b10000 @
b100 L
b10 E
b11 8
b1001001100001 <
1*
10
#47050000
0*
00
#47055000
1%
b1000010000 )
b1000010000 @
b101 L
b100 E
b10 6
b100 8
b10100000000000000000000000000100 ,
b10100000000000000000000000000100 =
b1001001100010 <
1*
10
#47060000
0*
00
#47065000
b0 '
b0 A
0(
b110 L
b10001 N
b101 E
b101 8
b100 6
b1001001100011 <
1*
10
#47070000
0*
00
#47075000
b0 L
b110 E
b0 J
b1000010001 H
b101 6
b0 8
0+
b0 ,
b0 =
b1001001100100 <
1*
10
#47080000
0*
00
#47085000
b1 L
b0 E
b110 6
b1001001100101 <
1*
10
#47090000
0*
00
#47095000
1(
b1 E
b1 J
b1000010000 H
b10000 N
b0 6
b1001001100110 <
1*
10
#47100000
0*
00
#47105000
b1 8
b1 6
b1001001100111 <
1*
10
#47110000
0*
00
#47115000
b10 L
1+
b10 8
b1001001101000 <
1*
10
#47120000
0*
00
#47125000
0%
b10 '
b10 A
b10000 )
b10000 @
b100 L
b10 E
b11 8
b1001001101001 <
1*
10
#47130000
0*
00
#47135000
1%
b1000010000 )
b1000010000 @
b101 L
b100 E
b10 6
b100 8
b10100000000000000000000000000100 ,
b10100000000000000000000000000100 =
b1001001101010 <
1*
10
#47140000
0*
00
#47145000
b0 '
b0 A
0(
b110 L
b10001 N
b101 E
b101 8
b100 6
b1001001101011 <
1*
10
#47150000
0*
00
#47155000
b0 L
b110 E
b0 J
b1000010001 H
b101 6
b0 8
0+
b0 ,
b0 =
b1001001101100 <
1*
10
#47160000
0*
00
#47165000
b1 L
b0 E
b110 6
b1001001101101 <
1*
10
#47170000
0*
00
#47175000
1(
b1 E
b1 J
b1000010000 H
b10000 N
b0 6
b1001001101110 <
1*
10
#47180000
0*
00
#47185000
b1 8
b1 6
b1001001101111 <
1*
10
#47190000
0*
00
#47195000
b10 L
1+
b10 8
b1001001110000 <
1*
10
#47200000
0*
00
#47205000
0%
b10 '
b10 A
b10000 )
b10000 @
b100 L
b10 E
b11 8
b1001001110001 <
1*
10
#47210000
0*
00
#47215000
1%
b1000010000 )
b1000010000 @
b101 L
b100 E
b10 6
b100 8
b10100000000000000000000000000100 ,
b10100000000000000000000000000100 =
b1001001110010 <
1*
10
#47220000
0*
00
#47225000
b0 '
b0 A
0(
b110 L
b10001 N
b101 E
b101 8
b100 6
b1001001110011 <
1*
10
#47230000
0*
00
#47235000
b0 L
b110 E
b0 J
b1000010001 H
b101 6
b0 8
0+
b0 ,
b0 =
b1001001110100 <
1*
10
#47240000
0*
00
#47245000
b1 L
b0 E
b110 6
b1001001110101 <
1*
10
#47250000
0*
00
#47255000
1(
b1 E
b1 J
b1000010000 H
b10000 N
b0 6
b1001001110110 <
1*
10
#47260000
0*
00
#47265000
b1 8
b1 6
b1001001110111 <
1*
10
#47270000
0*
00
#47275000
b10 L
1+
b10 8
b1001001111000 <
1*
10
#47280000
0*
00
#47285000
0%
b10 '
b10 A
b10000 )
b10000 @
b100 L
b10 E
b11 8
b1001001111001 <
1*
10
#47290000
0*
00
#47295000
1%
b1000010000 )
b1000010000 @
b101 L
b100 E
b10 6
b100 8
b10100000000000000000000000000100 ,
b10100000000000000000000000000100 =
b1001001111010 <
1*
10
#47300000
0*
00
#47305000
b0 '
b0 A
0(
b110 L
b10001 N
b101 E
b101 8
b100 6
b1001001111011 <
1*
10
#47310000
0*
00
#47315000
b0 L
b110 E
b0 J
b1000010001 H
b101 6
b0 8
0+
b0 ,
b0 =
b1001001111100 <
1*
10
#47320000
0*
00
#47325000
b1 L
b0 E
b110 6
b1001001111101 <
1*
10
#47330000
0*
00
#47335000
1(
b1 E
b1 J
b1000010000 H
b10000 N
b0 6
b1001001111110 <
1*
10
#47340000
0*
00
#47345000
b1 8
b1 6
b1001001111111 <
1*
10
#47350000
0*
00
#47355000
b10 L
1+
b10 8
b1001010000000 <
1*
10
#47360000
0*
00
#47365000
0%
b10 '
b10 A
b10000 )
b10000 @
b100 L
b10 E
b11 8
b1001010000001 <
1*
10
#47370000
0*
00
#47375000
1%
b1000010000 )
b1000010000 @
b101 L
b100 E
b10 6
b100 8
b10100000000000000000000000000100 ,
b10100000000000000000000000000100 =
b1001010000010 <
1*
10
#47380000
0*
00
#47385000
b0 '
b0 A
0(
b110 L
b10001 N
b101 E
b101 8
b100 6
b1001010000011 <
1*
10
#47390000
0*
00
#47395000
b0 L
b110 E
b0 J
b1000010001 H
b101 6
b0 8
0+
b0 ,
b0 =
b1001010000100 <
1*
10
#47400000
0*
00
#47405000
b1 L
b0 E
b110 6
b1001010000101 <
1*
10
#47410000
0*
00
#47415000
1(
b1 E
b1 J
b1000010000 H
b10000 N
b0 6
b1001010000110 <
1*
10
#47420000
0*
00
#47425000
b1 8
b1 6
b1001010000111 <
1*
10
#47430000
0*
00
#47435000
b10 L
1+
b10 8
b1001010001000 <
1*
10
#47440000
0*
00
#47445000
0%
b10 '
b10 A
b10000 )
b10000 @
b100 L
b10 E
b11 8
b1001010001001 <
1*
10
#47450000
0*
00
#47455000
1%
b1000010000 )
b1000010000 @
b101 L
b100 E
b10 6
b100 8
b10100000000000000000000000000100 ,
b10100000000000000000000000000100 =
b1001010001010 <
1*
10
#47460000
0*
00
#47465000
b0 '
b0 A
0(
b110 L
b10001 N
b101 E
b101 8
b100 6
b1001010001011 <
1*
10
#47470000
0*
00
#47475000
b0 L
b110 E
b0 J
b1000010001 H
b101 6
b0 8
0+
b0 ,
b0 =
b1001010001100 <
1*
10
#47480000
0*
00
#47485000
b1 L
b0 E
b110 6
b1001010001101 <
1*
10
#47490000
0*
00
#47495000
1(
b1 E
b1 J
b1000010000 H
b10000 N
b0 6
b1001010001110 <
1*
10
#47500000
0*
00
#47505000
b1 8
b1 6
b1001010001111 <
1*
10
#47510000
0*
00
#47515000
b10 L
1+
b10 8
b1001010010000 <
1*
10
#47520000
0*
00
#47525000
0%
b10 '
b10 A
b10000 )
b10000 @
b100 L
b10 E
b11 8
b1001010010001 <
1*
10
#47530000
0*
00
#47535000
1%
b1000010000 )
b1000010000 @
b101 L
b100 E
b10 6
b100 8
b10100000000000000000000000000100 ,
b10100000000000000000000000000100 =
b1001010010010 <
1*
10
#47540000
0*
00
#47545000
b0 '
b0 A
0(
b110 L
b10001 N
b101 E
b101 8
b100 6
b1001010010011 <
1*
10
#47550000
0*
00
#47555000
b0 L
b110 E
b0 J
b1000010001 H
b101 6
b0 8
0+
b0 ,
b0 =
b1001010010100 <
1*
10
#47560000
0*
00
#47565000
b1 L
b0 E
b110 6
b1001010010101 <
1*
10
#47570000
0*
00
#47575000
1(
b1 E
b1 J
b1000010000 H
b10000 N
b0 6
b1001010010110 <
1*
10
#47580000
0*
00
#47585000
b1 8
b1 6
b1001010010111 <
1*
10
#47590000
0*
00
#47595000
b10 L
1+
b10 8
b1001010011000 <
1*
10
#47600000
0*
00
#47605000
0%
b10 '
b10 A
b10000 )
b10000 @
b100 L
b10 E
b11 8
b1001010011001 <
1*
10
#47610000
0*
00
#47615000
1%
b1000010000 )
b1000010000 @
b101 L
b100 E
b10 6
b100 8
b10100000000000000000000000000100 ,
b10100000000000000000000000000100 =
b1001010011010 <
1*
10
#47620000
0*
00
#47625000
b0 '
b0 A
0(
b110 L
b10001 N
b101 E
b101 8
b100 6
b1001010011011 <
1*
10
#47630000
0*
00
#47635000
b0 L
b110 E
b0 J
b1000010001 H
b101 6
b0 8
0+
b0 ,
b0 =
b1001010011100 <
1*
10
#47640000
0*
00
#47645000
b1 L
b0 E
b110 6
b1001010011101 <
1*
10
#47650000
0*
00
#47655000
1(
b1 E
b1 J
b1000010000 H
b10000 N
b0 6
b1001010011110 <
1*
10
#47660000
0*
00
#47665000
b1 8
b1 6
b1001010011111 <
1*
10
#47670000
0*
00
#47675000
b10 L
1+
b10 8
b1001010100000 <
1*
10
#47680000
0*
00
#47685000
0%
b10 '
b10 A
b10000 )
b10000 @
b100 L
b10 E
b11 8
b1001010100001 <
1*
10
#47690000
0*
00
#47695000
1%
b1000010000 )
b1000010000 @
b101 L
b100 E
b10 6
b100 8
b10100000000000000000000000000100 ,
b10100000000000000000000000000100 =
b1001010100010 <
1*
10
#47700000
0*
00
#47705000
b0 '
b0 A
0(
b110 L
b10001 N
b101 E
b101 8
b100 6
b1001010100011 <
1*
10
#47710000
0*
00
#47715000
b0 L
b110 E
b0 J
b1000010001 H
b101 6
b0 8
0+
b0 ,
b0 =
b1001010100100 <
1*
10
#47720000
0*
00
#47725000
b1 L
b0 E
b110 6
b1001010100101 <
1*
10
#47730000
0*
00
#47735000
1(
b1 E
b1 J
b1000010000 H
b10000 N
b0 6
b1001010100110 <
1*
10
#47740000
0*
00
#47745000
b1 8
b1 6
b1001010100111 <
1*
10
#47750000
0*
00
#47755000
b10 L
1+
b10 8
b1001010101000 <
1*
10
#47760000
0*
00
#47765000
0%
b10 '
b10 A
b10000 )
b10000 @
b100 L
b10 E
b11 8
b1001010101001 <
1*
10
#47770000
0*
00
#47775000
1%
b1000010000 )
b1000010000 @
b101 L
b100 E
b10 6
b100 8
b10100000000000000000000000000100 ,
b10100000000000000000000000000100 =
b1001010101010 <
1*
10
#47780000
0*
00
#47785000
b0 '
b0 A
0(
b110 L
b10001 N
b101 E
b101 8
b100 6
b1001010101011 <
1*
10
#47790000
0*
00
#47795000
b0 L
b110 E
b0 J
b1000010001 H
b101 6
b0 8
0+
b0 ,
b0 =
b1001010101100 <
1*
10
#47800000
0*
00
#47805000
b1 L
b0 E
b110 6
b1001010101101 <
1*
10
#47810000
0*
00
#47815000
1(
b1 E
b1 J
b1000010000 H
b10000 N
b0 6
b1001010101110 <
1*
10
#47820000
0*
00
#47825000
b1 8
b1 6
b1001010101111 <
1*
10
#47830000
0*
00
#47835000
b10 L
1+
b10 8
b1001010110000 <
1*
10
#47840000
0*
00
#47845000
0%
b10 '
b10 A
b10000 )
b10000 @
b100 L
b10 E
b11 8
b1001010110001 <
1*
10
#47850000
0*
00
#47855000
1%
b1000010000 )
b1000010000 @
b101 L
b100 E
b10 6
b100 8
b10100000000000000000000000000100 ,
b10100000000000000000000000000100 =
b1001010110010 <
1*
10
#47860000
0*
00
#47865000
b0 '
b0 A
0(
b110 L
b10001 N
b101 E
b101 8
b100 6
b1001010110011 <
1*
10
#47870000
0*
00
#47875000
b0 L
b110 E
b0 J
b1000010001 H
b101 6
b0 8
0+
b0 ,
b0 =
b1001010110100 <
1*
10
#47880000
0*
00
#47885000
b1 L
b0 E
b110 6
b1001010110101 <
1*
10
#47890000
0*
00
#47895000
1(
b1 E
b1 J
b1000010000 H
b10000 N
b0 6
b1001010110110 <
1*
10
#47900000
0*
00
#47905000
b1 8
b1 6
b1001010110111 <
1*
10
#47910000
0*
00
#47915000
b10 L
1+
b10 8
b1001010111000 <
1*
10
#47920000
0*
00
#47925000
0%
b10 '
b10 A
b10000 )
b10000 @
b100 L
b10 E
b11 8
b1001010111001 <
1*
10
#47930000
0*
00
#47935000
1%
b1000010000 )
b1000010000 @
b101 L
b100 E
b10 6
b100 8
b10100000000000000000000000000100 ,
b10100000000000000000000000000100 =
b1001010111010 <
1*
10
#47940000
0*
00
#47945000
b0 '
b0 A
0(
b110 L
b10001 N
b101 E
b101 8
b100 6
b1001010111011 <
1*
10
#47950000
0*
00
#47955000
b0 L
b110 E
b0 J
b1000010001 H
b101 6
b0 8
0+
b0 ,
b0 =
b1001010111100 <
1*
10
#47960000
0*
00
#47965000
b1 L
b0 E
b110 6
b1001010111101 <
1*
10
#47970000
0*
00
#47975000
1(
b1 E
b1 J
b1000010000 H
b10000 N
b0 6
b1001010111110 <
1*
10
#47980000
0*
00
#47985000
b1 8
b1 6
b1001010111111 <
1*
10
#47990000
0*
00
#47995000
b10 L
1+
b10 8
b1001011000000 <
1*
10
#48000000
0*
00
#48005000
0%
b10 '
b10 A
b10000 )
b10000 @
b100 L
b10 E
b11 8
b1001011000001 <
1*
10
#48010000
0*
00
#48015000
1%
b1000010000 )
b1000010000 @
b101 L
b100 E
b10 6
b100 8
b10100000000000000000000000000100 ,
b10100000000000000000000000000100 =
b1001011000010 <
1*
10
#48020000
0*
00
#48025000
b0 '
b0 A
0(
b110 L
b10001 N
b101 E
b101 8
b100 6
b1001011000011 <
1*
10
#48030000
0*
00
#48035000
b0 L
b110 E
b0 J
b1000010001 H
b101 6
b0 8
0+
b0 ,
b0 =
b1001011000100 <
1*
10
#48040000
0*
00
#48045000
b1 L
b0 E
b110 6
b1001011000101 <
1*
10
#48050000
0*
00
#48055000
1(
b1 E
b1 J
b1000010000 H
b10000 N
b0 6
b1001011000110 <
1*
10
#48060000
0*
00
#48065000
b1 8
b1 6
b1001011000111 <
1*
10
#48070000
0*
00
#48075000
b10 L
1+
b10 8
b1001011001000 <
1*
10
#48080000
0*
00
#48085000
0%
b10 '
b10 A
b10000 )
b10000 @
b100 L
b10 E
b11 8
b1001011001001 <
1*
10
#48090000
0*
00
#48095000
1%
b1000010000 )
b1000010000 @
b101 L
b100 E
b10 6
b100 8
b10100000000000000000000000000100 ,
b10100000000000000000000000000100 =
b1001011001010 <
1*
10
#48100000
0*
00
#48105000
b0 '
b0 A
0(
b110 L
b10001 N
b101 E
b101 8
b100 6
b1001011001011 <
1*
10
#48110000
0*
00
#48115000
b0 L
b110 E
b0 J
b1000010001 H
b101 6
b0 8
0+
b0 ,
b0 =
b1001011001100 <
1*
10
#48120000
0*
00
#48125000
b1 L
b0 E
b110 6
b1001011001101 <
1*
10
#48130000
0*
00
#48135000
1(
b1 E
b1 J
b1000010000 H
b10000 N
b0 6
b1001011001110 <
1*
10
#48140000
0*
00
#48145000
b1 8
b1 6
b1001011001111 <
1*
10
#48150000
0*
00
#48155000
b10 L
1+
b10 8
b1001011010000 <
1*
10
#48160000
0*
00
#48165000
0%
b10 '
b10 A
b10000 )
b10000 @
b100 L
b10 E
b11 8
b1001011010001 <
1*
10
#48170000
0*
00
#48175000
1%
b1000010000 )
b1000010000 @
b101 L
b100 E
b10 6
b100 8
b10100000000000000000000000000100 ,
b10100000000000000000000000000100 =
b1001011010010 <
1*
10
#48180000
0*
00
#48185000
b0 '
b0 A
0(
b110 L
b10001 N
b101 E
b101 8
b100 6
b1001011010011 <
1*
10
#48190000
0*
00
#48195000
b0 L
b110 E
b0 J
b1000010001 H
b101 6
b0 8
0+
b0 ,
b0 =
b1001011010100 <
1*
10
#48200000
0*
00
#48205000
b1 L
b0 E
b110 6
b1001011010101 <
1*
10
#48210000
0*
00
#48215000
1(
b1 E
b1 J
b1000010000 H
b10000 N
b0 6
b1001011010110 <
1*
10
#48220000
0*
00
#48225000
b1 8
b1 6
b1001011010111 <
1*
10
#48230000
0*
00
#48235000
b10 L
1+
b10 8
b1001011011000 <
1*
10
#48240000
0*
00
#48245000
0%
b10 '
b10 A
b10000 )
b10000 @
b100 L
b10 E
b11 8
b1001011011001 <
1*
10
#48250000
0*
00
#48255000
1%
b1000010000 )
b1000010000 @
b101 L
b100 E
b10 6
b100 8
b10100000000000000000000000000100 ,
b10100000000000000000000000000100 =
b1001011011010 <
1*
10
#48260000
0*
00
#48265000
b0 '
b0 A
0(
b110 L
b10001 N
b101 E
b101 8
b100 6
b1001011011011 <
1*
10
#48270000
0*
00
#48275000
b0 L
b110 E
b0 J
b1000010001 H
b101 6
b0 8
0+
b0 ,
b0 =
b1001011011100 <
1*
10
#48280000
0*
00
#48285000
b1 L
b0 E
b110 6
b1001011011101 <
1*
10
#48290000
0*
00
#48295000
1(
b1 E
b1 J
b1000010000 H
b10000 N
b0 6
b1001011011110 <
1*
10
#48300000
0*
00
#48305000
b1 8
b1 6
b1001011011111 <
1*
10
#48310000
0*
00
#48315000
b10 L
1+
b10 8
b1001011100000 <
1*
10
#48320000
0*
00
#48325000
0%
b10 '
b10 A
b10000 )
b10000 @
b100 L
b10 E
b11 8
b1001011100001 <
1*
10
#48330000
0*
00
#48335000
1%
b1000010000 )
b1000010000 @
b101 L
b100 E
b10 6
b100 8
b10100000000000000000000000000100 ,
b10100000000000000000000000000100 =
b1001011100010 <
1*
10
#48340000
0*
00
#48345000
b0 '
b0 A
0(
b110 L
b10001 N
b101 E
b101 8
b100 6
b1001011100011 <
1*
10
#48350000
0*
00
#48355000
b0 L
b110 E
b0 J
b1000010001 H
b101 6
b0 8
0+
b0 ,
b0 =
b1001011100100 <
1*
10
#48360000
0*
00
#48365000
b1 L
b0 E
b110 6
b1001011100101 <
1*
10
#48370000
0*
00
#48375000
1(
b1 E
b1 J
b1000010000 H
b10000 N
b0 6
b1001011100110 <
1*
10
#48380000
0*
00
#48385000
b1 8
b1 6
b1001011100111 <
1*
10
#48390000
0*
00
#48395000
b10 L
1+
b10 8
b1001011101000 <
1*
10
#48400000
0*
00
#48405000
0%
b10 '
b10 A
b10000 )
b10000 @
b100 L
b10 E
b11 8
b1001011101001 <
1*
10
#48410000
0*
00
#48415000
1%
b1000010000 )
b1000010000 @
b101 L
b100 E
b10 6
b100 8
b10100000000000000000000000000100 ,
b10100000000000000000000000000100 =
b1001011101010 <
1*
10
#48420000
0*
00
#48425000
b0 '
b0 A
0(
b110 L
b10001 N
b101 E
b101 8
b100 6
b1001011101011 <
1*
10
#48430000
0*
00
#48435000
b0 L
b110 E
b0 J
b1000010001 H
b101 6
b0 8
0+
b0 ,
b0 =
b1001011101100 <
1*
10
#48440000
0*
00
#48445000
b1 L
b0 E
b110 6
b1001011101101 <
1*
10
#48450000
0*
00
#48455000
1(
b1 E
b1 J
b1000010000 H
b10000 N
b0 6
b1001011101110 <
1*
10
#48460000
0*
00
#48465000
b1 8
b1 6
b1001011101111 <
1*
10
#48470000
0*
00
#48475000
b10 L
1+
b10 8
b1001011110000 <
1*
10
#48480000
0*
00
#48485000
0%
b10 '
b10 A
b10000 )
b10000 @
b100 L
b10 E
b11 8
b1001011110001 <
1*
10
#48490000
0*
00
#48495000
1%
b1000010000 )
b1000010000 @
b101 L
b100 E
b10 6
b100 8
b10100000000000000000000000000100 ,
b10100000000000000000000000000100 =
b1001011110010 <
1*
10
#48500000
0*
00
#48505000
b0 '
b0 A
0(
b110 L
b10001 N
b101 E
b101 8
b100 6
b1001011110011 <
1*
10
#48510000
0*
00
#48515000
b0 L
b110 E
b0 J
b1000010001 H
b101 6
b0 8
0+
b0 ,
b0 =
b1001011110100 <
1*
10
#48520000
0*
00
#48525000
b1 L
b0 E
b110 6
b1001011110101 <
1*
10
#48530000
0*
00
#48535000
1(
b1 E
b1 J
b1000010000 H
b10000 N
b0 6
b1001011110110 <
1*
10
#48540000
0*
00
#48545000
b1 8
b1 6
b1001011110111 <
1*
10
#48550000
0*
00
#48555000
b10 L
1+
b10 8
b1001011111000 <
1*
10
#48560000
0*
00
#48565000
0%
b10 '
b10 A
b10000 )
b10000 @
b100 L
b10 E
b11 8
b1001011111001 <
1*
10
#48570000
0*
00
#48575000
1%
b1000010000 )
b1000010000 @
b101 L
b100 E
b10 6
b100 8
b10100000000000000000000000000100 ,
b10100000000000000000000000000100 =
b1001011111010 <
1*
10
#48580000
0*
00
#48585000
b0 '
b0 A
0(
b110 L
b10001 N
b101 E
b101 8
b100 6
b1001011111011 <
1*
10
#48590000
0*
00
#48595000
b0 L
b110 E
b0 J
b1000010001 H
b101 6
b0 8
0+
b0 ,
b0 =
b1001011111100 <
1*
10
#48600000
0*
00
#48605000
b1 L
b0 E
b110 6
b1001011111101 <
1*
10
#48610000
0*
00
#48615000
1(
b1 E
b1 J
b1000010000 H
b10000 N
b0 6
b1001011111110 <
1*
10
#48620000
0*
00
#48625000
b1 8
b1 6
b1001011111111 <
1*
10
#48630000
0*
00
#48635000
b10 L
1+
b10 8
b1001100000000 <
1*
10
#48640000
0*
00
#48645000
0%
b10 '
b10 A
b10000 )
b10000 @
b100 L
b10 E
b11 8
b1001100000001 <
1*
10
#48650000
0*
00
#48655000
1%
b1000010000 )
b1000010000 @
b101 L
b100 E
b10 6
b100 8
b10100000000000000000000000000100 ,
b10100000000000000000000000000100 =
b1001100000010 <
1*
10
#48660000
0*
00
#48665000
b0 '
b0 A
0(
b110 L
b10001 N
b101 E
b101 8
b100 6
b1001100000011 <
1*
10
#48670000
0*
00
#48675000
b0 L
b110 E
b0 J
b1000010001 H
b101 6
b0 8
0+
b0 ,
b0 =
b1001100000100 <
1*
10
#48680000
0*
00
#48685000
b1 L
b0 E
b110 6
b1001100000101 <
1*
10
#48690000
0*
00
#48695000
1(
b1 E
b1 J
b1000010000 H
b10000 N
b0 6
b1001100000110 <
1*
10
#48700000
0*
00
#48705000
b1 8
b1 6
b1001100000111 <
1*
10
#48710000
0*
00
#48715000
b10 L
1+
b10 8
b1001100001000 <
1*
10
#48720000
0*
00
#48725000
0%
b10 '
b10 A
b10000 )
b10000 @
b100 L
b10 E
b11 8
b1001100001001 <
1*
10
#48730000
0*
00
#48735000
1%
b1000010000 )
b1000010000 @
b101 L
b100 E
b10 6
b100 8
b10100000000000000000000000000100 ,
b10100000000000000000000000000100 =
b1001100001010 <
1*
10
#48740000
0*
00
#48745000
b0 '
b0 A
0(
b110 L
b10001 N
b101 E
b101 8
b100 6
b1001100001011 <
1*
10
#48750000
0*
00
#48755000
b0 L
b110 E
b0 J
b1000010001 H
b101 6
b0 8
0+
b0 ,
b0 =
b1001100001100 <
1*
10
#48760000
0*
00
#48765000
b1 L
b0 E
b110 6
b1001100001101 <
1*
10
#48770000
0*
00
#48775000
1(
b1 E
b1 J
b1000010000 H
b10000 N
b0 6
b1001100001110 <
1*
10
#48780000
0*
00
#48785000
b1 8
b1 6
b1001100001111 <
1*
10
#48790000
0*
00
#48795000
b10 L
1+
b10 8
b1001100010000 <
1*
10
#48800000
0*
00
#48805000
0%
b10 '
b10 A
b10000 )
b10000 @
b100 L
b10 E
b11 8
b1001100010001 <
1*
10
#48810000
0*
00
#48815000
1%
b1000010000 )
b1000010000 @
b101 L
b100 E
b10 6
b100 8
b10100000000000000000000000000100 ,
b10100000000000000000000000000100 =
b1001100010010 <
1*
10
#48820000
0*
00
#48825000
b0 '
b0 A
0(
b110 L
b10001 N
b101 E
b101 8
b100 6
b1001100010011 <
1*
10
#48830000
0*
00
#48835000
b0 L
b110 E
b0 J
b1000010001 H
b101 6
b0 8
0+
b0 ,
b0 =
b1001100010100 <
1*
10
#48840000
0*
00
#48845000
b1 L
b0 E
b110 6
b1001100010101 <
1*
10
#48850000
0*
00
#48855000
1(
b1 E
b1 J
b1000010000 H
b10000 N
b0 6
b1001100010110 <
1*
10
#48860000
0*
00
#48865000
b1 8
b1 6
b1001100010111 <
1*
10
#48870000
0*
00
#48875000
b10 L
1+
b10 8
b1001100011000 <
1*
10
#48880000
0*
00
#48885000
0%
b10 '
b10 A
b10000 )
b10000 @
b100 L
b10 E
b11 8
b1001100011001 <
1*
10
#48890000
0*
00
#48895000
1%
b1000010000 )
b1000010000 @
b101 L
b100 E
b10 6
b100 8
b10100000000000000000000000000100 ,
b10100000000000000000000000000100 =
b1001100011010 <
1*
10
#48900000
0*
00
#48905000
b0 '
b0 A
0(
b110 L
b10001 N
b101 E
b101 8
b100 6
b1001100011011 <
1*
10
#48910000
0*
00
#48915000
b0 L
b110 E
b0 J
b1000010001 H
b101 6
b0 8
0+
b0 ,
b0 =
b1001100011100 <
1*
10
#48920000
0*
00
#48925000
b1 L
b0 E
b110 6
b1001100011101 <
1*
10
#48930000
0*
00
#48935000
1(
b1 E
b1 J
b1000010000 H
b10000 N
b0 6
b1001100011110 <
1*
10
#48940000
0*
00
#48945000
b1 8
b1 6
b1001100011111 <
1*
10
#48950000
0*
00
#48955000
b10 L
1+
b10 8
b1001100100000 <
1*
10
#48960000
0*
00
#48965000
0%
b10 '
b10 A
b10000 )
b10000 @
b100 L
b10 E
b11 8
b1001100100001 <
1*
10
#48970000
0*
00
#48975000
1%
b1000010000 )
b1000010000 @
b101 L
b100 E
b10 6
b100 8
b10100000000000000000000000000100 ,
b10100000000000000000000000000100 =
b1001100100010 <
1*
10
#48980000
0*
00
#48985000
b0 '
b0 A
0(
b110 L
b10001 N
b101 E
b101 8
b100 6
b1001100100011 <
1*
10
#48990000
0*
00
#48995000
b0 L
b110 E
b0 J
b1000010001 H
b101 6
b0 8
0+
b0 ,
b0 =
b1001100100100 <
1*
10
#49000000
0*
00
#49005000
b1 L
b0 E
b110 6
b1001100100101 <
1*
10
#49010000
0*
00
#49015000
1(
b1 E
b1 J
b1000010000 H
b10000 N
b0 6
b1001100100110 <
1*
10
#49020000
0*
00
#49025000
b1 8
b1 6
b1001100100111 <
1*
10
#49030000
0*
00
#49035000
b10 L
1+
b10 8
b1001100101000 <
1*
10
#49040000
0*
00
#49045000
0%
b10 '
b10 A
b10000 )
b10000 @
b100 L
b10 E
b11 8
b1001100101001 <
1*
10
#49050000
0*
00
#49055000
1%
b1000010000 )
b1000010000 @
b101 L
b100 E
b10 6
b100 8
b10100000000000000000000000000100 ,
b10100000000000000000000000000100 =
b1001100101010 <
1*
10
#49060000
0*
00
#49065000
b0 '
b0 A
0(
b110 L
b10001 N
b101 E
b101 8
b100 6
b1001100101011 <
1*
10
#49070000
0*
00
#49075000
b0 L
b110 E
b0 J
b1000010001 H
b101 6
b0 8
0+
b0 ,
b0 =
b1001100101100 <
1*
10
#49080000
0*
00
#49085000
b1 L
b0 E
b110 6
b1001100101101 <
1*
10
#49090000
0*
00
#49095000
1(
b1 E
b1 J
b1000010000 H
b10000 N
b0 6
b1001100101110 <
1*
10
#49100000
0*
00
#49105000
b1 8
b1 6
b1001100101111 <
1*
10
#49110000
0*
00
#49115000
b10 L
1+
b10 8
b1001100110000 <
1*
10
#49120000
0*
00
#49125000
0%
b10 '
b10 A
b10000 )
b10000 @
b100 L
b10 E
b11 8
b1001100110001 <
1*
10
#49130000
0*
00
#49135000
1%
b1000010000 )
b1000010000 @
b101 L
b100 E
b10 6
b100 8
b10100000000000000000000000000100 ,
b10100000000000000000000000000100 =
b1001100110010 <
1*
10
#49140000
0*
00
#49145000
b0 '
b0 A
0(
b110 L
b10001 N
b101 E
b101 8
b100 6
b1001100110011 <
1*
10
#49150000
0*
00
#49155000
b0 L
b110 E
b0 J
b1000010001 H
b101 6
b0 8
0+
b0 ,
b0 =
b1001100110100 <
1*
10
#49160000
0*
00
#49165000
b1 L
b0 E
b110 6
b1001100110101 <
1*
10
#49170000
0*
00
#49175000
1(
b1 E
b1 J
b1000010000 H
b10000 N
b0 6
b1001100110110 <
1*
10
#49180000
0*
00
#49185000
b1 8
b1 6
b1001100110111 <
1*
10
#49190000
0*
00
#49195000
b10 L
1+
b10 8
b1001100111000 <
1*
10
#49200000
0*
00
#49205000
0%
b10 '
b10 A
b10000 )
b10000 @
b100 L
b10 E
b11 8
b1001100111001 <
1*
10
#49210000
0*
00
#49215000
1%
b1000010000 )
b1000010000 @
b101 L
b100 E
b10 6
b100 8
b10100000000000000000000000000100 ,
b10100000000000000000000000000100 =
b1001100111010 <
1*
10
#49220000
0*
00
#49225000
b0 '
b0 A
0(
b110 L
b10001 N
b101 E
b101 8
b100 6
b1001100111011 <
1*
10
#49230000
0*
00
#49235000
b0 L
b110 E
b0 J
b1000010001 H
b101 6
b0 8
0+
b0 ,
b0 =
b1001100111100 <
1*
10
#49240000
0*
00
#49245000
b1 L
b0 E
b110 6
b1001100111101 <
1*
10
#49250000
0*
00
#49255000
1(
b1 E
b1 J
b1000010000 H
b10000 N
b0 6
b1001100111110 <
1*
10
#49260000
0*
00
#49265000
b1 8
b1 6
b1001100111111 <
1*
10
#49270000
0*
00
#49275000
b10 L
1+
b10 8
b1001101000000 <
1*
10
#49280000
0*
00
#49285000
0%
b10 '
b10 A
b10000 )
b10000 @
b100 L
b10 E
b11 8
b1001101000001 <
1*
10
#49290000
0*
00
#49295000
1%
b1000010000 )
b1000010000 @
b101 L
b100 E
b10 6
b100 8
b10100000000000000000000000000100 ,
b10100000000000000000000000000100 =
b1001101000010 <
1*
10
#49300000
0*
00
#49305000
b0 '
b0 A
0(
b110 L
b10001 N
b101 E
b101 8
b100 6
b1001101000011 <
1*
10
#49310000
0*
00
#49315000
b0 L
b110 E
b0 J
b1000010001 H
b101 6
b0 8
0+
b0 ,
b0 =
b1001101000100 <
1*
10
#49320000
0*
00
#49325000
b1 L
b0 E
b110 6
b1001101000101 <
1*
10
#49330000
0*
00
#49335000
1(
b1 E
b1 J
b1000010000 H
b10000 N
b0 6
b1001101000110 <
1*
10
#49340000
0*
00
#49345000
b1 8
b1 6
b1001101000111 <
1*
10
#49350000
0*
00
#49355000
b10 L
1+
b10 8
b1001101001000 <
1*
10
#49360000
0*
00
#49365000
0%
b10 '
b10 A
b10000 )
b10000 @
b100 L
b10 E
b11 8
b1001101001001 <
1*
10
#49370000
0*
00
#49375000
1%
b1000010000 )
b1000010000 @
b101 L
b100 E
b10 6
b100 8
b10100000000000000000000000000100 ,
b10100000000000000000000000000100 =
b1001101001010 <
1*
10
#49380000
0*
00
#49385000
b0 '
b0 A
0(
b110 L
b10001 N
b101 E
b101 8
b100 6
b1001101001011 <
1*
10
#49390000
0*
00
#49395000
b0 L
b110 E
b0 J
b1000010001 H
b101 6
b0 8
0+
b0 ,
b0 =
b1001101001100 <
1*
10
#49400000
0*
00
#49405000
b1 L
b0 E
b110 6
b1001101001101 <
1*
10
#49410000
0*
00
#49415000
1(
b1 E
b1 J
b1000010000 H
b10000 N
b0 6
b1001101001110 <
1*
10
#49420000
0*
00
#49425000
b1 8
b1 6
b1001101001111 <
1*
10
#49430000
0*
00
#49435000
b10 L
1+
b10 8
b1001101010000 <
1*
10
#49440000
0*
00
#49445000
0%
b10 '
b10 A
b10000 )
b10000 @
b100 L
b10 E
b11 8
b1001101010001 <
1*
10
#49450000
0*
00
#49455000
1%
b1000010000 )
b1000010000 @
b101 L
b100 E
b10 6
b100 8
b10100000000000000000000000000100 ,
b10100000000000000000000000000100 =
b1001101010010 <
1*
10
#49460000
0*
00
#49465000
b0 '
b0 A
0(
b110 L
b10001 N
b101 E
b101 8
b100 6
b1001101010011 <
1*
10
#49470000
0*
00
#49475000
b0 L
b110 E
b0 J
b1000010001 H
b101 6
b0 8
0+
b0 ,
b0 =
b1001101010100 <
1*
10
#49480000
0*
00
#49485000
b1 L
b0 E
b110 6
b1001101010101 <
1*
10
#49490000
0*
00
#49495000
1(
b1 E
b1 J
b1000010000 H
b10000 N
b0 6
b1001101010110 <
1*
10
#49500000
0*
00
#49505000
b1 8
b1 6
b1001101010111 <
1*
10
#49510000
0*
00
#49515000
b10 L
1+
b10 8
b1001101011000 <
1*
10
#49520000
0*
00
#49525000
0%
b10 '
b10 A
b10000 )
b10000 @
b100 L
b10 E
b11 8
b1001101011001 <
1*
10
#49530000
0*
00
#49535000
1%
b1000010000 )
b1000010000 @
b101 L
b100 E
b10 6
b100 8
b10100000000000000000000000000100 ,
b10100000000000000000000000000100 =
b1001101011010 <
1*
10
#49540000
0*
00
#49545000
b0 '
b0 A
0(
b110 L
b10001 N
b101 E
b101 8
b100 6
b1001101011011 <
1*
10
#49550000
0*
00
#49555000
b0 L
b110 E
b0 J
b1000010001 H
b101 6
b0 8
0+
b0 ,
b0 =
b1001101011100 <
1*
10
#49560000
0*
00
#49565000
b1 L
b0 E
b110 6
b1001101011101 <
1*
10
#49570000
0*
00
#49575000
1(
b1 E
b1 J
b1000010000 H
b10000 N
b0 6
b1001101011110 <
1*
10
#49580000
0*
00
#49585000
b1 8
b1 6
b1001101011111 <
1*
10
#49590000
0*
00
#49595000
b10 L
1+
b10 8
b1001101100000 <
1*
10
#49600000
0*
00
#49605000
0%
b10 '
b10 A
b10000 )
b10000 @
b100 L
b10 E
b11 8
b1001101100001 <
1*
10
#49610000
0*
00
#49615000
1%
b1000010000 )
b1000010000 @
b101 L
b100 E
b10 6
b100 8
b10100000000000000000000000000100 ,
b10100000000000000000000000000100 =
b1001101100010 <
1*
10
#49620000
0*
00
#49625000
b0 '
b0 A
0(
b110 L
b10001 N
b101 E
b101 8
b100 6
b1001101100011 <
1*
10
#49630000
0*
00
#49635000
b0 L
b110 E
b0 J
b1000010001 H
b101 6
b0 8
0+
b0 ,
b0 =
b1001101100100 <
1*
10
#49640000
0*
00
#49645000
b1 L
b0 E
b110 6
b1001101100101 <
1*
10
#49650000
0*
00
#49655000
1(
b1 E
b1 J
b1000010000 H
b10000 N
b0 6
b1001101100110 <
1*
10
#49660000
0*
00
#49665000
b1 8
b1 6
b1001101100111 <
1*
10
#49670000
0*
00
#49675000
b10 L
1+
b10 8
b1001101101000 <
1*
10
#49680000
0*
00
#49685000
0%
b10 '
b10 A
b10000 )
b10000 @
b100 L
b10 E
b11 8
b1001101101001 <
1*
10
#49690000
0*
00
#49695000
1%
b1000010000 )
b1000010000 @
b101 L
b100 E
b10 6
b100 8
b10100000000000000000000000000100 ,
b10100000000000000000000000000100 =
b1001101101010 <
1*
10
#49700000
0*
00
#49705000
b0 '
b0 A
0(
b110 L
b10001 N
b101 E
b101 8
b100 6
b1001101101011 <
1*
10
#49710000
0*
00
#49715000
b0 L
b110 E
b0 J
b1000010001 H
b101 6
b0 8
0+
b0 ,
b0 =
b1001101101100 <
1*
10
#49720000
0*
00
#49725000
b1 L
b0 E
b110 6
b1001101101101 <
1*
10
#49730000
0*
00
#49735000
1(
b1 E
b1 J
b1000010000 H
b10000 N
b0 6
b1001101101110 <
1*
10
#49740000
0*
00
#49745000
b1 8
b1 6
b1001101101111 <
1*
10
#49750000
0*
00
#49755000
b10 L
1+
b10 8
b1001101110000 <
1*
10
#49760000
0*
00
#49765000
0%
b10 '
b10 A
b10000 )
b10000 @
b100 L
b10 E
b11 8
b1001101110001 <
1*
10
#49770000
0*
00
#49775000
1%
b1000010000 )
b1000010000 @
b101 L
b100 E
b10 6
b100 8
b10100000000000000000000000000100 ,
b10100000000000000000000000000100 =
b1001101110010 <
1*
10
#49780000
0*
00
#49785000
b0 '
b0 A
0(
b110 L
b10001 N
b101 E
b101 8
b100 6
b1001101110011 <
1*
10
#49790000
0*
00
#49795000
b0 L
b110 E
b0 J
b1000010001 H
b101 6
b0 8
0+
b0 ,
b0 =
b1001101110100 <
1*
10
#49800000
0*
00
#49805000
b1 L
b0 E
b110 6
b1001101110101 <
1*
10
#49810000
0*
00
#49815000
1(
b1 E
b1 J
b1000010000 H
b10000 N
b0 6
b1001101110110 <
1*
10
#49820000
0*
00
#49825000
b1 8
b1 6
b1001101110111 <
1*
10
#49830000
0*
00
#49835000
b10 L
1+
b10 8
b1001101111000 <
1*
10
#49840000
0*
00
#49845000
0%
b10 '
b10 A
b10000 )
b10000 @
b100 L
b10 E
b11 8
b1001101111001 <
1*
10
#49850000
0*
00
#49855000
1%
b1000010000 )
b1000010000 @
b101 L
b100 E
b10 6
b100 8
b10100000000000000000000000000100 ,
b10100000000000000000000000000100 =
b1001101111010 <
1*
10
#49860000
0*
00
#49865000
b0 '
b0 A
0(
b110 L
b10001 N
b101 E
b101 8
b100 6
b1001101111011 <
1*
10
#49870000
0*
00
#49875000
b0 L
b110 E
b0 J
b1000010001 H
b101 6
b0 8
0+
b0 ,
b0 =
b1001101111100 <
1*
10
#49880000
0*
00
#49885000
b1 L
b0 E
b110 6
b1001101111101 <
1*
10
#49890000
0*
00
#49895000
1(
b1 E
b1 J
b1000010000 H
b10000 N
b0 6
b1001101111110 <
1*
10
#49900000
0*
00
#49905000
b1 8
b1 6
b1001101111111 <
1*
10
#49910000
0*
00
#49915000
b10 L
1+
b10 8
b1001110000000 <
1*
10
#49920000
0*
00
#49925000
0%
b10 '
b10 A
b10000 )
b10000 @
b100 L
b10 E
b11 8
b1001110000001 <
1*
10
#49930000
0*
00
#49935000
1%
b1000010000 )
b1000010000 @
b101 L
b100 E
b10 6
b100 8
b10100000000000000000000000000100 ,
b10100000000000000000000000000100 =
b1001110000010 <
1*
10
#49940000
0*
00
#49945000
b0 '
b0 A
0(
b110 L
b10001 N
b101 E
b101 8
b100 6
b1001110000011 <
1*
10
#49950000
0*
00
#49955000
b0 L
b110 E
b0 J
b1000010001 H
b101 6
b0 8
0+
b0 ,
b0 =
b1001110000100 <
1*
10
#49960000
0*
00
#49965000
b1 L
b0 E
b110 6
b1001110000101 <
1*
10
#49970000
0*
00
#49975000
1(
b1 E
b1 J
b1000010000 H
b10000 N
b0 6
b1001110000110 <
1*
10
#49980000
0*
00
#49985000
b1 8
b1 6
b1001110000111 <
1*
10
#49990000
0*
00
#49995000
b10 L
1+
b10 8
b1001110001000 <
1*
10
#50000000
0*
00
#50005000
0%
b10 '
b10 A
b10000 )
b10000 @
b100 L
b10 E
b11 8
b1001110001001 <
1*
10
